RUN ID: 20261010T062725Z-14513
RUN STARTED: 2026-10-10T06:27:25Z
GIT SHA: 3967f405ef73c0d2b069a1f45a17cb71f31467aa
TREE: clean (0 changed paths)
SCOPE: full (539 suites)
RUN RECORD: artifacts/suite_runs/20261010T062725Z-14513.json

JOB: suite-20261010T062725Z-14513 enrolled in the job registry (role work)
== tests/test_acceptance.py
   OK   test_a_baseline_alone_is_not_a_detected_change_and_stale_coverage_fails
   OK   test_a_cycle_proof_nobody_ran_as_a_job_proves_nothing
   OK   test_an_empty_database_fails_every_step_and_says_why
   OK   test_every_step_passes_on_mandated_stored_evidence_and_files_one_report_each
   OK   test_evidence_recorded_without_the_capability_passes_nothing_it_depends_on
   OK   test_the_action_links_fail_without_a_recorded_cycle_or_with_one_concept
   OK   test_the_run_returns_what_the_handler_reads_and_latest_reads_it_back
   OK   test_the_runner_touches_no_network_and_the_handler_import_resolves
   8 passing, 0 failing
== tests/test_acceptance_gates.py
   OK   test_gate_a_audit_identifies_actor_action_and_artifact
   OK   test_gate_a_backup_and_tested_restore_succeed
   OK   test_gate_a_dead_letter_and_backoff_work
   OK   test_gate_a_duplicate_execution_cannot_duplicate_publication_or_spend
   OK   test_gate_a_worker_restart_does_not_lose_durable_jobs
   OK   test_gate_b_a_bad_repeat_fails
   OK   test_gate_b_a_broken_stitch_count_fails
   OK   test_gate_b_a_construction_changing_mutation_is_caught_by_reverse_compilation
   OK   test_gate_b_a_corrected_bug_creates_a_regression_test
   OK   test_gate_b_a_known_good_fixture_compiles
   OK   test_gate_c_an_absent_motif_in_a_listing_image_is_rejected
   OK   test_gate_c_asset_provenance_is_stored
   OK   test_gate_c_unsupported_size_material_and_difficulty_claims_are_blocked
   OK   test_gate_d_ad_budget_breach_is_prevented_and_the_scope_is_paused
   OK   test_gate_d_agent_token_and_cost_ceilings_work
   OK   test_gate_d_contribution_accounting_reconciles_to_test_transactions
   OK   test_gate_d_price_and_promotion_changes_pass_policy_rules
   OK   test_gate_e_a_p1_incident_halts_the_publication_workflow
   OK   test_gate_e_repeated_defect_reports_correlate_into_one_incident
   OK   test_gate_e_routine_support_is_answered_from_the_correct_pattern_version
   OK   test_gate_e_support_cannot_silently_patch_the_cir
   OK   test_gate_f_a_full_product_completes_the_whole_chain_without_intervention
   OK   test_gate_f_nothing_graduated_past_shadow
== tests/test_access.py
   OK   test_a_capability_nobody_granted_is_unavailable_and_says_the_word
   OK   test_a_competitor_photograph_is_refused_outright_and_an_unknown_kind_is_not_guessed
   OK   test_a_request_that_recurs_without_a_ceiling_cannot_be_constructed
   OK   test_a_search_snippet_cannot_close_a_requirement_that_asks_for_observation
   OK   test_access_requests_join_the_one_owner_queue_and_do_not_duplicate_on_re_run
   OK   test_every_request_is_bounded_and_carries_the_directive_format
   OK   test_evidence_labelled_as_observation_is_downgraded_when_nothing_observed_it
   OK   test_the_unmet_report_never_claims_a_substitute_was_used
== tests/test_accessibility.py
   OK   test_a_caption_wraps_rather_than_stretching_a_round_chart_into_a_rectangle
   OK   test_a_chart_too_small_for_a_cue_is_reported_rather_than_shipped
   OK   test_a_round_chart_labels_its_rounds_and_refuses_to_label_a_mixed_one
   OK   test_a_round_charts_footer_names_only_the_marks_it_draws
   OK   test_a_single_colour_chart_carries_no_letters
   OK   test_every_multi_colour_product_in_the_catalogue_carries_the_cue
   OK   test_nothing_the_chart_needs_is_said_only_in_pixels
   OK   test_one_products_missing_cue_does_not_accuse_the_next_product
   OK   test_the_cue_is_the_colours_letter_and_the_legend_agrees
   OK   test_the_written_pattern_names_the_yarn_so_a_translation_has_something_to_carry
   OK   test_two_yarns_that_look_identical_are_still_distinguishable_on_the_chart
== tests/test_activation_authority.py
   /home/user/Project-Money/brambleloop/.venv/lib/python3.11/site-packages/fastapi/testclient.py:1: StarletteDeprecationWarning: Using `httpx` with `starlette.testclient` is deprecated; install `httpx2` instead.
     from starlette.testclient import TestClient as TestClient  # noqa
   OK   test_authority_lifecycle_and_adversarial_mutations
   OK   test_actual_snapshot_and_worker_reject_magic_authority
   2 passed
== tests/test_allocation.py
   OK   test_a_constraint_this_module_cannot_move_is_refused_rather_than_absorbed
   OK   test_a_conversion_constraint_moves_work_to_the_product
   OK   test_a_mix_that_starves_distribution_is_refused_with_the_reason
   OK   test_a_traffic_constraint_moves_work_to_distribution
   OK   test_an_invented_function_is_refused
   OK   test_an_unmeasured_bottleneck_is_not_a_bottleneck
   OK   test_distribution_keeps_its_floor_during_the_build_too
   OK   test_every_mapped_term_says_which_function_and_why
   OK   test_every_mix_this_module_ships_passes_its_own_check
   OK   test_no_constraint_at_all_is_the_mature_mix_rather_than_more_engineering
   OK   test_no_tilt_crosses_a_floor
   OK   test_shares_that_do_not_total_a_week_are_refused
   OK   test_stability_is_evidence_rather_than_a_flag
   OK   test_state_reports_the_mix_and_the_floors
   OK   test_the_mature_mix_does_not_apply_while_the_chain_is_still_moving
   OK   test_the_mature_mix_is_the_requirements_own_numbers
   OK   test_the_platform_is_how_the_work_happens_and_is_not_the_work
   OK   test_the_same_definition_of_stable_as_the_production_queues
   OK   test_the_tilt_costs_whoever_can_spare_it_most
   OK   test_the_weekly_cadence_actually_runs
== tests/test_arbitrage.py
   OK   test_a_dimension_outside_its_own_scale_is_refused
   OK   test_a_fully_measured_market_is_confident
   OK   test_a_market_nobody_has_measured_has_no_score_not_a_zero
   OK   test_a_market_scored_on_too_little_weight_is_withheld_from_the_ranking
   OK   test_a_measured_density_enters_the_score_and_an_unmeasured_one_does_not
   OK   test_an_invented_dimension_is_refused
   OK   test_an_unmeasured_dimension_is_named_rather_than_defaulted
   OK   test_branding_and_aesthetics_are_scored_from_judged_photographs
   OK   test_comparable_confidences_rank_normally
   OK   test_listing_density_is_the_api_index_count_labelled_and_dated
   OK   test_listing_density_is_unmeasured_until_a_search_is_captured
   OK   test_markets_scored_at_different_confidences_are_not_ranked_together
   OK   test_nothing_rankable_says_so_rather_than_returning_an_empty_list
   OK   test_the_score_carries_the_share_of_weight_that_was_measured
   OK   test_the_signals_the_requirement_names_are_carried_even_when_unscored
   OK   test_thin_media_is_counted_from_observed_listings
   OK   test_with_no_observed_listing_the_hunt_is_unmeasurable_not_empty
== tests/test_artefacts.py
   OK   test_a_bare_name_is_not_an_upstream_reference
   OK   test_a_derived_artefact_with_no_inputs_is_a_file
   OK   test_a_mismatch_still_gets_its_own_row_because_each_is_a_defect
   OK   test_a_sentinel_that_can_only_add_incidents_stops_the_company
   OK   test_a_stale_artefact_asks_for_its_own_rebuild
   OK   test_a_sweep_does_not_raise_the_same_incident_twice
   OK   test_a_version_string_is_not_a_fingerprint
   OK   test_an_absence_is_a_backlog_and_a_mismatch_is_a_defect
   OK   test_an_artefact_with_no_provenance_is_unproven_rather_than_fresh
   OK   test_an_upstream_kind_nobody_named_is_refused
   OK   test_an_upstream_with_no_current_fingerprint_cannot_prove_freshness
   OK   test_current_fingerprints_come_from_the_records_that_hold_them
   OK   test_every_artefact_class_the_requirement_names_is_watched
   OK   test_graduation_is_a_count_rather_than_a_judgement
   OK   test_moving_an_upstream_under_a_fresh_artefact_turns_it_stale
   OK   test_provenance_survives_a_restart
   OK   test_recording_the_same_artefact_twice_updates_rather_than_duplicates
   OK   test_state_says_what_absence_means
   OK   test_the_backlog_can_be_enforced_once_it_is_closed
   OK   test_the_backlog_incident_closes_when_the_backlog_does
   OK   test_the_backlog_is_one_incident_carrying_its_size
   OK   test_the_sentinel_cadence_runs_against_artefacts_that_actually_exist
   OK   test_the_sentinel_incident_actually_stops_certification
== tests/test_assembly.py
   OK   test_a_bridging_chain_adds_no_width_of_its_own
   OK   test_a_chain_that_adds_width_says_so_when_the_chain_gauge_is_unknown
   OK   test_a_contradiction_is_decisive
   OK   test_a_derived_length_reports_indeterminate_rather_than_guessing
   OK   test_a_join_compares_the_length_of_both_edges
   OK   test_a_mismatched_join_is_reported_rather_than_eased_away
   OK   test_an_opening_is_a_feature_of_a_piece_not_one_of_its_outer_edges
   OK   test_an_unstated_join_stays_unchecked_instead_of_being_invented
   OK   test_grain_decides_which_way_a_panel_lies_on_the_object
   OK   test_pieces_sewn_onto_a_body_do_not_enlarge_its_silhouette
   OK   test_the_benchmark_body_width_matches_its_own_stitch_count
   OK   test_the_photograph_comparison_never_reports_full
   OK   test_the_predictions_are_computed_and_carry_real_numbers
   OK   test_unobservable_characteristics_are_never_counted_as_agreement
   
   PASS: 0 failing
== tests/test_asset_manifest.py
   OK   test_a_missing_or_malformed_manifest_is_a_refusal_not_a_return_to_filenames
   OK   test_a_replaced_candidate_is_not_the_owners_candidate
   OK   test_a_replaced_portrait_is_refused_rather_than_handed_out
   OK   test_every_committed_image_is_in_the_manifest_and_nothing_else_is
   OK   test_every_manifest_hash_is_the_hash_of_the_file_on_disk
   OK   test_every_role_is_one_of_the_three_and_every_entry_is_dated
   OK   test_exactly_one_asset_is_the_approved_face
   OK   test_the_superseded_body_frames_are_marked_as_such_and_are_not_a_face
== tests/test_author_provenance.py
   .....
   ----------------------------------------------------------------------
   Ran 5 tests in 3.824s
   
   OK
== tests/test_benchmark_garment.py
   OK   test_every_size_compiles_with_no_errors
   OK   test_grading_is_monotonic_in_every_dimension
   OK   test_the_armhole_is_spanned_by_chains_and_declares_its_unworked_stitch
   OK   test_the_back_width_recomputes_from_row_count_and_gauge
   OK   test_the_body_and_sleeves_are_worked_sideways_and_say_so
   OK   test_the_body_fabric_measures_as_a_broken_surface_not_as_stripes
   OK   test_the_cuff_is_slip_stitch_so_the_sleeve_reads_as_a_balloon
   OK   test_the_finished_length_recomputes_from_counts_and_gauge
   OK   test_the_neckband_measures_as_ribbing_rather_than_as_untextured
   OK   test_the_row_count_lands_on_the_patterns_own_total_for_every_size
   OK   test_the_sleeve_can_actually_be_sewn_into_the_armhole
   OK   test_the_whole_garment_is_four_pieces_and_a_complete_assembly
   
   PASS: 0 failing
== tests/test_benchmark_matrix.py
   OK   test_a_department_neither_of_us_sells_is_not_a_proven_market
   OK   test_a_department_we_already_cover_is_not_a_gap
   OK   test_an_observed_department_we_do_not_answer_is_the_row_this_exists_for
   OK   test_an_unobserved_benchmark_cell_is_unknown_rather_than_empty
   OK   test_cells_lead_with_where_the_benchmark_is_deepest
   OK   test_gaps_are_ordered_by_how_much_they_sell_and_how_soon_the_occasion_is
   OK   test_nothing_is_proven_and_unserved_until_somebody_looked
   OK   test_the_depth_this_company_already_measures_is_carried_through
   OK   test_the_observed_count_is_reported_so_the_matrix_can_be_argued_with
   OK   test_the_reader_defaults_to_the_key_the_scanner_actually_writes
== tests/test_benchmark_set.py
   OK   test_a_field_nobody_recorded_is_unmeasured_rather_than_defaulted
   OK   test_a_set_below_its_minimum_is_refused_not_thinned
   OK   test_a_set_reports_itself_stale_and_the_release_comparison_refuses_it
   OK   test_all_pods_reports_a_refusal_per_pod_rather_than_an_empty_set
   OK   test_dimensions_the_vocabulary_cannot_record_are_carried_as_unmeasured
   OK   test_the_release_comparison_rejects_substandard_presentation_and_names_the_unjudged
   OK   test_the_set_is_dated_category_matched_and_ten_dimensions_wide
== tests/test_benchmarks.py
   OK   test_a_cell_below_the_impression_floor_is_refused_too
   OK   test_a_cell_below_the_listing_floor_produces_no_number_at_all
   OK   test_a_cell_keyed_on_a_typo_is_refused_rather_than_silently_empty
   OK   test_a_readable_cell_reports_the_median_rather_than_the_mean
   OK   test_a_refund_rate_from_three_orders_is_a_rumour
   OK   test_a_refund_rate_of_zero_on_no_orders_is_not_good_performance
   OK   test_a_shop_wide_number_may_not_be_used_as_a_baseline
   OK   test_a_stats_export_is_read_strictly_and_ranked_on_what_terms_earned
   OK   test_an_empty_shop_has_no_baseline_anywhere_and_says_which_that_is
   OK   test_an_ornament_and_a_blanket_are_not_the_same_funnel
   OK   test_every_metric_states_what_it_needs_before_it_means_anything
   OK   test_maturity_is_two_counts_rather_than_a_judgement
   OK   test_occupied_cells_are_counted_apart_from_readable_ones
   OK   test_one_axis_is_enough_to_make_two_funnels_different
   OK   test_opportunity_is_ranked_on_contribution_levers_and_no_impressions_is_unmeasured
   OK   test_price_bands_split_inside_the_observed_cluster
   OK   test_season_and_listing_age_are_axes_a_comparison_is_refused_across
   OK   test_state_reports_the_axes_and_the_floors
   OK   test_the_same_cell_measured_twice_is_comparable
== tests/test_bible.py
   OK   test_a_field_the_owner_has_not_answered_yet_is_not_a_list_of_rejections
   OK   test_a_frame_within_every_range_clears
   OK   test_a_judge_that_did_not_answer_is_not_a_pass
   OK   test_a_pack_build_that_could_not_be_frozen_becomes_a_rejected_example
   OK   test_a_question_nobody_could_answer_is_not_within_range
   OK   test_changing_the_rules_is_a_version_event
   OK   test_each_axis_blocks_on_its_own_and_is_named
   OK   test_glamour_styling_on_exactly_the_right_woman_is_still_refused
   OK   test_only_real_booleans_are_read_as_answers
   OK   test_rejected_drift_is_read_from_the_record_and_is_empty_when_nothing_was_refused
   OK   test_the_canonical_pack_is_never_listed_as_drift
   OK   test_the_pack_carries_every_part_the_requirement_names
   OK   test_what_is_asked_for_and_what_is_checked_are_the_same_four_parts
== tests/test_blind_review.py
   OK   test_a_frame_that_does_not_read_at_grid_scale_is_decisive_on_its_own
   OK   test_a_pod_nobody_has_observed_is_unknown_and_unknown_blocks
   OK   test_a_product_with_no_render_is_unknown_not_a_pass
   OK   test_a_row_without_the_fields_the_reader_needs_is_refused
   OK   test_a_single_hero_against_deep_observed_galleries_is_materially_inferior
   OK   test_a_thin_standard_is_unknown_rather_than_easy_to_clear
   OK   test_an_unchecked_frame_leaves_the_decisive_dimension_unjudged
   OK   test_level_on_every_judged_dimension_is_not_inferior_and_cites_its_evidence
   OK   test_our_products_are_routed_by_the_same_router_as_the_benchmark
   OK   test_the_row_written_is_the_row_parity_reads
   OK   test_the_run_writes_one_row_per_product_and_reports_counts
== tests/test_blinded.py
   OK   test_a_balanced_run_above_the_floor_states_a_verdict
   OK   test_a_bundle_is_not_paired_against_a_single_product_concept
   OK   test_a_card_carrying_a_tell_is_refused_rather_than_cleaned
   OK   test_a_card_with_a_hole_in_it_is_identifiable_by_the_hole
   OK   test_a_christmas_title_reads_as_christmas_not_everyday
   OK   test_a_cross_form_pairing_is_refused
   OK   test_a_cross_pod_pairing_is_refused
   OK   test_a_current_run_is_not_marked_superseded
   OK   test_a_field_with_one_value_is_reported_as_a_missing_field
   OK   test_a_gateway_call_moves_the_budget_it_is_checked_against
   OK   test_a_judge_that_always_picks_the_first_option_invalidates_the_run
   OK   test_a_judge_that_does_not_answer_leaves_the_grid_unjudged_not_averaged
   OK   test_a_judge_that_fails_costs_a_pair_and_not_the_run
   OK   test_a_listing_whose_title_says_nothing_does_not_become_an_opponent
   OK   test_a_pick_that_is_not_a_presented_position_is_not_counted
   OK   test_a_run_from_an_older_method_is_reported_as_superseded
   OK   test_a_run_refuses_to_buy_a_measurement_whose_answer_is_already_known
   OK   test_a_run_reports_what_it_judged_and_what_it_cost
   OK   test_a_run_stops_on_the_ceiling_and_keeps_what_it_bought
   OK   test_a_run_whose_concepts_share_no_pod_with_the_benchmark_is_refused
   OK   test_a_run_with_no_observed_benchmark_is_refused
   OK   test_a_thin_grid_or_an_empty_side_is_refused_rather_than_padded
   OK   test_a_thin_run_reports_no_win_rate_however_good_it_looks
   OK   test_a_varied_catalogue_reports_no_fatigue
   OK   test_both_sides_are_described_in_the_same_vocabulary
   OK   test_judgements_are_read_against_the_threshold_and_a_partial_judging_still_fails
   OK   test_losing_is_reported_as_losing
   OK   test_no_slot_can_drown_the_others
   OK   test_nothing_judged_is_unmeasured_and_not_parity
   OK   test_novelty_reports_the_minimum_beside_the_mean
   OK   test_one_concept_cannot_have_a_novelty_distance
   OK   test_the_benchmark_side_is_read_from_facts_and_not_from_its_pattern
   OK   test_the_bias_is_discarded_rather_than_corrected
   OK   test_the_ceiling_reads_one_kind_and_every_writer_uses_it
   OK   test_the_existing_catalogue_measures_as_badly_as_the_owner_says
   OK   test_the_grid_is_blinded_seeded_and_fails_until_a_judge_ranks_it
   OK   test_the_grid_is_judged_by_an_independent_panel_blinded_to_side
   OK   test_the_grid_judges_stop_on_the_ceiling_and_the_grid_stays_unjudged
   OK   test_the_judges_view_carries_neither_side_nor_reference
   OK   test_the_order_is_not_always_the_same_across_pairs
   OK   test_the_overlap_report_names_what_this_catalogue_makes_that_the_benchmark_does_not
   OK   test_the_panel_verdict_is_the_median_not_the_mean_or_the_minimum
   OK   test_the_presentation_order_is_decided_before_anything_reads_the_pair
   OK   test_the_tally_breaks_down_by_pod
   OK   test_theme_fatigue_on_an_empty_catalogue_is_not_a_clean_bill_of_health
   OK   test_weak_renders_fail_the_grid_on_the_panel_median
== tests/test_board.py
   OK   a liveness probe does not count the observer's own process
   OK   a genuinely running job is still counted alongside the observer
   OK   the caller's whole lineage is excluded, not merely its own pid
   OK   a job with no sentinel whose only match is the observer reads STALLED, not RUNNING
   OK   a job that has just finished reads COMPLETE
   OK   a finished job nobody acknowledged becomes COMPLETE_UNREPORTED
   OK   and it carries its age, so the idle time is visible rather than inferred
   OK   and it quotes the RESULT, not merely the fact of completion
   OK   acknowledging clears it, so the state tracks action and not observation
   OK   a failing job is FAILED rather than merely complete
   OK   a job that has written nothing is MISSING rather than assumed running
   OK   a job with no sentinel and a live process is RUNNING
   OK   a finished-but-unread lane is surfaced as needing attention
   OK   the running lane is not reported as needing attention
   OK   a finished lane is reported refillable without anyone having to notice
   OK   the board states the rule it enforces
   OK   a finished-looking log with an unrecognised sentinel is NOT called dead
   OK   and it says which fact is missing rather than inventing one
   OK   it is still pulled to attention, because it cannot be trusted as complete
   OK   it is NOT reported refillable, because completion was never established
   OK   an output with no result and no sentinel and no process is still STALLED
   OK   a log whose bytes cannot be read is EVIDENCE_UNREADABLE, not an exception
   OK   and not MISSING, because writing nothing and refusing to be read differ
   OK   one unreadable lane does not stop the board answering about the others
   OK   the finished lane is still surfaced as finished-and-unread beside it
   OK   the unreadable lane is surfaced and is not refillable
   OK   a copied log with no stamp reads COMPLETE: the 47 minutes are invisible
   OK   and the row discloses that the age is the filesystem's
   OK   with the job's own stamp the same bytes read COMPLETE_UNREPORTED
   OK   and the age is the job's, not the filesystem's
   OK   an ISO 8601 stamp is read too, not only epoch seconds
   OK   a stamp that will not parse is refused rather than read as the epoch
   
     32 passing, 0 failing
== tests/test_board_restart.py
   OK   a fresh process can answer at all after the restart
   OK   the board names every lane of the night it never saw in this process
   OK   and it knows which department each lane was
   OK   and it knows, from the record, that it is not the container they ran on
   OK   the finished lane nobody acted on is COMPLETE_UNREPORTED across the restart
   OK   and it still carries its age, so the idle time is visible and not inferred
   OK   and it still quotes the job's own RESULT line
   OK   the lane the restart killed is INTERRUPTED, not silently 'stalled'
   OK   and it says the restart killed it rather than guessing from a missing process
   OK   the lane whose /tmp log the container reclaimed is EVIDENCE_LOST
   OK   and EVIDENCE_LOST is emphatically not COMPLETE
   OK   and a lane whose completion cannot be established is not offered as refillable
   OK   and it is pulled to attention, because somebody has to decide about it
   OK   the lane whose work reached the branch is INTEGRATED
   OK   and INTEGRATED is computed from git, not read back from the record
   OK   the board says where the durable record is, so the answer can be audited
   OK   and it restates the rule it still enforces
   OK   the persisted record holds no state, status or verdict of any kind
   OK   it holds the authoritative evidence LOCATION
   OK   it holds no pids, which after a restart name a different process or none
   OK   it records the container identity, which is what makes RUNNING re-derivable
   OK   a job enrolled under the default sentinel still reads NO_SENTINEL after a restart
   OK   and a job enrolled under its OWN sentinel convention keeps it across the restart
   OK   a non-default sentinel's exit code is parsed, not recognised by pattern identity
   OK   so a job that failed under its own sentinel convention reads FAILED, not COMPLETE
   OK   and the very same default pattern, recompiled, behaves identically to the original
   OK   on the container it was launched on, a live process still reads RUNNING
   OK   after a restart a new process sharing the marker does NOT make the old job RUNNING
   OK   and no pid from a foreign container is ever reported as this job's
   OK   with the container identity unknowable, the state is STALLED and says the cause was not determined
   OK   before anyone acts, a finished lane is COMPLETE_UNREPORTED and carries its age
   OK   acknowledging records the job's own evidence, not a summary of it
   OK   and the lane then reads COMPLETE_REPORTED: action, not observation
   OK   a completion acted on before the restart is still COMPLETE_REPORTED after it
   OK   and it still quotes the job's own words, copied at the moment somebody acted
   OK   and it says plainly that the evidence file itself is gone
   OK   a job with no terminal evidence CANNOT be acknowledged as complete
   OK   and the refusal names the reason: that would be the watcher asserting completion
   OK   and the lane is not thereby made reportable
   OK   on this container, a job that has written nothing is MISSING
   OK   across a restart the same absent file is EVIDENCE_LOST, which is a different fact
   OK   and it states that completion cannot be established at all for that lane
   OK   a job the registry never heard of is UNENROLLED, not assumed anything
   OK   a lane whose branch is an ancestor of the integration ref is INTEGRATED
   OK   and the integration record names the ref it was computed against
   OK   a lane with commits not in the branch is NOT reported integrated
   OK   and its own evidence state is what it reads instead
   OK   before the squash commit is recorded, the lane's own commits are NOT in the branch
   OK   with the squash commit recorded and verified, the lane reads INTEGRATED
   OK   a recorded merge commit git does not know is INTEGRATION_UNVERIFIED, not INTEGRATED
   OK   and the row says the record could not be verified rather than restating it
   OK   an unverifiable integration is pulled to attention
   OK   a recorded merge that is no longer reachable stops reporting INTEGRATED
   OK   with the branch deleted and no merge recorded, integration is UNKNOWN
   OK   and it is not reported as out of the branch, because that is a different claim
   OK   merged work whose suite failed reads INTEGRATED but keeps its evidence state
   OK   and 'it is in the branch' never erases 'its suite failed'
   OK   the survey lists the integrated lanes it verified
   OK   a corrupt registry reads as empty rather than raising into its caller
   OK   and a survey against it still answers, with nothing in it
   OK   enrolling over a corrupt registry repairs it
   OK   and no temporary file is left beside it
   OK   re-enrolling a lane clears the previous run's acknowledgement
   OK   and clears the previous run's merge record
   OK   forgetting a lane it never had is not an error
   OK   an unreadable log does not take the survey down with it
   OK   the finished lane's own evidence is still read and quoted
   OK   and it is still surfaced as finished-and-unreported
   OK   the unreadable lane is named as unreadable, not complete and not missing
   OK   it says which fact is missing rather than inventing one
   OK   it is pulled to attention
   OK   and it is never reported refillable, because nothing was established
   OK   a record that will not compile is one lane's refusal, not the board's
   OK   and the lane beside it is still answered from its own evidence
   OK   the unreadable record is surfaced and is not refillable
   OK   recall of that one lane refuses in the same words rather than raising
   OK   with no stamp the age is the mtime's, and the copied log reads merely COMPLETE
   OK   with the job's own stamp the same log is COMPLETE_UNREPORTED again
   OK   and the row says the age came from the job rather than from the filesystem
   OK   the stamp convention survives the restart with the job, as the sentinel does
   OK   a stamped lane is surfaced by a survey that was handed no job list
   OK   a stamp that will not parse falls back to the mtime and discloses it
   
     82 passing, 0 failing
== tests/test_books_basis_truth.py
   OK   test_unit_economics_reports_the_cost_basis
   OK   test_cfo_never_says_the_cost_is_known_when_it_is_modelled
   2 passed
== tests/test_brand.py
   OK   test_a_coherent_grid_passes
   OK   test_a_frame_claiming_a_size_the_pattern_does_not_produce_is_blocked
   OK   test_a_grid_where_every_listing_picked_its_own_colours_is_flagged
   OK   test_a_short_frame_plan_is_rejected
   OK   test_an_ai_lifestyle_concept_can_never_be_the_hero
   OK   test_an_incomplete_storefront_is_caught
   OK   test_an_underspecified_model_brief_is_rejected
   OK   test_collection_names_follow_the_grammar
   OK   test_every_frame_survives_asset_truth
   OK   test_every_pool_category_lands_in_a_section
   OK   test_marketplace_filler_names_are_rejected
   OK   test_mixed_hero_treatments_are_flagged
   OK   test_the_fabric_render_cannot_invent_a_colour
   OK   test_the_fabric_render_shows_the_motif_rather_than_stripes
   OK   test_the_frame_plan_answers_the_questions_that_stop_a_purchase
   OK   test_the_hero_is_a_render_that_admits_it_is_a_render
   OK   test_the_model_brief_fixes_every_continuity_trait
   OK   test_the_model_is_refused_where_product_first_imagery_is_stronger
   OK   test_the_model_may_not_be_built_as_a_likeness_of_a_real_person
   OK   test_the_palette_is_the_owners_palette
   OK   test_the_refund_policy_says_plainly_that_a_pattern_cannot_be_returned
   OK   test_the_size_frame_claims_the_twins_size_and_not_a_rounder_one
   OK   test_the_storefront_is_complete_before_anything_is_published
== tests/test_breakthrough.py
   OK   test_a_balanced_allocation_passes
   OK   test_a_brief_claiming_a_market_gap_without_a_market_is_refused
   OK   test_a_portfolio_that_is_secretly_one_lane_is_refused
   OK   test_an_all_breakthrough_portfolio_is_refused_too
   OK   test_an_ordinary_brief_is_not_policed_for_language
   OK   test_every_axis_the_requirement_names_produces_a_brief
   OK   test_observed_listings_upgrade_the_claim
   OK   test_the_lanes_must_be_the_whole_portfolio
   OK   test_the_same_claim_is_allowed_once_the_market_has_been_observed
   OK   test_the_seasonal_axis_offers_occasions_not_already_worked
   OK   test_the_state_says_what_this_company_may_currently_claim
   OK   test_the_vocabulary_excludes_what_is_already_covered
   OK   test_with_nothing_observed_the_divergence_is_against_our_own_catalogue
== tests/test_brief.py
   OK   test_a_brief_names_the_evidence_it_came_from
   OK   test_a_brief_silent_about_a_category_is_refused
   OK   test_a_category_outside_the_closed_list_is_refused
   OK   test_a_deliverable_nobody_ships_is_the_expensive_one
   OK   test_a_different_checker_is_independent
   OK   test_a_stage_that_does_not_exist_is_refused
   OK   test_an_asset_truth_comparison_before_the_creative_has_compared_nothing
   OK   test_an_empty_allowance_is_a_real_constraint_rather_than_silence
   OK   test_an_unnamed_maker_or_checker_settles_nothing
   OK   test_every_category_the_requirement_names_is_constrained
   OK   test_every_stage_of_the_required_flow_is_present_in_order
   OK   test_going_backwards_is_a_real_thing_that_restarts_rather_than_continues
   OK   test_invention_is_caught_in_each_category_not_only_motifs
   OK   test_one_stage_at_a_time_advances
   OK   test_showing_less_than_the_truth_is_allowed
   OK   test_showing_more_than_the_truth_is_invention
   OK   test_skipping_the_brief_is_refused_because_a_later_brief_is_a_caption
   OK   test_state_states_the_one_way_rule
   OK   test_the_asset_truth_comparison_cannot_be_signed_off_by_its_author
== tests/test_build2.py
   OK   test_a_registry_that_lost_a_requirement_is_refused
   OK   test_a_shop_gate_does_not_open_on_a_variable_alone
   OK   test_business_continuity_is_registered_as_the_owner_flagged_it
   OK   test_every_executable_requirement_is_listed_not_a_slice_of_them
   OK   test_every_requirement_carries_its_spec_text_and_a_reason
   OK   test_remaining_work_excludes_nothing_that_claude_can_actually_build
   OK   test_sections_account_for_every_requirement_exactly_once
   OK   test_the_console_reports_the_work_that_is_left_not_zero
   OK   test_the_console_separates_ready_work_from_work_parked_on_a_gate
   OK   test_the_console_tile_uses_the_computed_field
   OK   test_the_mandatory_mjs_mission_is_present_and_not_quietly_generalised
   OK   test_the_registry_is_a_complete_unbroken_spine_of_all_320
== tests/test_buyer_trust.py
   OK   test_a_complete_current_entry_is_usable_proof
   OK   test_a_correction_notice_is_prepared_and_never_sent
   OK   test_a_gallery_added_to_every_listing_measures_the_month_it_was_added
   OK   test_a_gallery_mixing_pattern_versions_says_so
   OK   test_a_gallery_of_renders_is_honest_and_is_not_proof
   OK   test_a_photograph_of_a_real_object_records_the_yarn_it_was_made_in
   OK   test_a_photograph_of_an_older_version_is_real_and_proof_of_a_different_object
   OK   test_a_record_that_did_not_come_through_record_image_is_still_refused
   OK   test_a_testers_photograph_needs_recorded_consent_before_it_is_a_record
   OK   test_an_empty_gallery_is_empty_rather_than_thin
   OK   test_an_image_without_a_pattern_version_cannot_be_invalidated_by_a_correction
   OK   test_confusion_is_a_listing_defect_rather_than_a_cost_of_doing_business
   OK   test_every_required_disclosure_is_named_and_a_missing_one_is_reported
   OK   test_the_colourway_is_what_a_browser_is_choosing_from
   OK   test_the_design_decides_what_the_lift_may_be_called
   OK   test_the_digital_disclosure_belongs_in_the_title
   OK   test_the_order_to_version_map_is_written_at_sale_time
== tests/test_calibration.py
   OK   test_a_forecast_dated_after_the_period_is_refused_too
   OK   test_a_forecast_dated_inside_its_own_period_is_refused
   OK   test_a_forecast_made_the_day_before_is_fine
   OK   test_a_history_of_unexposed_periods_caps_nothing
   OK   test_a_small_miss_in_either_direction_is_accurate
   OK   test_a_zero_or_negative_term_is_refused
   OK   test_an_unexposed_period_is_excluded_not_scored
   OK   test_an_unmeasured_term_lands_in_unexplained_rather_than_on_conversion
   OK   test_comparing_two_different_periods_is_refused
   OK   test_every_term_the_requirement_names_is_present
   OK   test_one_comparison_is_not_a_calibration
   OK   test_one_good_month_does_not_erase_a_year_of_optimism
   OK   test_optimism_costs_more_than_pessimism_of_the_same_size
   OK   test_optimistic_and_pessimistic_are_named_not_averaged_away
   OK   test_recovery_needs_a_run_and_arrives_one_step_at_a_time
   OK   test_state_says_what_today_actually_looks_like
   OK   test_term_bias_reports_direction_and_unmeasured_is_not_unbiased
   OK   test_terms_that_do_not_reconstruct_the_revenue_are_refused
   OK   test_the_ceiling_binds_the_one_confidence_number_and_only_downward
   OK   test_the_ceiling_can_never_exceed_the_prior
   OK   test_the_ceiling_has_a_floor_rather_than_reaching_zero
   OK   test_the_contributions_sum_exactly_to_the_total_error
   OK   test_the_decomposition_does_not_depend_on_the_order_of_the_terms
   OK   test_the_penalty_applies_without_anybody_agreeing_to_it
   OK   test_the_same_zero_with_listings_up_is_a_real_miss
   OK   test_this_module_produces_a_ceiling_and_never_a_probability
   OK   test_unmeasured_terms_say_so_rather_than_reading_as_unbiased
== tests/test_canon_manifest.py
   OK test_the_manifest_verifies_and_names_laura
   OK test_every_entry_hashes_sizes_and_measures_independently
   OK test_every_file_under_canonical_is_listed
   OK test_revision_two_is_the_face_plus_the_approved_v6_body_by_bytes
   OK test_the_approved_face_is_unchanged_and_is_the_pack_face
   OK test_missing_v15_frames_are_declared_not_synthesised
   OK test_v6_is_never_claimed_to_be_v15
   OK test_a_changed_byte_in_any_canonical_or_historical_asset_fails
   OK test_a_deleted_asset_fails
   OK test_a_changed_identity_id_or_unrecorded_decision_fails
   OK test_marking_an_asset_publication_approved_in_the_manifest_alone_fails
   OK test_identity_decisions_are_recorded_in_the_decision_log
   OK test_historical_and_superseded_hashes_are_forbidden_references
   OK test_a_historical_frame_is_never_returned_as_a_verified_reference
   OK test_laura_cannot_be_replaced_or_redesigned_without_an_owner_decision
   OK test_a_portrait_repair_of_laura_is_refused_without_an_owner_decision
   OK test_freezing_any_build_but_v15_is_refused
   OK test_the_pack_procedure_label_is_not_the_identity
   OK test_the_revision_is_adopted_once_and_only_as_recorded
   OK test_the_revision_decision_cannot_carry_other_bytes
   OK test_the_revision_approves_no_publication_and_waives_no_gate
   OK test_a_similar_woman_is_not_laura
   OK test_the_frame_gate_holds_laura_to_every_locked_face_dimension
   OK test_preserving_assets_flips_no_customer_readiness
   OK test_photorealism_still_fails_closed
== tests/test_canon_store_brand_face.py
   OK test_brand_face_surface_references_the_canonical_identity
   OK test_brand_face_is_never_ready
   OK test_usage_plan_is_judged_not_everywhere
   OK test_customer_use_of_her_canonical_portrait_is_refused
   OK test_a_replaced_portrait_never_reaches_the_preview
   OK test_brand_face_variant_is_labelled_safe_and_self_contained
   OK test_standard_variant_is_unchanged_and_has_no_laura
   OK test_brand_face_board_shows_etsy_crops_with_bases
   OK test_preview_copy_about_laura_is_truthful
   OK test_lint_allows_her_true_identity_and_fails_human_claims
   OK test_summary_lists_the_variant_and_stays_not_live
== tests/test_capability_gates.py
   OK   test_a_column_read_from_one_frame_is_absent_rather_than_thin
   OK   test_a_configured_browser_is_not_a_usable_one
   OK   test_a_judged_image_opens_the_vision_gate
   OK   test_a_model_answering_the_wrong_question_is_counted_as_a_failure
   OK   test_a_pod_with_nothing_judged_says_so_rather_than_looking_quiet
   OK   test_a_real_page_opens_the_gate_and_nothing_else_does
   OK   test_a_run_that_judged_nothing_says_so_instead_of_looking_empty
   OK   test_a_short_body_is_a_challenge_page_rather_than_a_page
   OK   test_a_two_hundred_carrying_an_apology_is_not_a_capability
   OK   test_a_vision_probe_with_no_image_refuses_rather_than_passing
   OK   test_an_answer_outside_the_vocabulary_is_refused_rather_than_filtered
   OK   test_an_unconfigured_browser_is_a_gate_and_not_an_outage
   OK   test_capability_proven_and_catalogue_looked_at_are_different_numbers
   OK   test_no_gate_in_the_table_opens_on_an_environment_variable_alone
   OK   test_one_image_per_call_because_a_batch_answers_about_the_set
   OK   test_prose_instead_of_json_is_refused
   OK   test_the_derived_columns_cannot_carry_a_depicted_subject
   OK   test_the_map_reads_vision_from_evidence_rather_than_defaulting_to_false
   OK   test_the_probe_looks_at_an_observed_image_rather_than_a_constant
   OK   test_the_question_never_asks_what_the_product_depicts
   OK   test_the_split_gates_hold_what_they_say_they_hold
   OK   test_the_worker_is_told_to_respect_robots_and_identify_itself
== tests/test_cast.py
   OK   test_a_category_both_admitted_and_excluded_answers_nothing
   OK   test_a_falling_borrowed_share_is_the_direction_the_requirement_asks_for
   OK   test_a_name_with_no_description_is_refused
   OK   test_a_new_element_is_proposed_and_says_what_it_still_needs
   OK   test_a_primitive_that_is_not_one_is_refused
   OK   test_a_protected_token_hidden_in_a_primitive_is_refused_too
   OK   test_a_protected_token_in_the_description_is_refused_however_original_the_name
   OK   test_a_retired_element_does_not_quietly_come_back
   OK   test_a_rising_borrowed_share_names_what_it_costs
   OK   test_a_world_answers_for_a_product_it_has_never_seen
   OK   test_a_world_needs_a_premise_somebody_could_design_against
   OK   test_a_world_that_admits_nothing_is_a_label_for_what_already_exists
   OK   test_an_appearance_must_name_its_season
   OK   test_an_element_becomes_recurring_by_having_recurred
   OK   test_an_element_can_be_retired_and_a_roster_that_only_grows_never_does
   OK   test_an_element_with_no_recorded_primitives_is_refused
   OK   test_an_invented_kind_is_refused
   OK   test_an_unchanged_share_is_flat_and_flat_is_not_progress
   OK   test_an_undecided_category_is_a_decision_rather_than_a_yes
   OK   test_appearances_in_one_season_are_not_enough_however_many
   OK   test_dependence_refuses_to_answer_from_one_reading
   OK   test_dependence_with_no_history_at_all_says_so
   OK   test_every_kind_the_requirement_names_is_present
   OK   test_every_primitive_key_comes_from_the_translation_engine
   OK   test_one_product_cannot_be_counted_twice_toward_recurrence
   OK   test_retiring_needs_a_reason
   OK   test_state_says_the_roster_is_empty_rather_than_implying_otherwise
   OK   test_the_check_uses_word_boundaries_rather_than_substrings
   OK   test_the_roster_counts_recurring_apart_from_proposed
   OK   test_there_is_no_field_that_promotes_an_element_to_recurring
== tests/test_cert_benchmark_challenge.py
   OK   test_a_benchmark_in_another_category_is_not_a_match
   OK   test_a_product_at_least_level_on_every_critical_dimension_passes
   OK   test_materially_inferior_on_a_critical_dimension_blocks
   OK   test_our_product_never_audited_blocks_rather_than_passing_by_omission
   OK   test_the_category_comes_from_the_concept_seed_not_the_slug_family
   
   PASS: 0 failing
== tests/test_cert_benchmark_health_api.py
   OK   test_a_name_etsy_cannot_find_exactly_is_unreachable_not_healthy
   OK   test_a_shop_whose_own_url_names_someone_else_is_wrong_shop_and_opens_an_incident
   OK   test_no_credential_stays_unverified
   OK   test_the_named_shop_reported_by_etsy_reads_healthy_without_a_browser
   
   PASS: 0 failing
== tests/test_cert_claude_independence.py
   OK   test_the_runtime_import_closure_names_no_claude_session_artefact
   OK   test_the_deployed_image_and_start_command_carry_no_session_state
   OK   test_production_start_command_runs_kills_and_resumes_without_this_session
   OK   test_split_services_do_the_same_work_as_separate_processes
   4/4 passed in 542s
== tests/test_cert_commerce.py
   OK   test_the_chain_certifies_prices_drafts_and_refuses_to_publish
   OK   test_the_certificate_carries_the_platform_policy_stamp
   OK   test_a_recorded_policy_reading_is_stamped_on_the_next_certificate
   OK   test_pricing_fees_come_from_the_fee_schedule_and_the_literals_agree
   OK   test_the_ai_disclosure_error_fires_only_when_owed_and_absent
   OK   test_the_chain_checks_its_listing_for_the_ai_disclosure_it_owes
   OK   test_store_publish_refuses_in_shadow_before_touching_etsy_storage_or_hashes
   OK   test_missing_taxonomy_is_refused_without_a_default
   OK   test_past_shadow_publish_runs_at_all_without_a_test_shim
   OK   test_past_shadow_an_identical_rerender_passes_the_hash_check_and_reaches_upload
   OK   test_past_shadow_a_drifted_rerender_is_refused_before_any_upload
   OK   test_past_shadow_a_release_with_no_certified_hash_is_refused
   OK   test_a_physically_calibrated_release_can_still_be_published
   OK   test_the_shipped_us_and_uk_documents_pass_the_deliverable_qa
   14/14 passed in 219s
== tests/test_cert_commerce_readings.py
   OK   test_each_gated_library_is_now_reached_from_the_runtime
   OK   test_the_readings_job_is_scheduled_permitted_and_runs_every_library
   
   PASS: 0 failing
== tests/test_cert_competitive_weakness.py
   OK   test_competitive_weakness_is_measured_relative_to_the_most_crowded_occasion
   OK   test_every_seasonal_event_has_a_capture_query
   OK   test_with_no_capture_every_occasion_stays_unmeasured
   
   PASS: 0 failing
== tests/test_cert_cost.py
   OK   test_a_failing_image_provider_releases_without_billing
   OK   test_a_failing_model_provider_releases_without_billing
   OK   test_a_nonsense_estimate_cannot_pass_a_full_month
   OK   test_a_provider_ceiling_binds_on_spend_made_through_the_model_gateway
   OK   test_a_successful_image_render_releases_with_its_price
   OK   test_agent_daily_ceiling_refuses_and_names_itself
   OK   test_an_entry_in_either_table_is_enforced
   OK   test_an_unpriced_anthropic_model_is_refused_not_priced_at_zero
   OK   test_empty_provider_and_department_tables_report_no_cap
   OK   test_every_production_model_gateway_is_constructed_with_a_registry
   OK   test_exhausted_month_refuses_before_the_image_provider_is_called
   OK   test_exhausted_month_refuses_before_the_model_provider_is_called
   OK   test_gateway_records_estimate_beside_actual_and_the_ledger_reconciles
   OK   test_release_returns_headroom_and_cannot_be_replayed
   OK   test_the_model_gateway_refuses_an_unpriced_model_rather_than_pricing_it_at_zero
   OK   test_two_holders_cannot_together_exceed_a_provider_ceiling
   OK   test_two_holders_cannot_together_exceed_an_agents_daily_ceiling
   OK   test_two_holders_cannot_together_exceed_the_monthly_ceiling
   OK   test_unknown_image_providers_are_refused_before_any_request
   0 failed
== tests/test_cert_culture_teardown.py
   OK   test_a_closing_window_exits_on_make_time_even_while_interest_is_rising
   OK   test_a_declining_signal_exits_with_its_lesson_and_its_candidates_are_withdrawn
   OK   test_a_launched_concept_carries_its_measured_outcomes_back_to_its_signal
   OK   test_a_premise_carrying_a_declared_token_is_kept_as_a_rejection_not_a_candidate
   OK   test_a_property_topic_goes_to_the_original_lane_and_its_title_never_reaches_a_premise
   OK   test_a_strong_dated_signal_gets_the_rapid_cell_and_nothing_past_creative_development
   OK   test_a_thinly_observed_signal_is_scored_and_remembered_but_not_developed
   OK   test_an_unreadable_topic_is_recorded_and_not_given_invented_primitives
   invalid pdf header: b'PDF'
   EOF marker not found
   EOF marker not found
   OK   test_intake_runs_the_promise_audit_prefills_the_audits_and_writes_the_manifest
   OK   test_our_own_product_is_qa_checked_for_unique_value_and_delight
   /home/user/Project-Money/brambleloop/.venv/lib/python3.11/site-packages/fastapi/testclient.py:1: StarletteDeprecationWarning: Using `httpx` with `starlette.testclient` is deprecated; install `httpx2` instead.
     from starlette.testclient import TestClient as TestClient  # noqa
   OK   test_the_audit_route_records_findings_promotes_each_and_asks_the_delight_question
   OK   test_the_audit_route_refuses_a_partial_schedule_and_an_unknown_benchmark
   OK   test_the_clearance_lane_refuses_a_hope_and_accepts_a_recorded_basis
   OK   test_the_finding_route_refuses_competitor_text_and_records_a_governance_refusal
   OK   test_the_manifest_and_clearance_routes_write_and_are_authenticated
   OK   test_the_sweep_handler_translates_scores_clears_and_persists_what_it_stored
   0 failed
== tests/test_cert_dashboard.py
   /home/user/Project-Money/brambleloop/.venv/lib/python3.11/site-packages/fastapi/testclient.py:1: StarletteDeprecationWarning: Using `httpx` with `starlette.testclient` is deprecated; install `httpx2` instead.
     from starlette.testclient import TestClient as TestClient  # noqa
   OK   test_status_numbers_equal_sql
   OK   test_console_numbers_equal_sql
   OK   test_incidents_numbers_equal_sql
   OK   test_spend_report_numbers_equal_sql
   OK   test_build2_counts_equal_the_registry_file
   OK   test_closure_counts_sum_to_320_and_match_its_rows
   OK   test_dashboard_cards_equal_sql
   OK   test_dashboard_never_claims_no_spend_limits
   OK   test_refusal_only_dead_letters_render_zero_defects
   OK   test_the_headline_leads_with_commercial_truth_and_demotes_volume
   OK   test_a_certified_product_that_fails_launch_criteria_is_not_launch_cleared
   OK   test_every_headline_kpi_carries_its_evidence_envelope
   OK   test_the_ca5k_card_reads_unmeasured_rather_than_zero
   OK   test_every_block_renders_an_as_of_time
   OK   test_the_header_names_the_commit_and_the_last_clean_verification
   OK   test_one_owner_surface_and_no_card_unblocks_nothing
   OK   test_a_legacy_row_for_a_closed_gate_merges_into_its_card_rather_than_duplicating
   OK   test_a_satisfied_gate_and_its_open_shop_action_never_both_render
   18/18 passed in 168s
== tests/test_cert_dependencies.py
   OK   test_the_dependency_sweep_is_scheduled_granted_and_banded
   OK   test_failed_probes_and_an_unproved_recovery_are_raised_and_resolve_when_fixed
   OK   test_the_railway_probe_reads_the_health_record_or_says_unknown
   OK   test_a_billed_provider_the_map_does_not_name_is_raised
   OK   test_one_ai_provider_carrying_all_the_spend_is_raised_as_existential
   OK   test_spend_without_a_validated_pattern_is_an_incident_and_caps_the_lane
   OK   test_below_the_spend_floor_the_ratio_is_noise_and_nothing_acts
   
   PASS: 0 failing
== tests/test_cert_design.py
   OK   test_every_fresh_concept_compiles_writes_reverses_and_certifies
   OK   test_prototype_stage_passes_all_ten_and_kills_nothing
   OK   test_release_chain_grants_all_ten
   OK   test_fresh_raglan_survives_whole_release_chain_at_every_size
   OK   test_drop_shoulder_from_concept_assembles_at_every_size
   OK   test_drop_shoulder_neckband_join_is_placed
   OK   test_garment_provenance_names_the_concept_and_no_benchmark
   OK   test_routing_dimensions_produce_different_garments
   OK   test_non_routing_concept_fields_change_the_product
   OK   test_impossible_inputs_refuse_with_a_named_reason
   OK   test_fitted_premise_is_class_c_and_blocked_without_physical_test
   OK   test_garment_modules_import_nothing_from_benchmarks_or_research
   OK   test_benchmark_relabelled_as_ours_is_refused
   OK   test_partial_benchmark_relabelled_as_ours_is_refused
   
     14 passing, 0 failing
== tests/test_cert_design_pipeline.py
   OK   test_a_carried_judged_winner_is_queued_drafted_and_compiled_3_277_281
   OK   test_a_flagship_carries_a_wow_from_its_own_words_and_one_without_fails_115_290
   OK   test_a_held_winner_is_judged_the_day_its_board_and_a_vision_model_exist_88_277
   OK   test_a_winner_the_funnel_did_not_carry_is_never_engineered_3
   OK   test_christmas_cardigan_path_runs_to_the_gate_that_stops_it_308
   OK   test_copy_language_premises_are_refused_at_generation_109
   OK   test_design_provenance_is_keyed_on_the_winning_design_101
   OK   test_gap_queue_scores_timing_search_and_make_time_and_advances_314
   OK   test_launch_path_uses_observed_buyer_language_and_the_patterns_own_skill_293_283
   OK   test_mission_report_carries_every_318_field_from_rows
   OK   test_mjs_response_is_walked_from_listing_to_engineering_309
   OK   test_pod_memory_is_fed_by_brambleloop_responses_and_challenged_316
   OK   test_seasonal_transformations_are_derived_on_cadence_and_judged_by_the_funnel_279_282
   OK   test_the_radar_skill_gap_brief_is_consumed_by_ideation_114
   OK   test_the_tournament_judges_the_real_window_and_plans_make_time_per_skill_112_283
   OK   test_vision_readings_reach_the_briefs_and_the_storyboard_278
   OK   test_winner_brief_is_generated_and_the_gate_reads_it_88_110_115
   17 passing, 0 failing
== tests/test_cert_grading.py
        designs=18 sized CIRs=153
   OK   test_size_counts_and_boundaries
   OK   test_finished_chest_strictly_increases_measured_from_the_cir
   OK   test_every_count_is_a_positive_integer
   OK   test_shaping_lands_exactly_and_holds_resume_once
        worst join mismatch 3.93% (tolerance 6%)
   OK   test_sleeve_top_matches_the_armhole_it_is_sewn_to
   OK   test_body_length_exceeds_armhole_depth
        harbour-drop-shoulder-pullover     max rel err  2.03%  (S chest 105.6 vs 103.5)
        pebble-raglan-cardigan             max rel err  3.45%  (6 armhole 15.0 vs 14.5)
        m-raglan-self-quick                max rel err  2.27%  (XS armhole 22.5 vs 22.0)
        m-raglan-self-quick-fitted         max rel err  3.45%  (S upper_arm 30.0 vs 29.0)
        m-raglan-self-long                 max rel err  1.82%  (3X upper_arm 56.0 vs 55.0)
        m-raglan-self-long-fitted          max rel err  3.23%  (M upper_arm 32.0 vs 31.0)
        m-raglan-child-quick               max rel err  3.45%  (10 upper_arm 30.0 vs 29.0)
        m-raglan-child-quick-fitted        max rel err  4.53%  (2 upper_arm 21.4 vs 20.5)
        m-raglan-child-long                max rel err  4.49%  (2 upper_arm 25.6 vs 24.5)
        m-raglan-child-long-fitted         max rel err  4.49%  (8 upper_arm 25.6 vs 24.5)
        m-drop-self-quick                  max rel err  1.93%  (XL length 58.1 vs 57.0)
        m-drop-self-quick-fitted           max rel err  2.34%  (S length 48.1 vs 47.0)
        m-drop-self-long                   max rel err  2.27%  (M upper_arm 49.6 vs 48.5)
        m-drop-self-long-fitted            max rel err  2.72%  (M upper_arm 41.6 vs 40.5)
        m-drop-child-quick                 max rel err  2.56%  (12 upper_arm 40.0 vs 39.0)
        m-drop-child-quick-fitted          max rel err  3.45%  (6 upper_arm 30.0 vs 29.0)
        m-drop-child-long                  max rel err  3.23%  (6 upper_arm 32.0 vs 31.0)
        m-drop-child-long-fitted           max rel err  2.86%  (4 upper_arm 28.8 vs 28.0)
   OK   test_twin_lands_within_tolerance_of_the_intended_finished_size
        raglan neck/chest range 0.36-0.52 (worst m-raglan-child-quick-fitted 16)
   OK   test_raglan_neck_edge_fits_the_body
   OK   test_cyc_sources_are_recorded
   OK   test_unsourced_measurement_refuses_grading
   
     10 passing, 0 failing
== tests/test_cert_growth_ops.py
   OK   test_a_fast_lane_rebuild_request_is_scoped_to_its_slugs_not_the_catalogue
   OK   test_ads_adjust_reads_economics_from_rows_and_escalates_a_winner
   OK   test_ads_are_refused_without_the_owner_gate_and_planned_never_spent_with_it
   OK   test_commerce_readings_read_stars_club_answers_and_referral_and_act
   OK   test_every_new_job_type_is_handled_scheduled_granted_and_banded
   OK   test_growth_distribution_plans_from_rows_amplifies_a_winner_and_stops_a_weak_creator
   OK   test_growth_journey_audits_listings_raises_and_resolves_and_attaches_proof
   OK   test_growth_steer_moves_the_queue_and_orders_the_experiment_queue
   OK   test_launch_readiness_carries_the_first_customer_verdicts_and_the_trust_gate
   OK   test_pricing_prices_the_customer_outcome_and_reads_contribution_per_visitor
   /home/user/Project-Money/brambleloop/.venv/lib/python3.11/site-packages/fastapi/testclient.py:1: StarletteDeprecationWarning: Using `httpx` with `starlette.testclient` is deprecated; install `httpx2` instead.
     from starlette.testclient import TestClient as TestClient  # noqa
   OK   test_stats_ingest_benchmarks_and_scale_routes_read_the_database
   OK   test_support_reply_times_the_case_and_refuses_a_gating_draft
   OK   test_weekly_solve_feeds_conditions_scenarios_calibration_and_cac
   
   PASS: 0 failing
== tests/test_cert_growth_seasonal.py
   OK   test_a_bundle_waiting_for_members_waits_and_does_not_die
   OK   test_a_team_whose_occasion_has_passed_is_disbanded_not_deleted
   OK   test_an_experiment_costing_more_than_its_measured_value_is_killed
   /home/user/Project-Money/brambleloop/.venv/lib/python3.11/site-packages/fastapi/testclient.py:1: StarletteDeprecationWarning: Using `httpx` with `starlette.testclient` is deprecated; install `httpx2` instead.
     from starlette.testclient import TestClient as TestClient  # noqa
   OK   test_api_growth_solves_from_the_database
   OK   test_breakout_mode_fires_only_on_measured_velocity
   OK   test_bundle_attribution_and_holdouts_run_from_the_weekly_job
   OK   test_capacity_solves_from_database_rows_and_records_the_reallocation
   OK   test_changing_results_and_free_heartbeats_are_not_loops
   OK   test_collection_architecture_names_a_one_price_point_collection
   OK   test_collection_handler_records_the_architecture_assessment
   OK   test_empty_database_reads_unmeasured_never_zero
   OK   test_evergreen_concepts_are_transformed_and_only_a_promised_brief_derives
   OK   test_experiments_conclude_only_with_data_and_claim_only_what_the_design_allows
   OK   test_fast_lane_admits_on_measured_evidence_and_refuses_a_skipped_gate
   OK   test_launch_pack_records_hero_variants_title_tags_and_confounders
   OK   test_launch_pack_with_one_frame_or_none_says_so_rather_than_inventing_a_variant
   OK   test_pricing_records_each_price_it_sets_once
   OK   test_readiness_passes_only_when_all_six_conditions_hold
   OK   test_remerchandising_handler_runs_the_transformation_engine
   OK   test_scale_tilt_is_refused_when_no_product_is_ready
   OK   test_seasonal_engine_runs_daily_and_persists_what_it_decided
   OK   test_stress_test_feeds_the_confidence_score
   OK   test_three_identical_dead_calls_trip_the_breaker_and_cancel_the_retry
   OK   test_unmeasured_terms_are_not_ranked_as_zero
   0 failure(s)
== tests/test_cert_hero_title_safe.py
   OK   test_no_hero_puts_ink_in_the_title_safe_band_and_every_thumbnail_still_passes
   OK   test_the_hero_margin_is_at_least_the_title_safe_band
   
   PASS: 0 failing
== tests/test_cert_ideation.py
   OK   test_a_breakthrough_tournament_uses_its_trigger_arena_and_divergent_briefs
   OK   test_a_crowded_form_with_no_angle_is_never_generated
   OK   test_a_mechanism_that_survived_at_halloween_is_transferred_with_a_new_theme
   OK   test_a_saturated_arena_moves_the_run_to_less_saturated_territory
   OK   test_a_value_that_would_dominate_an_axis_is_deferred_and_named
   OK   test_a_weak_cohort_cannot_lower_the_floor_below_the_absolute
   OK   test_an_invented_role_cannot_be_pending
   OK   test_an_unmeasured_form_is_reported_unmeasured_not_open
   OK   test_both_standing_agents_are_registered_handlers
   OK   test_every_arena_saturated_blocks_visibly_and_asks_the_model_nothing
   OK   test_every_model_call_is_briefed_against_a_universe_cell_theme_and_occasion
   OK   test_live_culture_candidates_are_developed_and_meet_the_same_gates
   OK   test_the_floor_cuts_survivors_below_it_and_the_winner_clears_it
   OK   test_the_floor_rises_with_the_trailing_cohort_and_cuts_what_would_once_have_passed
   OK   test_the_four_season_agent_writes_the_programme_ideation_then_reads
   OK   test_the_gate_is_called_with_the_winner_and_a_raising_gate_blocks
   OK   test_the_handler_records_field_and_shortlist_diversity_per_axis
   OK   test_the_next_run_briefs_cells_the_last_one_did_not
   OK   test_the_portfolio_gap_picks_the_role_and_the_next_run_moves_to_the_next_gap
   OK   test_the_tournament_reads_lessons_and_sends_them_to_the_model
   OK   test_the_white_space_agent_mines_complaints_and_its_angle_unlocks_the_crowded_form
   OK   test_the_white_space_agent_with_nothing_recorded_proposes_nothing
   OK   test_the_winner_meets_the_real_pre_engineering_gate_and_is_not_cleared_unmeasured
   OK   test_with_no_evidence_the_transfer_says_it_is_exploratory
   OK   test_with_no_lessons_the_run_says_it_starts_from_nothing_rather_than_inventing_one
   0 failed
== tests/test_cert_identity.py
   OK   test_a_second_approved_face_in_the_manifest_is_ambiguity_and_is_refused
   OK   test_exactly_one_approved_face_and_it_verifies
   OK   test_face_and_manifest_both_rewritten_is_still_refused_when_the_pack_pins_the_face
   OK   test_frames_with_no_hashes_are_unverifiable_never_pass
   OK   test_gate_does_not_pass_a_model_frame_that_carries_no_hashes_at_all
   OK   test_manifest_hashes_equal_committed_bytes_computed_independently
   OK   test_missing_or_corrupt_manifest_is_refused_not_trusted_by_filename
   OK   test_no_body_reference_is_returned_when_the_revised_frames_are_unrecoverable
   OK   test_one_flipped_byte_in_the_face_copy_is_refused_everywhere
   OK   test_provenance_mismatch_is_refused_by_check_and_by_gate
   OK   test_replace_canonical_does_not_attribute_an_unsigned_record_to_the_owner
   OK   test_replace_canonical_refuses_a_non_integer_version_rather_than_truncating_it
   OK   test_replace_canonical_refuses_missing_and_malformed_records
   OK   test_superseded_bytes_are_never_returned_even_when_a_package_names_them
   OK   test_superseded_bytes_are_refused_when_the_pack_pins_the_revised_body
   OK   test_the_approved_pack_fingerprint_is_unknown_not_invented
   OK   test_truncated_or_deleted_face_copy_is_refused
   OK   test_untampered_copy_is_accepted_as_control
   OK   test_valid_replacement_retires_not_deletes_and_increments_version
   0 failed
== tests/test_cert_improve_autonomy.py
   OK   test_sandbox_takes_a_declining_proposal_through_trial_tests_approval_and_promotion (2.1s)
   OK   test_sandbox_rejects_a_proposal_its_trial_shows_is_no_better (0.6s)
   OK   test_sandbox_never_lets_the_proposer_approve_and_invents_no_result (0.5s)
   OK   test_adversarial_test_catches_a_tampered_sandbox_result (0.5s)
   OK   test_an_empty_regression_suite_is_a_failed_run_not_a_pass (0.0s)
   OK   test_higher_tier_goes_to_one_owner_card_and_promotes_only_on_the_owners_record (22.9s)
   OK   test_league_registers_challengers_and_waits_honestly_without_runs (0.6s)
   OK   test_league_promotes_a_preauthorised_winner_then_rolls_it_back_when_it_regresses (0.6s)
   OK   test_league_refuses_a_challenger_judged_on_tasks_it_introduced (0.5s)
   OK   test_league_code_mirrored_winner_goes_to_the_owner_not_the_registry (0.5s)
   OK   test_may_claim_reads_the_latest_allocation_and_lane_hold_puts_the_job_back (0.7s)
   OK   test_lane_hold_leaves_a_job_this_worker_no_longer_holds (0.5s)
   OK   test_governor_cadence_pauses_a_spiking_agent_through_the_reservation_table (0.5s)
   OK   test_governor_does_nothing_on_a_reading_it_cannot_take (0.5s)
   OK   test_governor_parallelism_advice_feeds_the_allocation_and_the_claim (0.5s)
   OK   test_launch_readiness_carries_the_off_device_proof_as_a_blocking_item (9.2s)
   OK   test_an_uncomputable_proof_is_not_proven (0.5s)
   OK   test_a_window_worked_unattended_is_proven_with_recovery_evidence (0.5s)
   OK   test_retirement_recommendations_become_one_owner_card_and_disable_nothing (0.7s)
   OK   test_support_triage_cadence_enqueues_draft_replies_and_counts_confusion (0.5s)
   0 failure(s)
== tests/test_cert_improve_wave.py
   OK   test_replay_produces_league_runs_and_waits_honestly_without_history (1.2s)
   OK   test_a_replayed_challenger_is_sandboxed_promoted_executed_and_rolled_back (1.7s)
   OK   test_a_rollback_killed_between_deciding_and_executing_is_resumed_not_lost (0.7s)
   OK   test_a_replay_of_unchanged_history_is_never_fresh_post_promotion_evidence (0.8s)
   OK   test_the_replay_scopes_its_claim_to_the_simulator_it_ran (0.8s)
   OK   test_the_nightly_sweep_runs_challenger_evaluations_rather_than_counting_them (0.8s)
   OK   test_a_teardown_trap_is_enforced_routed_to_pattern_help_and_promoted_on_our_self_audit (0.8s)
   OK   test_self_audits_bind_to_the_release_they_read_and_keywords_are_only_structural (0.6s)
   OK   test_release_eligibility_is_one_record_and_clearing_one_reason_never_clears_another (0.5s)
   OK   test_withholding_survives_every_rebuild_path_through_the_worker (0.9s)
   OK   test_owner_veto_and_competitive_standard_block_at_the_gates (0.5s)
   OK   test_role_work_reports_real_proposals_kept_and_realised_uplift (0.6s)
   OK   test_sandbox_orders_by_expected_impact_and_throttles_a_stagnating_department (0.5s)
   OK   test_prompts_tools_and_policies_are_versioned_from_the_running_code (0.5s)
   OK   test_tests_run_holds_only_observed_runs_bound_to_the_versions_digest (0.7s)
   OK   test_weekly_cycle_reads_domains_from_rows_adds_a_specialist_and_stops_things (0.5s)
   OK   test_work_items_cover_every_noun_and_an_unpromoted_finding_is_surfaced (0.5s)
   OK   test_agent_quality_reads_each_agents_function_with_declared_inputs_and_outputs (0.7s)
   OK   test_priority_uses_deadline_value_and_proven_revenue_inside_the_band (0.4s)
   OK   test_market_radar_and_listings_act_on_their_lessons (0.4s)
   OK   test_engineering_lessons_nudge_priority_as_a_bounded_heuristic_never_as_cad (0.8s)
   OK   test_culture_findings_publish_lessons_to_radar_seo_and_portfolio (0.4s)
   OK   test_high_concentration_moves_ideations_next_role_away_from_the_winner (0.4s)
   OK   test_the_taste_judge_rejects_the_obvious_winner_whatever_its_novelty (0.0s)
   0 failure(s)
== tests/test_cert_intel_wave.py
   OK   test_benchmark_refresh_baselines_then_recommends_a_new_category_and_bounds_the_asks
   OK   test_benchmark_refresh_drops_duplicate_information
   OK   test_director_company_view_uses_real_photography_and_queues_photography_when_behind
   OK   test_entry_axes_come_from_the_listing_and_a_concepting_gap_starts_original_design
   OK   test_panel_discovery_registers_and_scans_a_second_elite_seller_in_a_second_market
   OK   test_panel_discovery_without_a_reader_registers_nobody
   OK   test_radar_scan_is_steered_by_the_observed_market_score
   OK   test_serp_capture_scores_pattern_video_diversity_and_differentiation_and_feeds_arbitrage
   OK   test_the_ceiling_check_reads_the_tournament_brief_and_blocks_a_matching_objective
   9 passing, 0 failing
== tests/test_cert_intel_wave2.py
   OK   test_a_breakout_is_decomposed_and_an_adjacent_original_tournament_is_queued
   OK   test_a_catchphrase_topic_declares_a_slogan_token_the_copy_screen_refuses
   OK   test_a_material_policy_change_opens_a_blocking_incident_until_reviewed
   OK   test_a_measured_discernment_reading_reorders_the_same_arena_lane
   OK   test_a_photo_without_rights_is_held_and_never_used
   OK   test_a_physical_photo_with_rights_upgrades_the_listing_and_measures_impact
   OK   test_benchmark_memory_is_unmeasured_without_judged_images_then_steers_the_brief
   OK   test_gradual_identity_drift_across_batches_opens_an_incident
   OK   test_matrix_cells_carry_the_columns_the_requirement_lists
   OK   test_no_orders_means_no_breakout_and_nothing_queued
   OK   test_pod_maps_are_persisted_and_order_the_same_arena_lane
   OK   test_radar_score_measures_a_flagship_against_the_top_decile_and_requests_its_grid
   OK   test_reference_reading_refuses_without_vision_and_stores_decompositions_with_it
   OK   test_strike_teams_have_real_owners_and_their_shares_drive_selection
   OK   test_too_few_batches_is_unmeasured_not_stable
   15 passing, 0 failing
== tests/test_cert_lanes_capacity.py
   OK   test_a_function_over_its_measured_share_yields_while_the_pool_is_in_use
   OK   test_a_function_over_its_share_is_held_while_distribution_waits
   OK   test_a_lane_over_its_engineering_share_is_held_while_the_other_lane_waits
   OK   test_a_starved_lane_has_its_queued_engineering_moved_up
   OK   test_allocation_reads_category_season_value_and_bottleneck_and_sets_the_worker_target
   OK   test_certification_jobs_carrying_the_cir_are_counted_against_their_lane
   OK   test_experiment_spend_is_attributed_from_the_spending_job
   OK   test_function_budgets_share_the_pool_by_largest_remainder
   OK   test_gate_lanes_counts_a_collection_from_its_certified_family_and_records_the_split
   OK   test_parallelism_advice_scales_the_worker_target_and_lane_limit_up_and_down
   OK   test_size_depth_is_read_from_the_certified_size_run_not_a_constant
   OK   test_the_measured_share_does_not_reorder_an_idle_pool
   OK   test_the_mix_is_work_conserving_when_nothing_else_waits
   OK   test_the_new_rule_sees_the_capacity_path_live
   OK   test_the_runner_starts_a_pool_and_activates_only_the_target
   
   PASS: 0 failing
== tests/test_cert_learning.py
   OK   test_full_chain_measure_mine_propose_judge_promote_monitor_rollback (3.0s)
   OK   test_proposer_cannot_approve_or_promote_through_any_door (0.9s)
   OK   test_promote_refuses_a_case_or_whitespace_variant_of_the_proposer (0.6s)
   OK   test_promote_requires_an_independent_approval (0.5s)
   OK   test_an_unattributed_proposal_cannot_be_self_approved_and_self_promoted (0.6s)
   OK   test_controls_the_documented_refusals_still_refuse (0.0s)
   OK   test_gate_weakening_and_product_truth_evasions_are_refused_at_propose (0.4s)
   OK   test_every_protected_gate_grades_into_the_owner_gated_tier (0.0s)
   OK   test_product_truth_change_cannot_promote_without_owner_approval (0.5s)
   OK   test_failed_or_baseline_less_experiments_cannot_promote (0.7s)
   OK   test_regression_inside_tolerance_but_below_baseline_reverts_with_incident (0.6s)
   OK   test_lessons_persist_across_connections_and_reach_other_products_briefs (0.5s)
   OK   test_opposed_metrics_block_both_and_a_proposer_cannot_resolve (0.5s)
   OK   test_shared_surface_conflict_is_not_evaded_by_spelling_the_surface_differently (0.6s)
   OK   test_a_full_nightly_and_weekly_run_mutates_no_constant (1.1s)
   0 failure(s)
== tests/test_cert_listing_frames.py
   OK   test_every_frame_is_measured_and_recorded_unreviewed_when_vision_is_closed
   OK   test_unjudged_stays_unjudged_and_only_a_bound_all_clear_review_opens_publication
   OK   test_a_frame_role_without_a_registered_claim_is_unclaimed_and_stops_the_chain
   OK   test_type_over_the_chart_on_a_non_hero_frame_stops_the_chain
   OK   test_a_chart_preview_the_independent_review_says_is_not_a_chart_stops_the_chain
   OK   test_the_box_rules_measure_truncation_and_footer_overlap
   
   PASS: 0 failing
== tests/test_cert_mjs.py
   OK   test_a_baseline_is_not_a_market_event
   OK   test_a_new_listing_runs_every_step_in_order_and_enqueues_a_divergent_tournament
   OK   test_allocate_reserves_the_mission_floor_and_records_it
   OK   test_an_unproven_arena_is_considered_and_refused_with_a_reason
   OK   test_benchmark_health_is_unverified_without_a_capability_and_refuses_a_stranger
   OK   test_ceiling_check_refuses_a_parity_objective_and_nothing_is_started
   OK   test_every_new_job_type_has_a_decided_band
   OK   test_generic_research_cannot_draw_below_the_floor_when_money_is_short
   OK   test_may_enter_refuses_an_arena_whose_incumbent_nobody_decomposed
   OK   test_owner_christmas_cardigan_is_produced_by_the_runtime_from_observed_data
   OK   test_pod_capability_is_computed_from_rows_and_unmeasured_is_never_zero
   OK   test_pods_lesson_refuses_protected_expression_at_the_point_of_writing
   OK   test_repetition_moves_nothing_and_contradiction_raises_a_challenger_that_wins
   OK   test_seasonal_pressure_tightens_the_scan_interval_at_runtime
   OK   test_sentinel_defers_a_missed_window_without_an_incident
   OK   test_sentinel_escalates_an_at_risk_mjs_opportunity_and_reallocates_its_work
   OK   test_the_bar_is_raised_only_by_two_sellers_and_never_lowered
   OK   test_the_director_never_reasons_over_the_same_listing_content_twice
   /home/user/Project-Money/brambleloop/.venv/lib/python3.11/site-packages/fastapi/testclient.py:1: StarletteDeprecationWarning: Using `httpx` with `starlette.testclient` is deprecated; install `httpx2` instead.
     from starlette.testclient import TestClient as TestClient  # noqa
   OK   test_the_veto_route_records_counts_and_feeds_lessons
== tests/test_cert_orchestration.py
   OK   test_lease_is_exclusive_while_live (0.7s)
   OK   test_expired_lease_is_reclaimed_ahead_of_pending_backlog (0.5s)
   OK   test_stale_complete_and_fail_are_refused_and_new_holder_result_survives (0.4s)
   OK   test_worker_none_cannot_overwrite_a_job_somebody_holds_a_live_lease_on (0.5s)
   OK   test_stale_heartbeat_does_not_extend_the_new_holders_lease (0.5s)
   OK   test_renewal_keeps_a_long_handler_lease_and_nobody_steals_it (5.4s)
   OK   test_renewal_cap_stops_renewing_so_a_hung_handler_becomes_reclaimable (6.9s)
   OK   test_concurrent_workers_never_execute_the_same_job_twice (2.8s)
   OK   test_concurrent_enqueue_with_one_idempotency_key_makes_one_row (0.6s)
   OK   test_retries_back_off_exponentially_then_dead_letter (0.4s)
   OK   test_deliberate_refusal_is_dead_lettered_once_and_never_redriven (0.4s)
   OK   test_the_two_refusal_classifiers_agree_on_a_capability_refusal (0.0s)
   OK   test_permission_denied_is_terminal_not_retried (0.5s)
   OK   test_crash_mid_handler_is_reclaimed_and_completed_exactly_once (2.6s)
   OK   test_a_flood_of_high_band_jobs_cannot_starve_a_low_band_job_forever (0.4s)
   OK   test_incident_lifecycle_restates_resolves_with_evidence_and_never_closes_a_true_one (0.4s)
   OK   test_watchdog_verdicts_and_build_tick_incident_lifecycle (1.0s)
   OK   test_executor_complete_is_fenced_to_the_claimant_and_to_claimable_states (0.5s)
   OK   test_watchdog_does_not_alarm_after_a_claim_was_honestly_released (0.5s)
   OK   test_ops_health_and_seasonal_sentinel_run_clean_on_an_empty_company (1.8s)
   0 failure(s)
== tests/test_cert_orders.py
   OK   test_a_correcting_version_prepares_the_notice_for_its_buyers
   OK   test_a_crash_between_writes_then_a_rerun_converges_to_exactly_once
   OK   test_a_late_refund_is_reconciled_through_every_reader
   OK   test_a_routine_newer_version_is_not_a_correction
   OK   test_bundle_pairs_come_from_certified_product_facts
   OK   test_gate_closed_records_unmeasured_and_never_touches_the_reader
   OK   test_gate_open_ingest_writes_customers_orders_versions_and_ledger
   OK   test_launch_survival_needs_a_publication_not_a_draft
   OK   test_new_jobs_are_scheduled_permitted_and_banded
   OK   test_new_modules_are_reached_from_the_runtime
   OK   test_north_star_is_computed_by_cohort_and_a_regression_is_a_defect
   OK   test_order_readings_drive_every_downstream_reader
   OK   test_out_of_order_arrival_yields_the_same_first_purchase_cohort
   OK   test_portfolio_review_reads_exposure_and_consults_offers_before_retiring
   OK   test_pricing_decides_on_net_contribution_with_currency_normalised
   OK   test_pricing_refusals_stop_the_chain_rather_than_annotate
   OK   test_promotion_verdicts_reach_pricing
   OK   test_reinvestment_raises_an_owner_action_when_the_envelope_is_non_zero
   OK   test_the_delivered_version_comes_from_history_or_is_unknown
   OK   test_the_route_reads_the_database_not_an_empty_dict
   OK   test_trajectory_runs_nightly_from_the_database
   OK   test_unknown_acquisition_stays_unknown_and_loop_counters_reconcile_down
   OK   test_unpaid_cancelled_and_unknown_receipts_never_become_sales
   
   PASS: 0 failing
== tests/test_cert_owner_decision.py
   /home/user/Project-Money/brambleloop/.venv/lib/python3.11/site-packages/fastapi/testclient.py:1: StarletteDeprecationWarning: Using `httpx` with `starlette.testclient` is deprecated; install `httpx2` instead.
     from starlette.testclient import TestClient as TestClient  # noqa
   OK   test_the_owner_decision_route_records_and_refuses_what_it_should
   
   PASS: 0 failing
== tests/test_cert_parity_copy.py
   OK   test_a_declared_catchphrase_in_the_copy_blocks_listing_seo_unless_cleared
   OK   test_a_generated_hero_photograph_is_refused_by_the_policy_gate_in_listing_seo
   OK   test_a_listing_whose_copy_lost_its_disclosure_is_blocked_at_publish
   OK   test_a_taken_deterministic_rung_enqueues_assets_build_once
   OK   test_a_visual_defect_becomes_a_fixture_and_a_recurrence_is_a_fixture_bug
   OK   test_an_inferior_product_is_returned_to_creative_development_by_the_handler
   OK   test_assets_build_walks_the_evidence_to_creative_flow
   OK   test_c45_a_months_old_review_is_not_todays_comparison
   OK   test_c45_every_one_of_eleven_products_reads_its_own_review
   OK   test_creative_that_invents_a_stitch_is_blocked_and_sent_back_to_the_brief
   OK   test_diversify_moves_slots_off_shared_phrases_when_alternatives_exist
   OK   test_every_release_is_classified_and_its_disclosures_are_in_the_copy
   OK   test_image_provenance_is_stored_by_assets_build
   OK   test_listing_seo_applies_the_query_portfolio_to_its_tags
   OK   test_review_is_built_on_the_dated_benchmark_set_and_refuses_a_stale_one
   OK   test_store_publish_reads_the_product_own_review_through_the_handler
   OK   test_the_disclosure_check_measures_the_stored_listing_in_the_chain
   OK   test_the_missing_67_dimensions_are_compared_and_can_put_us_behind
   OK   test_the_mjs_challenge_names_its_eight_dimensions
   OK   test_the_model_photography_handler_records_the_shot_plan_it_renders_from
   
     20 passing, 0 failing
== tests/test_cert_preengineering.py
   OK   test_a_radar_slot_is_refused_because_it_is_a_category_not_a_concept
   OK   test_unjudged_taste_waits_and_is_never_passed
   OK   test_each_deterministic_check_refuses_on_its_own
   OK   test_novelty_refuses_a_concept_indistinguishable_from_an_observed_listing
   OK   test_the_rebuild_exemption_is_a_closed_list
   OK   test_radar_score_no_longer_engineers_a_slot_on_its_opportunity_score
   OK   test_radar_score_passes_a_catalogue_rebuild_through
   OK   test_radar_score_gates_a_concept_carried_by_the_job
   OK   test_cir_draft_refuses_a_new_concept_enqueued_directly
   OK   test_cir_draft_still_rebuilds_an_established_design
   OK   test_a_waiting_expensive_concept_requests_its_grid_and_passes_only_once_it_clears
   OK   test_a_grid_that_cannot_be_built_leaves_the_concept_waiting
   OK   test_a_passed_concept_enqueued_directly_is_refused_by_the_funnel
   OK   test_the_release_side_grid_verdict_is_recorded_per_product
   OK   test_radar_scan_measures_the_wave_skill_portfolio_and_writes_the_gap_as_a_brief
   OK   test_skill_portfolio_flags_a_wave_of_only_flagships
   OK   test_gate_lanes_routes_certified_products_and_plans_their_testing
   OK   test_gate_lanes_assigns_a_qualified_tester_and_never_outside_a_specialty
   OK   test_gate_lanes_withdraws_a_release_that_skipped_an_owed_gate
   0 failure(s)
== tests/test_cert_provenance.py
   OK   test_a_backfill_cannot_downgrade_a_recorded_row
   OK   test_backfill_never_writes_without_evidence_and_leaves_the_rest_unproven
   OK   test_backfill_writes_only_evidenced_rows_and_each_cites_its_evidence
   OK   test_conflicting_lineage_for_the_same_artefact_is_not_an_untraced_overwrite
   OK   test_missing_and_malformed_lineage_is_refused_and_writes_nothing
   OK   test_stale_and_unknown_inputs_read_stale_never_fresh_and_sweep_blocks
   OK   test_store_refuses_a_watched_class_with_no_lineage_and_writes_no_bytes
   OK   test_store_refuses_malformed_lineage_not_only_absent_lineage
   OK   test_valid_lineage_writes_one_complete_row
   OK   test_worker_audits_and_fails_a_listing_without_lineage_when_enforcement_is_on
   OK   test_worker_only_audits_when_a_prior_backlog_keeps_enforcement_off
   OK   test_worker_rejects_rows_written_through_the_lineage_free_writer
   0 failed
== tests/test_cert_publish_gates.py
   OK   test_shadow_publish_runs_every_gate_library_on_the_real_listing_set
   OK   test_the_qa_stage_stores_the_context_renders_and_publish_only_verifies_them
   flagship release-gate verdict: True ['mobile QA (#66): 0 context(s) not rendered; 3 with a problem; first three ok', 'listing-set certificate (#70): no valid certificate covers these frames, and one is not issued while any gate above is failing or has not run', 'search certificate (F-005): category UNKNOWN -- no stored Etsy taxonomy snapshot names a node for this product, and none is assumed', 'search certificate (F-004) attributes: no category, so no property schema to be complete against']
   OK   test_the_verdict_for_the_flagship_is_reported_honestly
   OK   test_a_filler_frame_with_no_job_is_refused_and_blocks_export
   OK   test_a_frame_the_build_refused_fails_its_gate_and_cannot_export
   OK   test_a_listing_copy_size_that_contradicts_the_geometry_is_caught
   OK   test_the_size_card_names_its_scale_reference
   OK   test_a_halting_incident_blocks_store_publish_before_any_upload
   OK   test_a_halting_incident_blocks_marketing_schedule
   OK   test_a_moved_upstream_blocks_publication_and_the_sentinel_enqueues_the_graph_rebuild
   OK   test_a_missed_window_holds_the_launch_and_queues_no_publication
   OK   test_a_pivot_decision_is_carried_out_by_rewriting_the_listing_as_evergreen
   OK   test_a_launch_registers_its_experiment_pack_at_launch
   OK   test_an_unjudged_search_grid_blocks_publish_as_an_audited_refusal
   OK   test_a_granted_certificate_enqueues_lane_routing
   OK   test_an_on_time_launch_still_queues_publication_and_marketing
   OK   test_a_certificate_is_invalidated_by_a_geometry_change_and_frames_lose_approval
   OK   test_gate_certify_rechecks_listing_certificates
   0 failed
== tests/test_cert_rebuild_chain.py
   OK   test_the_chain_records_twin_reverse_support_knowledge_and_release_bundle
   OK   test_a_shaped_design_records_its_geometry_proof
   OK   test_terms_are_checked_on_the_produced_pdf_listing_and_faq
   OK   test_launch_readiness_measures_the_launch_package_from_what_the_chain_produced
   OK   test_the_moat_is_inventoried_from_evidence_and_recognisability_is_measured
   OK   test_a_divergent_listing_is_refused_and_halts_publication
   OK   test_a_targeted_rebuild_remakes_exactly_the_stale_marketing_and_proves_it
   OK   test_completion_is_not_claimed_for_a_row_this_attempt_did_not_produce
   OK   test_a_stale_pdf_restarts_at_assets_build_not_at_certification
   OK   test_a_withheld_release_is_never_redriven
   
   PASS: 0 failing
== tests/test_cert_residue.py
   OK   test_preproduction_prepares_refuses_to_post_records_unmeasured_and_acts_when_measured_4
   OK   test_preproduction_reaches_the_generator_brief_of_the_next_tournament_4
   OK   test_preproduction_source_still_cannot_author_a_number_4
   OK   test_weekly_cycle_revises_a_metric_unmeasured_for_three_cycles_with_a_proxy_194
   OK   test_weekly_cycle_revises_a_metric_whose_realised_outcomes_contradict_it_194
   OK   test_weekly_cycle_with_nothing_to_revise_proposes_nothing_194
   6 passing, 0 failing
== tests/test_cert_spend_hosts.py
   OK   test_every_file_addressing_a_paid_provider_is_declared
   OK   test_the_research_judge_refuses_a_call_whose_worst_case_passes_the_cap
   OK   test_the_research_judge_refuses_with_no_cap_before_any_request
   OK   test_the_scan_would_see_a_new_one
   
   PASS: 0 failing
== tests/test_cert_takeover.py
   OK   test_the_engine_applies_due_surfaces_and_reverts_them_after_the_occasion
   OK   test_the_storefront_is_rendered_with_the_live_takeover_and_still_checked
   OK   test_every_applied_surface_is_rendered_on_the_storefront_the_launch_check_reads
   OK   test_a_featured_collection_that_names_nothing_real_is_refused
   OK   test_a_takeover_that_breaks_the_storefront_rules_is_refused_not_applied
   
   PASS: 0 failing
== tests/test_cert_thrash.py
   OK   test_a_paid_loop_is_suspended_until_the_hypothesis_changes
   OK   test_unchanged_free_polling_backs_off_and_progress_lifts_it
   OK   test_liveness_watchdogs_are_never_backed_off
   OK   test_a_dead_call_the_breaker_tripped_is_not_redriven_under_the_same_build
   
   PASS: 0 failing
== tests/test_cert_trend_evidence.py
   OK   test_stale_foreign_evidence_discounts_the_score_below_promotion
   OK   test_current_canadian_evidence_keeps_full_weight
   OK   test_no_evidence_is_unmeasured_and_leaves_the_score_alone
   OK   test_serp_captures_are_stamped_with_their_population_and_window
   OK   test_mjs_benchmark_listings_are_stamped_global_over_their_seen_window_and_discount_scores
   
   PASS: 0 failing
== tests/test_cert_unique_value.py
   OK   test_a_release_whose_advantages_every_benchmark_matches_is_withheld_and_not_redriven
   OK   test_an_advantage_beyond_the_best_benchmark_lets_the_release_proceed
   OK   test_a_low_benchmark_without_our_own_score_is_unmeasured_not_beyond
   OK   test_with_no_benchmark_scored_the_comparison_is_unmeasured_not_a_pass
   OK   test_delight_is_measured_from_the_products_artefacts_and_the_weakest_is_acted_on
   OK   test_customization_and_support_are_read_from_this_releases_own_artefacts
   
   PASS: 0 failing
== tests/test_cert_wiring.py
        drain made 1 deferred job(s) due: ['ops.maturity_disagreements']
   OK   test_every_target_is_scheduled_handled_and_permitted_statically
   OK   test_each_target_was_enqueued_by_its_cadence_and_executed_to_done
   OK   test_no_job_in_the_drain_died_except_by_deliberate_refusal
   OK   test_scheduler_tick_calls_priority_for_and_bands_every_cadence_job
   OK   test_follow_on_work_is_enqueued_at_its_band_too
   OK   test_swarm_handlers_reach_their_runtime_functions
   OK   test_weekly_cycle_calls_retirement_review_autopsy_memory_and_director
   OK   test_retrospective_reaches_cells_and_reports_the_new_sections
   OK   test_listing_draft_actually_runs_the_disclosure_check
   OK   test_growth_experiments_calls_launch_pack_for_every_drafted_listing
   OK   test_mjs_scan_consults_the_adaptive_interval_before_any_request
   OK   test_store_publish_walks_the_escalation_ladder_on_a_failed_parity_dimension
   OK   test_record_order_writes_the_bought_version
   /home/user/Project-Money/brambleloop/.venv/lib/python3.11/site-packages/fastapi/testclient.py:1: StarletteDeprecationWarning: Using `httpx` with `starlette.testclient` is deprecated; install `httpx2` instead.
     from starlette.testclient import TestClient as TestClient  # noqa
   OK   test_api_paths_reach_radar_memory_and_the_stress_test
   OK   test_radar_memory_is_read_by_some_agent_at_runtime
         registry status of the 17 wiring rows: {41: 'partial', 42: 'covered', 81: 'covered', 85: 'covered', 91: 'covered', 100: 'covered', 144: 'covered', 174: 'covered', 175: 'covered', 176: 'covered', 186: 'covered', 187: 'covered', 192: 'covered', 241: 'partial', 265: 'partial', 270: 'partial', 313: 'covered'}
   OK   test_no_row_whose_wiring_failed_here_is_still_claimed_covered
   16/16 passed in 610s
== tests/test_certification.py
   OK   test_a_benchmark_relabelled_as_ours_is_refused_by_the_chain
   OK   test_a_concept_that_cannot_be_authored_never_reaches_the_chain
   OK   test_a_join_that_does_not_sew_together_blocks_the_release
   OK   test_a_one_piece_product_certifies_exactly_as_before
   OK   test_a_refusal_by_the_chain_is_the_chain_working
   OK   test_an_underspecified_brambleloop_design_is_refused_by_the_chain
   OK   test_an_unpriced_department_falls_back_to_the_floor_and_says_so
   OK   test_certify_twins_every_piece_and_sums_the_yarn
   OK   test_the_hero_is_rendered_from_the_twin_and_never_claims_to_be_a_photograph
   OK   test_the_listing_claims_nothing_the_concept_does_not_say
   OK   test_the_price_is_the_median_of_what_the_market_charges
   OK   test_the_whole_release_chain_runs_rather_than_being_named
== tests/test_chaos.py
   OK   test_a_dead_letter_can_be_re_driven_after_its_defect_is_fixed
   OK   test_a_deliberate_refusal_is_never_re_driven
   OK   test_a_heartbeat_extends_only_the_holders_lease
   OK   test_a_heartbeat_keeps_a_long_handler_from_being_reclaimed
   OK   test_a_permanent_error_is_terminal_on_its_first_attempt
   OK   test_a_permission_denial_is_re_driven_because_it_is_usually_a_misconfiguration
   OK   test_a_reclaimed_jobs_original_worker_cannot_complete_it
   OK   test_a_worker_whose_lease_was_reclaimed_mid_handler_does_not_record_completion
   OK   test_aging_claims_a_low_band_job_within_the_stated_bound
   OK   test_an_omitted_priority_is_the_job_types_band_not_below_every_band
   OK   test_an_unnamed_write_cannot_overwrite_a_live_lease_unless_administrative
   OK   test_circuit_breaker_opens_on_sustained_provider_outage
   OK   test_circuit_breaker_recovers_after_cooldown
   OK   test_concurrent_workers_on_a_file_database_run_every_job_exactly_once
   OK   test_corrupted_artifact_is_detected
   OK   test_database_interruption_surfaces_and_does_not_corrupt_state
   OK   test_duplicate_spend_job_cannot_double_charge
   OK   test_duplicate_webhook_event_cannot_double_process
   OK   test_exhausted_ad_budget_pauses_the_scope_and_stays_paused
   OK   test_exhausted_agent_budget_stops_work_without_crashing_the_worker
   OK   test_expired_lease_is_reclaimed_and_eventually_dead_letters
   OK   test_handler_failure_rolls_back_cleanly_and_preserves_the_job
   OK   test_http_status_classification
   OK   test_lease_renewal_stops_at_its_cap_so_a_hung_handler_stays_reclaimable
   OK   test_malformed_model_output_is_rejected
   OK   test_model_output_in_code_fence_is_accepted
   OK   test_model_output_missing_required_field_is_rejected
   OK   test_one_classifier_decides_refusal_and_redrive
   OK   test_permanent_errors_are_not_retried
   OK   test_purge_refuses_to_operate_without_explicit_job_types
   OK   test_rate_limit_honours_retry_after_header
   OK   test_replayed_pipeline_does_not_recertify_or_duplicate_versions
   OK   test_restart_mid_pipeline_completes_without_duplicating_the_product
   OK   test_the_provenance_backstop_is_windowed_to_this_attempt
   OK   test_the_worker_renews_a_long_handlers_lease_so_its_result_is_kept
   OK   test_transient_errors_are_retried_then_surface
   OK   test_truncated_binary_artifact_is_detected
   OK   test_worker_survives_a_handler_that_hangs_then_is_reclaimed
== tests/test_chart_tiles.py
   ....
   ----------------------------------------------------------------------
   Ran 4 tests in 3.258s
   
   OK
== tests/test_childrens.py
   OK   test_a_baby_blanket_must_state_the_safe_sleep_position
   OK   test_a_childrens_pdf_whose_pattern_names_safety_eyes_under_three_is_refused
   OK   test_a_complete_pattern_produces_no_findings_at_all
   OK   test_a_fact_nobody_recorded_makes_the_statement_unrenderable_rather_than_invented
   OK   test_a_hood_or_neck_tie_on_a_childs_garment_is_refused
   OK   test_a_mobile_must_state_when_it_comes_out_of_the_cot
   OK   test_a_part_nobody_has_classified_blocks_rather_than_passes
   OK   test_a_statement_read_from_an_image_is_counted_as_its_own_evidence_class
   OK   test_a_waist_tie_is_measured_against_three_inches_not_judged
   OK   test_an_embroidered_face_under_three_is_publishable
   OK   test_an_ordinary_baby_blanket_is_not_swept_up_by_the_prohibitions
   OK   test_an_unknown_size_raises_rather_than_guessing
   OK   test_applied_parts_and_neck_ties_are_read_off_the_cir_not_declared
   OK   test_every_band_says_why_its_boundary_is_where_it_is
   OK   test_every_children_pattern_points_at_the_maker_who_sells
   OK   test_every_constraint_names_a_source_that_exists
   OK   test_every_constraint_states_what_it_measures_and_why
   OK   test_every_marker_is_a_phrase_that_survives_into_the_rendered_text
   OK   test_every_named_statement_exists_and_is_explained
   OK   test_every_source_carries_a_url_a_date_and_how_it_was_obtained
   OK   test_every_statement_cites_a_source_that_exists_or_admits_it_has_none
   OK   test_every_subcategory_points_at_a_form_pod_that_exists
   OK   test_no_demand_price_or_competition_number_lives_in_the_safety_table
   OK   test_safety_eyes_under_three_are_refused_not_warned_about
   OK   test_sizes_increase_monotonically_within_each_chart
   OK   test_the_choking_statement_is_the_regulated_wording
   OK   test_the_cyc_tables_match_the_published_charts
   OK   test_the_facts_and_the_statements_have_to_be_about_the_same_product
   OK   test_the_marketplace_prohibition_reaches_the_pattern_not_only_the_product
   OK   test_the_never_subcategories_refuse_even_with_every_statement_present
   OK   test_the_obligation_and_its_text_cannot_drift_apart
   OK   test_the_prohibitions_match_on_words_so_plurals_and_phrases_both_land
   OK   test_the_regulatory_boundary_is_thirty_six_months_not_a_word
   OK   test_the_rendered_text_derives_the_facts_rather_than_hard_coding_them
   OK   test_the_selling_statement_does_not_restate_the_licence
   OK   test_the_snapshot_is_dated
   OK   test_the_sources_we_could_not_read_are_listed_rather_than_glossed
   OK   test_the_table_covers_both_ends_of_the_decision
   OK   test_the_two_part_vocabularies_do_not_overlap
   OK   test_three_to_six_permits_the_part_and_requires_the_statement
== tests/test_cir_fibre.py
   OK   test_a_cir_written_before_this_field_existed_still_loads
   OK   test_a_composition_attached_to_the_wrong_yarn_is_caught
   OK   test_a_composition_that_survived_serialisation_is_still_validated
   OK   test_a_document_that_invented_a_composition_is_caught
   OK   test_a_document_that_loses_the_composition_is_caught_by_the_reverse_compiler
   OK   test_a_material_that_states_nothing_stays_empty_and_says_so
   OK   test_a_pattern_that_states_nothing_prints_nothing
   OK   test_an_empty_field_never_reads_as_no_fibre_concerns
   OK   test_one_composition_has_one_representation
   OK   test_silence_on_both_sides_is_not_a_finding
   OK   test_the_composition_reaches_the_customers_document
   OK   test_the_eleven_launch0_cirs_state_no_fibre_content
   OK   test_the_reverse_compiler_does_not_import_the_writer
   OK   test_the_reverse_compiler_reads_a_line_no_writer_in_this_repository_produced
   OK   test_the_reverse_compiler_recovers_the_composition_from_the_document_alone
   OK   test_the_reverse_compiler_refuses_an_impossible_composition_in_a_document
   OK   test_the_two_fibre_vocabularies_are_the_same_seventeen_words
   OK   test_the_vocabulary_is_closed_and_a_composition_must_account_for_the_whole_yarn
   OK   test_the_writer_prints_the_composition_with_the_yarn_it_belongs_to
   OK   test_to_dict_and_from_dict_carry_the_composition_through_json
== tests/test_cir_roundtrip.py
   OK   test_a_round_tripped_design_compiles_to_the_same_findings
   OK   test_provenance_is_omitted_when_absent_and_kept_when_present
   OK   test_the_fields_the_old_reader_dropped_are_read_back
   OK   test_the_reader_and_writer_cover_the_same_keys
   OK   test_the_round_trip_survives_json_too
   OK   test_to_dict_from_dict_is_the_identity_for_every_design
   
   PASS: 0 failing
== tests/test_closure.py
   OK   every requirement lands in exactly one state and the counts sum to 320
   OK   every executor gate is classified as owner, data or external waiting
   OK   an unclassified gate is refused rather than filed where it flatters
   OK   a covered row is COMPLETE+PROVEN only when a named module exists and is tested
   OK   covered rows without proof are OPEN, never silently complete
        covered-without-proof: 0 []
   OK   the external blockers are stated in words with their evidence
   OK   a data-gated row is DATA-GATED only when its machinery exists, else OPEN (C-39)
   OK   a data-gated row that names no module is OPEN, not parked on missing data
   OK   a covered row naming only an unreached module is OPEN, not COMPLETE+PROVEN
   OK   the same shape of row naming a runtime-reached module is COMPLETE+PROVEN
   OK   a data-gated row whose machinery nothing runs is OPEN (C-59)
   OK   #4's commerce/preproduction.py is reached through the growth.preproduction handler
   OK   fixture precondition: visual/milestones.py is still only statically imported
   OK   a covered row whose library only a static state() route touches is OPEN, and naming a runtime root beside it does not count as reach (C-65)
   OK   an owner_gated row whose built half names unreached machinery is OPEN (C-65)
   OK   the same owner_gated row naming live machinery stays OWNER-GATED
   OK   with no database the gate is reported UNCHECKED, never as verified closed (C-65)
   OK   the matrix without a database says its gates were not checked and names the rows resting on the registry's word
   OK   a partial row with no gate is OPEN (executable work owed)
        #75: COMPLETE+PROVEN None module visual/parity.py exists and is tested
   OK   a parked row with a live built half exists to test the reopening on
   OK   an opened gate returns its requirement to OPEN rather than leaving it parked
   OK   the closeout bar is open == 0 AND gates read live; with no database it is indeterminate, never met (C-65/P03)
        matrix: {'COMPLETE+PROVEN': 218, 'OWNER-GATED': 54, 'DATA-GATED': 41, 'EXTERNAL-BLOCKED': 7, 'OPEN': 0} closed_out: False
   /home/user/Project-Money/brambleloop/.venv/lib/python3.11/site-packages/fastapi/testclient.py:1: StarletteDeprecationWarning: Using `httpx` with `starlette.testclient` is deprecated; install `httpx2` instead.
     from starlette.testclient import TestClient as TestClient  # noqa
   OK   /api/closure serves the matrix with gates checked live
   OK   /api/closure agrees with the module on every state count except gate-opened rows
   OK   a reopened partial row the gate table still lists is OPEN, not parked
   OK   the same row explicitly parked on the owner gate is OWNER-GATED
   OK   no reopened row without an explicit park is counted as gated (the C-65/P01 twenty); a row repaired to COMPLETE+PROVEN is not a park
   
     27 passing, 0 failing
== tests/test_club.py
   OK   test_a_cadence_needs_a_period_and_a_lead_time
   OK   test_a_cadence_that_does_not_fit_answers_its_own_question_no
   OK   test_a_cadence_with_no_headroom_does_not_fit
   OK   test_a_cadence_with_room_fits
   OK   test_a_clean_mechanic_runs
   OK   test_a_mechanic_nothing_can_attribute_will_be_judged_favourably_anyway
   OK   test_a_question_this_lane_does_not_ask_is_refused
   OK   test_a_reward_is_for_something_a_customer_does
   OK   test_a_reward_larger_than_the_margin_is_growth_that_loses_money
   OK   test_a_reward_with_nothing_to_check_it_against_is_refused
   OK   test_all_four_answered_and_a_cadence_that_fits_may_launch
   OK   test_an_unmeasured_programme_is_the_one_everybody_remembers_fondly
   OK   test_copy_that_asks_for_a_rating_is_refused_with_the_other_modules_phrases
   OK   test_showing_what_you_made_however_it_went_is_the_action
   OK   test_state_says_it_shares_its_refusals
   OK   test_the_cadence_is_the_only_question_answerable_today
   OK   test_the_nature_of_a_club_is_stated_before_anything_else
   OK   test_the_outcome_is_contribution_after_what_the_rewards_cost
   OK   test_two_products_a_period_needs_twice_the_room
   OK   test_unanswered_is_not_answered_no_and_neither_is_a_launch
== tests/test_clusters.py
   OK   test_a_question_nobody_has_been_seen_to_ask_cannot_be_added
   OK   test_a_theme_seen_often_enough_with_a_destination_is_buildable
   OK   test_a_theme_with_no_question_behind_it_is_refused_in_the_plan
   OK   test_a_thin_theme_is_carried_in_the_plan_and_not_built
   OK   test_clusters_are_ranked_by_how_often_the_question_was_actually_asked
   OK   test_every_question_is_behind_a_theme_the_observer_already_counts
   OK   test_every_question_says_why_the_paid_thing_comes_next
   OK   test_none_of_the_requirements_metrics_can_be_measured_yet
   OK   test_nothing_recurring_is_a_finding_about_the_observation
   OK   test_one_cluster_admits_it_sells_least
   OK   test_state_says_where_the_questions_came_from
   OK   test_the_recurrence_floor_is_the_observers_own
   OK   test_the_same_question_in_a_different_department_is_not_a_clash
   OK   test_the_third_link_is_the_one_that_goes_missing
   OK   test_two_clusters_on_one_question_compete_with_each_other
== tests/test_cohorts.py
   OK   test_a_customer_reference_is_never_personal_data_and_an_order_needs_a_buyer
   OK   test_an_empty_company_reports_unmeasured_and_the_owner_gated_source
   OK   test_at_the_floor_the_metrics_are_measured_and_right_censored
   OK   test_below_the_floor_every_metric_is_unmeasured_not_a_number
   OK   test_every_customer_joins_every_axis_and_the_first_hundred_are_the_validation_cohort
   5 passing, 0 failing
== tests/test_collections.py
   OK   test_a_healthy_collection_is_reported_as_one
   OK   test_a_member_for_another_occasion_is_refused
   OK   test_a_member_that_does_not_carry_the_palette_is_a_stranger
   OK   test_a_recolour_cannot_be_a_second_member
   OK   test_assembly_drops_derivatives_and_strangers_and_says_which
   OK   test_assembly_prefers_lane_breadth_because_that_is_the_constraint_that_binds
   OK   test_cross_sell_pairs_differ_in_commitment_rather_than_in_colour
   OK   test_one_price_point_is_a_range_with_one_thing_in_it
   OK   test_the_closest_pair_is_reported_rather_than_the_average
   OK   test_the_ladder_runs_cheapest_first
   OK   test_the_same_product_listed_twice_is_caught_separately
   OK   test_two_members_are_a_product_and_its_accessory
== tests/test_colour.py
   OK   test_a_colour_change_is_a_variant_only_while_the_pattern_is_unchanged
   OK   test_a_colourway_stated_in_words_cannot_be_checked_against_a_photograph
   OK   test_a_colourway_takes_the_number_of_colours_the_pattern_already_has
   OK   test_a_palette_read_from_nothing_is_unmeasurable_rather_than_neutral
   OK   test_a_palette_that_cannot_supply_separable_colours_is_refused
   OK   test_the_palette_is_counted_from_photographs_and_is_dated
   OK   test_the_two_sources_this_company_does_not_have_are_named
== tests/test_commerce.py
   OK   test_a_bundle_needs_at_least_two_real_members
   OK   test_a_bundle_states_the_attach_rate_it_has_to_earn
   OK   test_a_cac_breach_pauses_but_only_once_there_is_data
   OK   test_a_genuine_bounded_promotion_passes
   OK   test_a_grid_of_identical_heroes_scores_low_on_distinctiveness
   OK   test_a_hero_is_judged_at_the_size_a_shopper_sees_it
   OK   test_a_hero_that_is_mostly_background_is_flagged
   OK   test_a_higher_price_does_not_automatically_win
   OK   test_a_listing_for_a_product_that_is_not_for_a_child_carries_no_safety_block
   OK   test_a_losing_variant_is_stopped_at_the_loss_cap
   OK   test_a_low_contrast_hero_is_flagged
   OK   test_a_permanent_sale_is_not_a_promotion
   OK   test_a_reference_price_never_charged_is_refused
   OK   test_a_refund_anomaly_pauses_the_campaign
   OK   test_a_shop_with_no_observed_price_is_skipped_not_counted_as_zero
   OK   test_a_technique_the_pattern_does_not_use_is_never_tagged
   OK   test_a_thin_experiment_is_not_decided
   OK   test_a_title_never_stutters_its_own_category
   OK   test_a_token_saving_is_not_a_bundle
   OK   test_a_variant_that_wins_clicks_and_loses_conversions_does_not_win
   OK   test_a_well_powered_experiment_is_decided_on_contribution
   OK   test_an_elongated_product_is_not_held_to_a_square_products_standard
   OK   test_an_empty_shelf_produces_a_refusal_not_a_number
   OK   test_an_unavailable_listing_pauses_the_campaign
   OK   test_an_unmeasurable_price_difference_is_refused_at_design_time
   OK   test_attributes_come_from_pattern_data
   OK   test_broken_tracking_pauses_before_any_budget_question
   OK   test_caps_must_nest_or_they_are_not_caps
   OK   test_coverage_is_scored_against_what_we_can_reach
   OK   test_coverage_is_the_subjects_footprint_not_its_dark_pixels
   OK   test_each_cap_pauses_on_its_own
   OK   test_fees_are_deducted_before_anything_is_compared
   OK   test_head_terms_are_marked_unreachable_for_a_shop_with_no_history
   OK   test_illegible_thumbnail_text_is_flagged
   OK   test_missing_attributes_are_reported
   OK   test_optimisation_is_on_contribution_per_visitor_not_gross
   OK   test_paid_media_is_refused_in_shadow_mode_whatever_the_numbers_say
   OK   test_paid_media_is_refused_without_the_owners_authority
   OK   test_ranking_heroes_without_impressions_is_refused
   OK   test_ranking_on_thin_impressions_is_refused
   OK   test_scaling_requires_profitable_evidence_not_a_good_week
   OK   test_tags_fit_the_platform_and_are_still_phrases
   OK   test_the_listing_audit_fails_on_a_description_that_lost_the_block
   OK   test_the_listing_block_does_not_trip_the_listings_own_structural_checks
   OK   test_the_listing_carries_the_statements_a_buyer_needs_before_they_pay
   OK   test_the_listing_prints_the_statements_own_words_rather_than_a_paraphrase
   OK   test_the_making_statements_stay_in_the_pattern_and_the_reason_is_recorded
   OK   test_the_scanner_measures_the_discount_theatre_without_copying_it
   OK   test_the_scanner_reads_the_shelf_from_dated_observations
   OK   test_the_status_report_says_plainly_that_nothing_is_live
   OK   test_the_stopping_rule_is_fixed_before_the_test_runs
   OK   test_the_tag_set_is_not_one_concept_restated
   OK   test_the_test_loss_cap_stops_a_losing_experiment
== tests/test_commercial_truth.py
   OK   test_a_bundle_cannot_be_judged_without_a_before
   OK   test_a_bundle_that_moved_revenue_cannot_be_declared_a_winner
   OK   test_a_clean_comparison_decides_on_contribution_rather_than_revenue
   OK   test_a_cohort_arm_must_be_one_of_the_two_that_mean_something
   OK   test_a_comparison_across_a_confounder_is_refused_rather_than_flagged
   OK   test_a_genuinely_incremental_bundle_still_names_what_it_displaced
   OK   test_an_unmeasured_elasticity_is_not_an_elasticity_of_zero
   OK   test_incrementality_is_measured_against_what_the_control_predicts
   OK   test_one_arm_cannot_separate_a_better_listing_from_bought_traffic
   OK   test_price_memory_reports_per_category_because_elasticity_is_category_specific
   OK   test_too_few_orders_is_anecdote_arithmetic
   OK   test_two_prices_too_close_or_two_samples_too_small_are_refused
== tests/test_compiler.py
   OK   test_broken_repeat_is_rejected
   OK   test_broken_stitch_count_is_rejected
   OK   test_cir_round_trips_through_json
   OK   test_good_mosaic_compiles_and_resolves_to_end_repeats
   OK   test_good_sphere_compiles
   OK   test_overrun_is_rejected
   OK   test_turning_chain_warning_for_tall_stitches
   OK   test_underrun_is_rejected
   OK   test_unknown_colour_is_rejected
== tests/test_complaints.py
   OK   test_a_reading_with_no_recurring_theme_is_not_a_silence
   OK   test_a_recurring_theme_is_counted_and_a_one_off_is_not
   OK   test_no_review_text_reviewer_or_quotation_is_ever_stored
   OK   test_no_reviews_at_all_is_unmeasurable_and_not_a_category_without_complaints
   OK   test_only_recurring_themes_reach_the_learning_radar
   OK   test_recording_the_same_reading_twice_adds_nothing
   OK   test_the_customer_pain_domain_is_no_longer_claimed_unfeedable_by_inference
   OK   test_the_rating_distribution_is_kept_because_it_is_a_number
   OK   test_the_scan_records_a_dated_observation_rather_than_a_variable
   OK   test_the_weakness_hunt_reports_complaints_once_they_are_read
   OK   test_video_is_unknown_where_no_gallery_was_audited
== tests/test_compression.py
   OK   test_a_bundle_is_only_proposed_where_its_members_share_a_lane
   OK   test_a_department_whose_lanes_have_all_retired_drops_out_by_itself
   OK   test_a_lane_that_closes_hands_its_share_to_the_lanes_behind_it
   OK   test_a_priority_programme_cannot_be_left_with_no_capacity_while_lanes_are_open
   OK   test_a_priority_programme_cannot_be_stood_down_in_its_selling_fortnight
   OK   test_a_priority_programme_with_open_lanes_must_name_something_to_pursue
   OK   test_a_retired_flagship_does_not_retire_christmas
   OK   test_a_retirement_is_scoped_to_one_class_and_one_occasion
   OK   test_a_stream_with_evidence_of_starting_is_not_overdue
   OK   test_an_uncalibrated_plan_says_so
   OK   test_capacity_moves_into_the_fastest_open_lane_as_the_slow_ones_close
   OK   test_christmas_is_not_blankets
   OK   test_next_years_flagship_is_started_early_and_capped
   OK   test_preparation_starts_before_the_launch_it_serves
   OK   test_search_language_is_mapped_before_the_copy_is_written
   OK   test_the_programme_merchandises_when_nothing_can_still_be_launched
   OK   test_the_reservation_is_released_only_after_the_buyers_last_make_date
   OK   test_urgency_outranks_comfort_because_the_tight_lane_is_the_one_about_to_be_lost
== tests/test_continuity.py
   OK   test_a_corrupt_archive_is_refused_rather_than_half_restored
   OK   test_a_proved_export_is_retained_where_it_outlives_the_container
   OK   test_a_retained_archive_restores_a_working_database
   OK   test_a_truncated_export_is_refused_rather_than_half_restored
   OK   test_a_wrong_or_short_credential_is_refused
   OK   test_an_export_does_not_carry_the_previous_exports
   OK   test_an_export_from_a_future_format_is_refused
   OK   test_an_export_restores_into_an_empty_database_and_hashes_identically
   OK   test_no_connection_string_ever_reaches_the_export_or_its_manifest
   OK   test_no_credential_reaches_a_retained_archive_manifest
   OK   test_only_the_newest_archives_are_kept
   OK   test_the_export_endpoint_is_closed_when_no_credential_is_configured
   OK   test_the_export_is_portable_rather_than_engine_native
   OK   test_the_restore_proof_runs_where_ephemeral_sqlite_is_refused
   OK   test_token_health_never_reveals_the_token
== tests/test_continuity_cleanup.py
   OK   test_successful_restore_releases_scratch_before_workspace_cleanup
   OK   test_restore_failure_returns_original_finding_and_releases_scratch
   OK   test_roundtrip_export_failure_releases_scratch_without_masking_error
   3/3 passing
== tests/test_continuous_operations.py
   OK   test_stale_attempt_cannot_mutate_successor
   OK   test_simultaneous_claims_are_distinct
   OK   test_lane_partitions_cover_every_handler
   OK   test_control_lane_progresses_while_production_is_blocked
   OK   test_runner_starts_the_control_lane
   
   PASS: 0 failing
== tests/test_cost_consumer_basis.py
   OK   test_variance_unknown_is_not_actual_and_still_detects_exposure_drift
   OK   test_variance_measured_positive_and_unknown_offsets
   OK   test_unit_cost_and_maintenance_preserve_unknown_and_measured_controls
   3 passed
== tests/test_cost_governance_wave2.py
   OK   test_a_caller_does_not_reserve_against_itself
   OK   test_a_check_writes_a_reservation_before_the_call_and_another_process_sees_it
   OK   test_a_directory_this_system_created_goes_even_when_the_body_raises
   OK   test_a_render_path_with_no_directory_loses_the_chart_loudly_or_not_at_all
   OK   test_a_render_with_nowhere_to_put_it_is_refused_rather_than_leaked
   OK   test_a_reservation_whose_holder_died_expires_rather_than_charging_for_ever
   OK   test_a_run_that_fits_nothing_names_the_ceiling_that_stopped_it
   OK   test_a_spender_the_registry_has_never_heard_of_gets_no_invented_ceiling
   OK   test_a_supplied_working_directory_is_never_deleted
   OK   test_an_agent_over_its_daily_ceiling_is_refused_before_the_call
   OK   test_an_agent_permission_is_a_subclass_so_every_existing_refusal_still_refuses
   OK   test_an_agent_whose_run_is_holding_unbilled_spend_is_refused_on_the_total
   OK   test_every_prefix_a_call_site_uses_is_one_the_disk_signal_counts
   OK   test_no_production_module_creates_a_directory_nothing_removes
   OK   test_only_dead_letters_that_are_refusals_working_are_ever_removed
   OK   test_purge_dead_skips_a_dead_letter_that_evidence_points_at
   OK   test_release_returns_the_money_and_records_what_the_call_actually_cost
   OK   test_retention_cannot_take_the_completed_job_count_below_the_gate_that_reads_it
   OK   test_retention_keeps_every_audit_action_a_gate_counts_over_all_time
   OK   test_retention_keeps_the_newest_jobs_of_every_type_so_the_history_of_types_survives
   OK   test_retention_keeps_the_newest_rows_of_every_action_whatever_the_horizon
   OK   test_retention_never_touches_the_rows_every_ceiling_is_computed_from
   OK   test_retention_refuses_to_run_when_the_code_reads_an_action_it_has_no_decision_about
   OK   test_retention_will_not_delete_a_job_that_evidence_points_at
   OK   test_the_agent_refusal_says_the_month_still_has_room_because_it_does
   OK   test_the_batch_and_the_guard_are_sized_on_the_same_arithmetic
   OK   test_the_batch_never_exceeds_the_months_remaining_headroom
   OK   test_the_batch_shrinks_when_the_agents_other_cadences_have_spent_the_day
   OK   test_the_benchmark_owns_the_directory_its_renders_land_in
   OK   test_the_gallery_batch_is_computed_from_the_ceiling_and_fits_inside_it
   OK   test_the_job_horizon_clears_the_longest_cadence_period
   OK   test_the_monthly_ceiling_is_checked_first_because_it_is_the_budget
   OK   test_the_period_is_read_from_the_schedule_that_fires_it
   OK   test_the_permission_and_the_month_are_asked_about_the_same_day
   OK   test_the_reservation_is_what_refuses_the_second_of_two_concurrent_callers
   OK   test_the_retention_cadence_and_its_permission_exist_together
   OK   test_the_spend_signal_can_see_money_that_is_reserved_and_not_yet_billed
   OK   test_the_sweep_closes_abandoned_reservations_and_says_they_were_abandoned
   OK   test_there_is_no_images_per_run_constant_left_to_drift
== tests/test_creative.py
   OK   test_a_concept_cannot_be_described_in_words_nobody_chose
   OK   test_a_genuinely_diverse_field_runs_and_most_of_it_dies
   OK   test_a_recolour_is_the_same_idea_and_the_distance_says_zero
   OK   test_one_critic_is_enough_because_a_scoring_jury_averages_the_fatal_objection_away
   OK   test_structural_cleanliness_is_never_approval
   OK   test_the_autopsy_names_the_cause_rather_than_counting_the_dead
   OK   test_the_critics_each_catch_the_thing_they_are_named_for
   OK   test_the_gate_fails_our_own_catalogue_and_says_why
   OK   test_the_generators_degrees_of_freedom_are_measured_from_the_cir_not_asserted
   OK   test_the_scorecard_refuses_to_read_a_softening_jury_as_progress
   OK   test_twenty_recolours_are_refused_as_a_field_before_any_of_them_is_judged
== tests/test_creators.py
   OK   test_a_clean_graduation_keeps_the_two_relationships_two
   OK   test_a_collaboration_that_asks_for_nothing_is_refused
   OK   test_a_measured_run_reports_the_proof_assets_and_the_spend
   OK   test_a_permission_with_no_reference_is_an_assertion
   OK   test_a_photo_licensed_for_their_channel_is_not_licensed_for_our_listing
   OK   test_a_recorded_creator_keeps_its_evidence_field_honest
   OK   test_a_renewal_beats_the_expired_row_it_replaced
   OK   test_a_review_is_not_a_deliverable_and_cannot_be_made_one
   OK   test_a_sentiment_condition_is_refused_even_when_the_deliverable_is_honest
   OK   test_a_specialty_outside_the_departments_is_refused
   OK   test_a_stated_audience_is_kept_as_a_claim_with_its_source
   OK   test_a_tester_who_has_not_demonstrated_reliability_is_not_high_performing
   OK   test_absent_permission_is_not_implied_permission
   OK   test_an_affiliate_arrangement_must_be_disclosed_where_it_is_read
   OK   test_an_all_unmeasured_portfolio_scales_and_stops_nothing
   OK   test_an_empty_roster_reports_a_gap_in_the_roster
   OK   test_an_engagement_rate_travels_with_the_day_it_was_observed
   OK   test_an_expired_permission_is_refused_like_an_absent_one
   OK   test_an_honest_brief_passes_and_says_what_it_is_buying
   OK   test_an_unmeasured_relationship_is_not_a_weak_one
   OK   test_an_unpublished_address_has_no_basis_and_a_refusal_removes_it
   OK   test_an_unrecorded_audience_is_not_zero
   OK   test_blank_agreements_cannot_graduate_a_tester
   OK   test_consent_to_test_is_not_consent_to_advocate
   OK   test_contribution_per_dollar_decides_once_there_is_a_record
   OK   test_free_seeding_is_judged_on_what_it_produced_rather_than_returned
   OK   test_money_makes_it_the_owners_decision
   OK   test_never_having_been_asked_is_neither_reliable_nor_unreliable
   OK   test_no_code_path_can_project_a_reach
   OK   test_one_agreement_covering_both_is_refused
   OK   test_one_good_collaboration_is_not_a_track_record
   OK   test_outreach_travels_on_the_published_address_basis
   OK   test_relevance_is_a_condition_rather_than_a_courtesy
   OK   test_spend_does_not_scale_on_an_unmeasured_outcome
   OK   test_state_names_what_can_never_be_bought
   OK   test_testing_terms_that_reach_for_anything_public_are_refused
   OK   test_the_message_requirements_are_the_casl_ones_and_not_a_second_copy
   OK   test_the_roster_is_empty_and_says_so_rather_than_reporting_zero_reliability
   OK   test_the_shortlist_is_ordered_by_delivered_work_and_not_by_audience
   OK   test_two_completed_collaborations_are_a_coincidence
== tests/test_credential_register.py
   OK   test_a_rotation_with_evidence_retires_the_card_and_age_alone_never_does
   OK   test_every_unrotated_credential_is_an_owner_card_in_the_directive_format
   OK   test_rotated_without_evidence_or_before_exposure_is_a_problem
   OK   test_the_chat_exposed_anthropic_key_is_seeded_as_rotation_required
   OK   test_the_live_register_is_sound_and_has_no_field_that_could_hold_a_value
   OK   test_the_register_refuses_an_entry_carrying_something_shaped_like_a_value
== tests/test_crochet_topology.py
   crochet topology
   OK   stitch count matches the CIR
   OK   loop targets match the CIR
   OK   no stitch passes beside the loop below
   OK   every stitch's linkage is measurable
   OK   every stitch is linked
   OK   every linking number is exactly one, in one sense or the other
   OK   the authored geometry's interpenetration is where we think it is
   OK   and the validator therefore refuses it
   OK   clearance is built in, not relaxed in afterwards
   OK   settling does not destroy linkage
   OK   settling relieves contact
   OK   front_loop span is the loop alone
   OK   back_loop span is the loop alone
   OK   the front loop does not double back on itself
   OK   the small swatch is not representative
   OK   the large swatch exercises every loop target
   OK   no unlinked stitches at scale
   OK   the same interpenetration is present at scale, not just in the small fixture
   OK   the yarn is one path
   OK   turning chains join the rows
   OK   coverage reports the small swatch incomplete
   OK   coverage names what the small swatch is missing
   OK   the large fixture covers every semantic state
   OK   every loop target is exercised in both working directions
   OK   stitch pitch matches the certified gauge
   OK   row height matches the certified gauge
   OK   yarn per stitch is the right order of magnitude
   OK   every stitch is shaped like a half double crochet
   OK   relaxation lifts the strands off each other
   OK   relaxation clears the contact floor
   OK   no strand could have passed through another at any point
   OK   yarn length is preserved
   OK   yarn strain stays small
   OK   relaxation keeps every stitch shaped like a half double
   OK   the certified linkage pairs are exactly the stitches the validator demands a linking number for
   OK   every pair is a stitch and the stitch DIRECTLY BELOW IT in its own wale, which is what 'worked into' means
   OK   the foundation row has no linkage pair, because it was not worked into anything
   OK   each pair holds by the anchor's OWN top-loop legs -- one leg under a single loop target, both legs under 'both' -- and by nothing else
   OK   the passing span is the construction's own pull_through -- insert, through, behind, emerge -- rather than the whole stitch
   OK   the spans index the concatenated yarn path, so a consumer outside this module reads the same points the validator does
   OK   the fixture exercises single-loop linkage as well as both-loop, so the holding-arc choice is actually tested
   OK   every stitch of the certified fabric has a local frame
   OK   the shared local frame is orthonormal and right handed, so the linkage check and the morphology check cannot disagree about which way is down at the same stitch
   
     43 passing, 0 failing
== tests/test_culture.py
   OK   test_a_basis_must_record_something_behind_it
   OK   test_a_gate_failure_is_excluded_from_the_ranking_rather_than_ranked_last
   OK   test_a_protected_element_cannot_reach_a_customer_through_the_original_lane
   OK   test_a_protected_element_with_no_basis_goes_to_the_original_lane_not_to_a_refusal
   OK   test_a_radar_with_no_feed_says_so_rather_than_reporting_no_trends
   OK   test_a_second_sighting_in_the_same_season_is_not_a_second_year
   OK   test_a_signal_seen_again_a_year_later_is_a_recurring_territory
   OK   test_a_signal_with_no_source_is_a_hunch
   OK   test_a_territory_with_one_role_filled_is_not_a_collection
   OK   test_age_alone_is_not_recurrence
   OK   test_an_era_invented_per_signal_is_a_franchise_with_a_different_name
   OK   test_an_exit_keeps_its_reason_because_the_reason_is_the_asset
   OK   test_an_unobserved_component_is_absent_rather_than_zero
   OK   test_any_one_exit_condition_is_sufficient_and_unmeasured_is_not_failure
   OK   test_breadth_is_families_and_distinct_premises_rather_than_a_count
   OK   test_culture_findings_are_routed_to_departments_that_can_act_on_them
   OK   test_decomposition_is_checked_rather_than_trusted
   OK   test_lead_lag_names_the_case_where_the_radar_is_reporting_the_news
   OK   test_one_reading_is_a_level_and_two_are_a_momentum
   OK   test_rights_and_make_time_are_gates_rather_than_weights
   OK   test_the_lead_lag_default_is_the_channel_the_feed_actually_writes
   OK   test_the_public_domain_screen_refuses_to_do_arithmetic_it_should_not_do
   OK   test_the_rapid_cell_buys_speed_with_parallelism_and_never_with_a_gate
   OK   test_the_routing_decision_is_made_once_at_observation_and_stored
   OK   test_the_token_check_is_word_boundary_rather_than_substring
   OK   test_what_this_company_owns_is_countable
== tests/test_culture_feed.py
   OK   test_a_filing_about_a_topic_nobody_raised_is_refused
   OK   test_a_holed_series_fails_the_probe
   OK   test_a_provider_failure_leaves_the_list_unfiled_rather_than_empty
   OK   test_a_real_series_opens_the_feed
   OK   test_a_sensitive_signal_is_routed_nowhere
   OK   test_a_sweep_that_recorded_nothing_says_why
   OK   test_a_topic_outside_the_domain_vocabulary_is_refused
   OK   test_a_topic_with_no_distinguishing_word_refuses_to_match_everything
   OK   test_a_topic_with_too_few_listings_is_unmeasured_and_not_zero
   OK   test_an_empty_ranking_refuses
   OK   test_an_empty_series_refuses_rather_than_recording_zero_interest
   OK   test_deaths_and_disasters_are_flagged_whatever_domain_they_file_under
   OK   test_discovery_drops_meta_pages
   OK   test_discovery_exists_because_a_hand_written_list_finds_only_what_its_author_knew
   OK   test_every_recorded_reading_names_where_it_came_from
   OK   test_filing_is_never_permission
   OK   test_lead_lag_reads_the_channel_the_feed_actually_writes
   OK   test_short_and_common_words_never_match_a_listing
   OK   test_the_channel_is_reference_and_never_search
   OK   test_the_courtesy_limit_is_here_rather_than_in_configuration
   OK   test_the_pipeline_lag_is_carried_rather_than_hidden
   OK   test_the_series_says_it_is_one_shop_publishing_rather_than_a_market_buying
   OK   test_the_standing_topics_are_article_titles_rather_than_this_builds_vocabulary
   OK   test_the_weights_half_of_147_is_named_unmeasured_rather_than_approximated
== tests/test_currency.py
   OK   test_a_currency_with_no_rate_on_file_is_refused_rather_than_guessed
   OK   test_an_amount_with_no_currency_cannot_be_recorded
   OK   test_an_assumed_rate_says_it_is_assumed
   OK   test_an_unobserved_benchmark_has_no_language_to_attribute
   OK   test_every_fee_class_the_requirement_names_is_priced_or_named_as_unobserved
   OK   test_net_contribution_is_reported_before_the_sticker_price
   OK   test_one_market_is_not_a_cross_border_lens_however_many_listings_it_has
   OK   test_terminology_names_the_stitch_collision_rather_than_a_preference
   OK   test_thanksgiving_is_six_weeks_apart_and_the_calendar_holds_one_of_them
   OK   test_the_attribution_reads_the_benchmark_rather_than_returning_us
   OK   test_the_gate_268_waits_on_counts_markets_and_not_credentials
   OK   test_the_observed_language_is_american_not_canadian_and_not_global
   OK   test_the_one_thing_that_does_not_differ_is_stated_rather_than_assumed
   OK   test_the_transaction_currency_survives_the_conversion
== tests/test_customer_data_auth.py
   /home/user/Project-Money/brambleloop/.venv/lib/python3.11/site-packages/fastapi/testclient.py:1: StarletteDeprecationWarning: Using `httpx` with `starlette.testclient` is deprecated; install `httpx2` instead.
     from starlette.testclient import TestClient as TestClient  # noqa
   OK   test_support_route_is_declared_customer_bearing
   OK   test_customer_routes_are_closed_when_no_credential_is_configured
   OK   test_customer_routes_refuse_a_missing_or_wrong_credential
   OK   test_customer_routes_serve_the_operator_with_the_credential
   OK   test_no_other_get_route_returns_customer_fields_without_the_credential
   OK   test_the_first_response_card_names_the_case_not_the_buyer
   OK   test_owner_card_routes_never_carry_the_recorded_buyer
   OK   test_a_card_that_does_quote_a_buyer_is_redacted_on_render
   OK   test_the_enumeration_includes_the_dashboard_and_console
   9/9 passed in 124s
== tests/test_dashboard_spend.py
   /home/user/Project-Money/brambleloop/.venv/lib/python3.11/site-packages/fastapi/testclient.py:1: StarletteDeprecationWarning: Using `httpx` with `starlette.testclient` is deprecated; install `httpx2` instead.
     from starlette.testclient import TestClient as TestClient  # noqa
   OK   the block names the monthly ceiling as a figure
   OK   scoped paid-media caps are reported as none configured with the reason
   OK   the bare sentence that said the company had no limits is gone
   OK   the dashboard page renders the governance block
   OK   the data behind the block is structured, not only prose
   OK   mixed recorded costs do not become observed actual
   OK   page renders with nullable actual and explicit unknown closure
   
     7 passing, 0 failing
== tests/test_defects.py
   OK   test_a_class_the_taxonomy_does_not_have_is_refused
   OK   test_a_class_with_a_detector_and_no_fixture_is_named
   OK   test_a_defect_with_no_reproduction_is_a_memory
   OK   test_a_first_occurrence_asks_for_a_fixture
   OK   test_a_fixture_that_stops_running_is_a_regression_nothing_announces
   OK   test_a_growing_fixture_set_is_monotonic
   OK   test_a_recurrence_after_a_fixture_is_a_bug_in_the_fixture
   OK   test_a_reproducible_defect_carries_what_reproduces_it
   OK   test_coverage_refuses_a_class_that_does_not_exist
   OK   test_every_class_names_the_checker_that_finds_it
   OK   test_every_class_the_requirement_names_exists
   OK   test_full_coverage_says_so
   OK   test_monotonic_is_about_fixtures_rather_than_defect_counts
   OK   test_monotonic_needs_more_than_one_reading
   OK   test_state_names_why_these_never_got_fixtures_before
   OK   test_the_two_are_different_findings_not_the_same_one_twice
== tests/test_deliverable.py
   OK   test_a_bundle_is_read_from_the_incumbent_s_own_title
   OK   test_a_department_nobody_has_observed_enough_of_is_not_scored
   OK   test_a_listing_that_says_everything_and_one_that_says_nothing_are_told_apart
   OK   test_a_new_reading_reaches_the_listings_that_did_not_change
   OK   test_a_physical_item_is_not_unclear_for_failing_to_say_pdf
   OK   test_a_size_letter_is_read_from_a_size_clause_and_not_from_the_whole_listing
   OK   test_a_size_range_is_only_asked_of_departments_that_have_one
   OK   test_an_unread_description_is_unknown_and_never_counted_as_a_weakness
   OK   test_an_unreadable_weakness_leaves_the_opening_rather_than_entering_it_as_zero
   OK   test_every_weakness_the_requirement_names_is_measured_or_named_as_needing_vision
   OK   test_the_hunt_reports_silence_per_fact_so_the_gap_is_actionable
   OK   test_the_hunt_still_refuses_to_report_an_empty_catalogue_as_no_weaknesses
   OK   test_the_scorer_was_a_pure_function_nobody_fed
   OK   test_the_seller_s_words_are_read_and_not_kept
== tests/test_deliverable_qa.py
   OK   test_a_cabled_throw_is_not_sold_as_beginner_work
   OK   test_a_childrens_document_missing_a_statement_is_refused_rather_than_shipped
   OK   test_a_childrens_pattern_carries_every_statement_its_audience_requires
   OK   test_a_childrens_title_nobody_has_decided_about_is_refused_rather_than_rendered
   OK   test_a_pattern_that_is_not_for_a_child_does_not_acquire_a_safety_block
   OK   test_a_pattern_whose_two_gauges_agree_is_not_given_a_paragraph_about_it
   OK   test_a_round_chart_that_shows_one_wedge_says_so_on_the_picture_itself
   OK   test_a_special_stitch_is_explained_where_it_is_used_and_nowhere_else
   OK   test_a_terminology_note_is_not_a_stitch_key
   OK   test_a_uk_document_states_its_gauge_in_uk_terms_everywhere_it_states_it
   OK   test_a_uk_document_that_would_instruct_the_wrong_stitch_is_refused
   OK   test_a_vessel_is_never_told_to_dry_flat_and_a_flat_piece_still_is
   OK   test_a_wedge_chart_shows_a_whole_repeat_of_every_round
   OK   test_an_unrenderable_code_is_refused_rather_than_printed_as_its_us_abbreviation
   OK   test_both_terminologies_render_for_every_shippable_design
   OK   test_every_abbreviation_in_the_instructions_is_defined_in_the_document
   OK   test_every_crochet_abbreviation_in_the_document_is_one_the_key_defines
   OK   test_every_piece_of_type_inside_a_chart_clears_the_brands_minimum
   OK   test_every_place_that_renders_the_customer_pdf_pins_its_date
   OK   test_every_place_that_ships_the_customer_pdf_ships_every_terminology
   OK   test_every_registered_stitch_has_a_difficulty_and_none_defaults_to_easy
   OK   test_every_statement_in_the_block_shows_its_source_or_says_it_has_none
   OK   test_every_tool_the_instructions_require_is_on_the_materials_list
   OK   test_no_chart_cell_is_smaller_than_the_brand_allows_type_to_be
   OK   test_no_document_explains_a_gauge_difference_with_a_stitch_it_does_not_contain
   OK   test_no_method_paragraph_spells_a_terminology_sensitive_stitch_name_out
   OK   test_no_surface_holds_licence_prose_of_its_own
   OK   test_no_two_stitches_share_a_chart_glyph
   OK   test_no_type_in_the_customer_document_is_set_below_the_brand_minimum
   OK   test_support_does_not_send_a_buyer_looking_for_a_column_that_does_not_exist
   OK   test_the_cable_crossing_direction_is_reported_rather_than_invented
   OK   test_the_chart_and_its_legend_are_pictures_and_the_document_says_where_the_text_is
   OK   test_the_chart_reads_the_brand_palette_rather_than_a_second_copy_of_it
   OK   test_the_chart_shows_the_repeat_the_written_instructions_use
   OK   test_the_charts_own_small_type_clears_the_contrast_floor
   OK   test_the_colour_key_describes_the_chart_that_was_actually_printed
   OK   test_the_colour_key_the_document_tells_a_maker_to_use_exists_in_text
   OK   test_the_document_carries_an_outline_a_phone_reader_can_jump_with
   OK   test_the_document_reconciles_its_stated_gauge_with_the_fabric_it_makes
   OK   test_the_file_is_a_complete_readable_pdf_with_its_own_metadata
   OK   test_the_footer_tells_a_buyer_whether_their_download_finished
   OK   test_the_greyscale_warning_names_the_colours_that_merge
   OK   test_the_key_and_the_writer_agree_about_what_the_document_prints
   OK   test_the_key_completeness_check_is_measured_on_the_whole_document
   OK   test_the_key_covers_the_stitches_that_never_appear_in_the_chart
   OK   test_the_key_declares_a_token_for_every_stitch_in_the_canonical_registry
   OK   test_the_key_does_not_contradict_the_instructions_about_joining_the_rounds
   OK   test_the_letter_on_a_chart_square_is_legible_on_any_yarn_colour
   OK   test_the_licence_in_the_real_pdf_is_the_one_the_company_decided
   OK   test_the_listing_chart_shows_what_the_document_shows
   OK   test_the_newly_assigned_baby_blanket_now_carries_its_safety_block
   OK   test_the_pdf_the_listing_and_the_gate_read_one_difficulty_ladder
   OK   test_the_progress_table_reads_the_height_the_twin_measured_rather_than_a_share_of_it
   OK   test_the_round_chart_draws_every_round_it_does_not_account_for
   OK   test_the_safety_block_derives_its_facts_from_the_pattern_it_is_in
   OK   test_the_same_release_renders_the_same_bytes_on_a_different_day
   OK   test_the_small_print_is_legible_and_no_smaller_than_the_brand_allows
   OK   test_the_special_stitch_method_names_its_stitches_in_the_documents_terminology
   OK   test_the_support_route_the_terms_promise_is_the_one_the_document_names
   OK   test_the_two_documents_are_delivered_under_names_that_tell_them_apart
   OK   test_the_uk_render_localises_every_stitch_the_document_can_contain
== tests/test_departments.py
   OK   test_a_catalogue_nobody_has_seen_is_not_underperforming
   OK   test_a_closed_seasonal_window_is_not_a_product_failure
   OK   test_a_commercial_email_without_an_unsubscribe_is_blocked
   OK   test_a_crochet_along_is_only_proposed_for_something_long_enough_to_need_one
   OK   test_a_legal_matter_is_never_absorbed_by_the_materials_desk
   OK   test_a_long_lived_conversion_problem_becomes_rework_not_another_listing_tweak
   OK   test_a_product_gets_a_full_content_ecosystem
   OK   test_a_reply_may_never_trade_or_steer_a_review
   OK   test_a_winner_is_classified_as_something_to_build_from
   OK   test_an_open_p1_outranks_every_commercial_signal
   OK   test_clicks_with_no_saves_is_the_product_rather_than_the_offer
   OK   test_content_is_scheduled_backwards_from_launch_with_time_to_index
   OK   test_content_may_not_state_a_size_the_pattern_does_not_produce
   OK   test_engagement_bait_is_rejected
   OK   test_every_class_has_an_intervention_ladder
   OK   test_every_message_reaches_the_right_desk
   OK   test_four_pins_say_four_different_things
   OK   test_high_clicks_and_low_conversion_is_an_offer_problem
   OK   test_high_impressions_and_low_clicks_is_a_listing_problem
   OK   test_high_sales_with_high_support_is_a_quality_emergency
   OK   test_legal_and_privacy_always_escalate
   OK   test_nothing_is_ever_sent_in_shadow_mode
   OK   test_repeated_questions_about_one_row_surface_as_a_candidate_defect
   OK   test_retirement_comes_after_the_ladder_not_instead_of_it
   OK   test_routine_questions_do_not_wake_the_owner
   OK   test_support_still_cannot_change_a_pattern
   OK   test_support_will_not_answer_without_knowing_which_version
   OK   test_the_free_teaser_must_be_a_real_validated_motif
== tests/test_dependency.py
   OK   test_a_spread_axis_is_sound_rather_than_praised
   OK   test_an_empty_axis_is_unmeasurable_rather_than_diversified
   OK   test_an_unknown_axis_is_refused_rather_than_scored
   OK   test_concentration_alone_is_not_a_finding
   OK   test_every_axis_names_what_would_make_it_load_bearing
   OK   test_holders_per_product_is_undefined_rather_than_fine_with_no_products
   OK   test_no_provider_configured_is_a_worse_state_than_concentration_and_says_which
   OK   test_the_axis_that_is_genuinely_existential_today_says_so
   OK   test_two_holders_is_still_concentrated_however_even_the_split
== tests/test_dependency_lock.py
   OK   test_a_lock_line_that_is_not_an_exact_pin_or_a_hash_is_refused_rather_than_skipped
   OK   test_every_lock_entry_is_an_exact_pin_carrying_at_least_one_sha256
   OK   test_every_requirements_txt_entry_is_pinned_in_the_lock_at_a_satisfying_version
   OK   test_the_change_record_names_added_removed_and_changed_distributions
   OK   test_the_dockerfile_installs_the_lock_with_require_hashes_and_never_the_unpinned_file
   OK   test_the_lock_is_exactly_the_installed_closure_of_the_interpreter_running_the_suite
   OK   test_uvicorn_standard_extras_are_followed_into_the_lock
== tests/test_deploy.py
   /home/user/Project-Money/brambleloop/.venv/lib/python3.11/site-packages/fastapi/testclient.py:1: StarletteDeprecationWarning: Using `httpx` with `starlette.testclient` is deprecated; install `httpx2` instead.
     from starlette.testclient import TestClient as TestClient  # noqa
   OK   test_a_chain_rebuild_can_be_started_on_demand
   OK   test_a_hosted_container_refuses_to_run_on_ephemeral_storage
   OK   test_a_just_started_runner_reads_as_starting_and_a_silent_one_still_reads_as_dead
   OK   test_a_planning_cycle_can_be_started_on_demand_and_is_idempotent_per_date
   OK   test_a_readiness_assessment_can_be_started_on_demand_and_is_idempotent_per_minute
   OK   test_a_reworded_owner_action_is_restated_in_place_not_queued_twice
   OK   test_an_unknown_build_never_matches_a_commit
   OK   test_dashboard_renders_without_a_build_step
   OK   test_every_get_endpoint_answers_rather_than_500ing
   OK   test_health_reports_a_real_database_check
   OK   test_no_route_is_registered_twice
   OK   test_one_unhappy_subsystem_does_not_take_the_whole_dashboard_down
   OK   test_platform_database_url_is_normalised
   OK   test_runner_state_is_honest_about_a_worker_that_is_not_running
   OK   test_scheduler_tick_endpoint_is_idempotent_within_a_window
   OK   test_status_endpoint_exposes_what_an_absent_owner_needs
   OK   test_the_catalogue_endpoint_is_explicit_that_nothing_is_published
   OK   test_the_command_centre_shows_every_build_2_subsystem
   OK   test_the_container_runs_the_company_by_itself
   OK   test_the_finance_endpoint_reports_unmeasured_sales_and_no_forecast
   OK   test_the_launch_endpoint_separates_what_is_ours_from_what_is_the_owners
   OK   test_the_model_assertion_is_about_spend_rather_than_about_a_key_existing
   OK   test_the_owner_queue_is_written_by_the_system_not_by_hand
   OK   test_the_requeue_endpoint_is_closed_without_the_operator_credential
   OK   test_the_requeue_endpoint_never_re_drives_a_publication_refusal
   OK   test_the_requirement_registry_travels_with_its_package
   OK   test_the_status_endpoint_says_which_commit_is_running
   OK   test_the_support_endpoint_shows_that_nothing_was_sent
   OK   test_verify_endpoint_reports_the_standing_safety_assertions
   OK   test_verify_fails_loudly_rather_than_reporting_green_on_ephemeral_storage
   OK   test_verify_reports_whether_the_runner_is_starting_rather_than_deciding_silently
   OK   test_verify_survives_the_one_condition_it_exists_to_report
== tests/test_deploy_guard.py
   OK   test_a_candidate_that_is_not_a_descendant_of_production_is_refused_as_a_rollback
   OK   test_a_green_full_clean_run_on_a_descendant_of_production_is_allowed
   OK   test_a_missing_or_red_suite_record_is_refused
   OK   test_a_record_whose_log_contradicts_it_or_is_gone_is_refused
   no matching suite run record
   OK   test_latest_suite_is_a_file_query_and_the_cli_exit_code_is_the_verdict
   OK   test_the_guard_contains_no_deploy_path
   OK   test_unknown_or_foreign_deployed_commit_is_refused_not_assumed
== tests/test_deploy_path.py
   OK   test_a_push_to_another_branch_is_not_a_deploy_and_is_not_checked
   OK   test_a_push_to_production_runs_the_guard_with_the_deployed_commit
   OK   test_deleting_the_production_branch_is_refused
   OK   test_deploy_sh_pushes_nothing_when_the_guard_refuses
   OK   test_deploy_sh_runs_the_guard_before_its_only_push
   OK   test_one_refused_ref_refuses_the_whole_push
   OK   test_the_deployed_commit_comes_from_production_status_and_unknown_refuses
   OK   test_the_installed_hook_refuses_an_unproven_push_to_production_and_passes_others
   OK   test_the_operator_loop_and_the_resume_manifest_carry_the_step
   
   PASS: 0 failing
== tests/test_depth.py
   OK   test_a_brief_names_forms_lanes_and_the_last_date_they_can_launch
   OK   test_a_department_past_its_window_is_next_season_not_this_one
   OK   test_a_department_the_event_does_not_span_is_refused
   OK   test_an_uncalibrated_plan_says_so
   OK   test_briefs_are_never_counted_as_coverage
   OK   test_covering_a_department_removes_its_brief
   OK   test_hurry_and_stop_are_kept_apart
   OK   test_the_plan_leads_with_what_can_still_be_started
== tests/test_dimensions.py
   OK   test_a_canonical_measurement_names_its_component
   OK   test_a_card_and_the_geometry_describing_different_states_is_a_problem
   OK   test_a_displayed_measurement_must_name_its_source
   OK   test_a_number_with_no_axis_is_unreadable_rather_than_wrong
   OK   test_a_size_variant_is_required_only_where_the_product_has_variants
   OK   test_a_traced_number_that_does_not_match_its_source_is_a_different_number
   OK   test_an_axis_the_vocabulary_does_not_have_is_refused
   OK   test_blocked_state_is_required_because_the_difference_is_material
   OK   test_context_missing_from_both_display_and_source_is_reported
   OK   test_different_axes_of_one_component_are_not_a_contradiction
   OK   test_rounding_inside_the_transcription_tolerance_is_fine
   OK   test_state_names_the_check_the_module_exists_for
   OK   test_the_canonical_object_contradicting_itself_is_reported_first
   OK   test_the_label_is_generated_so_nobody_writes_it_differently_twice
   OK   test_the_same_number_in_two_places_is_not_a_contradiction
   OK   test_the_unexplained_marker_is_caught_by_name
   OK   test_two_numbers_disagreeing_about_the_same_thing_is_the_headline_defect
== tests/test_discipline.py
   OK   test_a_faster_week_that_cost_quality_is_a_worse_week
   OK   test_a_metric_moving_off_zero_is_not_skipped_by_the_divide_guard
   OK   test_a_recommendation_can_never_authorise_itself
   OK   test_a_review_that_stops_nothing_has_to_say_why
   OK   test_a_single_week_is_a_count_rather_than_a_velocity
   OK   test_a_smaller_target_is_not_a_nearer_one_when_nothing_has_been_sold
   OK   test_growth_is_a_category_not_a_purpose
   OK   test_stopping_something_needs_a_reason_somebody_can_argue_with_later
   OK   test_the_architecture_stage_is_earned_and_moves_neither_band
   OK   test_the_five_categories_are_separate_because_they_fail_differently
   OK   test_the_recommendation_is_scaled_by_confidence_rather_than_by_appetite
   OK   test_the_release_count_is_never_returned_without_its_companions
   OK   test_the_reserves_fill_before_anything_is_spare
   OK   test_the_target_chooses_the_question_rather_than_adjusting_the_answer
   OK   test_the_weekly_review_cannot_have_only_one_half
== tests/test_disclosed_certified_upload.py
   OK   test_lifestyle_quality_reads_the_presentation_standard_for_a_verified_render 36.5s
   OK   test_copy_without_the_disclosure_fails_lifestyle_quality 0.0s
   OK   test_each_presentation_check_failing_or_missing_blocks 0.6s
   OK   test_the_presentation_route_needs_structural_pass_and_gives_a_photo_nothing 0.0s
   OK   test_the_disclosed_set_is_certified_and_served_with_its_alt_text 5.2s
   OK   test_no_certificate_without_the_copy_disclosure_and_nothing_served 0.6s
   OK   test_the_upload_path_refuses_a_certificate_that_was_altered_or_bytes_that_changed 4.6s
   7/7 passing
== tests/test_disclosed_render.py
   OK   test_same_inputs_render_identical_bytes 24.4s
   OK   test_manifest_records_the_construction_it_claims 2.3s
   OK   test_unsupported_constructions_are_refused_not_guessed 0.0s
   OK   test_every_launch0_frame_verifies_against_its_cir 27.7s
   OK   test_expected_values_are_recomputed_from_the_compiler 0.0s
   OK   test_a_missing_stitch_fails 5.3s
   OK   test_two_stitches_merged_into_one_fails 1.5s
   OK   test_wrong_colour_placement_fails 4.0s
   OK   test_a_raised_post_where_the_pattern_has_none_fails 1.4s
   OK   test_wrong_scale_or_dimensions_fail 3.4s
   OK   test_a_swapped_product_fails 3.3s
   OK   test_a_view_claimed_as_another_view_fails 1.1s
   OK   test_generative_looking_redraws_fail 4.5s
   OK   test_disclosure_caption_removed_or_reworded_fails 2.4s
   OK   test_false_size_and_claim_text_fail_verification 5.3s
   OK   test_the_audits_tampered_image_does_not_pass 1.2s
   OK   test_a_single_wrong_figure_in_the_size_label_fails 1.5s
   OK   test_text_in_other_colours_or_inside_the_product_zone_fails 5.5s
   OK   test_honest_frames_letter_the_cirs_own_figures 0.0s
   OK   test_structural_floor_passes_only_on_verified_bound_bytes 0.0s
   OK   test_manifest_lie_with_another_products_correct_pixels_fails 0.0s
   OK   test_photos_and_generations_get_nothing_from_the_render_branch 0.0s
   OK   test_existing_refusals_hold_on_a_disclosed_frame 1.3s
   OK   test_disclosure_is_enforced_in_image_alt_text_and_copy 2.4s
   OK   test_policy_classification_writes_the_disclosure_into_the_copy 0.0s
   OK   test_listing_sets_pass_every_qa_gate 28.7s
   OK   test_340px_legibility_catches_a_lost_piece_and_a_vanished_colour 1.7s
   27/27 passing
== tests/test_disclosed_render_runtime.py
   OK   test_assets_build_files_verified_disclosed_frames_that_parity_reads 37.2s
   OK   test_the_certified_image_path_refuses_a_disclosed_frame 25.3s
   OK   test_listing_asset_make_falls_back_to_the_disclosed_set_only_with_a_render_authority 11.7s
   3/3 passing
== tests/test_division.py
   OK   test_a_component_cannot_declare_the_same_hold_twice
   OK   test_a_divided_pattern_tells_the_maker_what_became_of_the_held_stitches
   OK   test_a_hold_nobody_resumes_is_an_error
   OK   test_a_hold_on_a_row_that_does_not_exist_is_refused
   OK   test_a_hold_past_the_end_of_its_row_is_refused
   OK   test_a_pattern_with_no_division_is_untouched
   OK   test_a_row_cannot_hold_everything_it_has
   OK   test_a_sleeve_that_picks_up_the_wrong_count_is_an_error
   OK   test_a_top_down_yoke_compiles_clean
   OK   test_overlapping_holds_are_refused
   OK   test_resuming_a_hold_nobody_declared_is_refused
   OK   test_the_twin_builds_from_a_divided_pattern
   OK   test_two_components_cannot_resume_the_same_hold
   OK   test_without_the_hold_the_same_rounds_are_an_underrun
== tests/test_draft_creation_durability.py
   OK   test_before_create_failure_refuses_blind_retry_even_if_remote_did_nothing
   OK   test_after_create_lost_response_blocks_retry_without_invented_remote_id
   OK   test_after_checkpoint_upload_crash_retains_id_and_public_handler_never_recreates
   OK   test_checkpoint_failure_after_id_return_prevents_upload_and_retry
   OK   test_concurrent_connections_allow_only_one_committed_creation_owner
   OK   test_hard_process_exit_leaves_creating_intent_that_blocks_new_process
   6/6 passing
== tests/test_draft_intent_precreate_refusal.py
   ......../home/user/Project-Money/brambleloop/.venv/lib/python3.11/site-packages/fastapi/testclient.py:1: StarletteDeprecationWarning: Using `httpx` with `starlette.testclient` is deprecated; install `httpx2` instead.
     from starlette.testclient import TestClient as TestClient  # noqa
   /home/user/Project-Money/brambleloop/.venv/lib/python3.11/site-packages/starlette/testclient.py:53: DeprecationWarning: The anyio.abc.BlockingPortal alias is deprecated, use anyio.from_thread.BlockingPortal instead.
     _PortalFactoryType = Callable[[], AbstractContextManager[anyio.abc.BlockingPortal]]
   ....
   ----------------------------------------------------------------------
   Ran 12 tests in 7.942s
   
   OK
== tests/test_drape.py
   OK   gravity moved the fabric out of its plane at all
   OK   every stitch is still linked to the loop it was worked into
   OK   no stitch became unmeasurable for linkage
   OK   every stitch is still shaped like a half double
   OK   no stitch lost the frame its morphology is measured in
   OK   the stitch count is unchanged
   OK   loop targets are untouched
   OK   the yarn path has the same vertices in the same order
   OK   stitch identity and row/position are unchanged
   OK   no strand ever reached another during the solve
   OK   no iteration moved further than its own clearance allowed
   OK   crossing was impossible throughout, not merely absent at the end
   OK   no two non-adjacent strands interpenetrate afterwards
   OK   total yarn length is preserved
   OK   no measurable segment is stretched more than a few per cent
   OK   degenerate sub-micron segments are excluded from the strain statistic and counted
   OK   the yarn is still continuous within every row
   OK   the turns are still joined
   OK   the product's intrinsic width does not change when it is draped
   OK   the product's intrinsic height changes only by load extension, not by resizing
   OK   intrinsic and projected size are reported as different quantities
   OK   the draped fabric passes the same gate the flat one did
   OK   every physical parameter carries a provenance label
   OK   the bending rigidity is labelled bounded rather than sourced
   OK   friction is declared unmodelled rather than quietly omitted
   OK   areal mass is derived from the fabric's own yarn length and extent
   OK   linear density is the tex definition rather than an estimate
   OK   the bending bracket spans orders of magnitude and says so
   OK   flat fabric keeps every third loop clearly below its V
   OK   draping does not push any third loop above its V
   OK   draping does not erode the third-loop margin by more than a yarn diameter
   OK   the margin is reported in millimetres rather than as a verdict
   OK   bounded plastic rest migration is off unless it is asked for
   OK   the default run reports no rest migration whatsoever
   OK   Kaldor's own published plasticity parameters are the ones carried
   OK   the plastic option's provenance separates what is sourced from what is not
   OK   the angular-to-curvature mapping is exact for equal segments, not linearised
   OK   the mapping saturates at a half turn rather than running past it
   OK   displacement that depends only on the row scores as no cross-row variation at all
   OK   displacement that varies only ACROSS the row scores as entirely cross-row variation
   OK   the relief metric reports millimetres alongside the fraction
   OK   supplying the rest curvature explicitly reproduces the captured default exactly
   OK   a rest curvature of the wrong shape is refused rather than broadcast
   OK   releasing the load against the ORIGINAL rest curvature produces a restoring motion
   OK   capturing rest at the start of the release call leaves almost no restoring force, which is why the first recovery experiment was invalid
   OK   plastic rest migration actually migrated the rest state, so it is being measured
   OK   plastic rest migration leaves the stitch count and loop targets untouched
   OK   plastic rest migration keeps every stitch linked
   OK   plastic rest migration preserves total yarn length
   OK   plastic rest migration never let a strand reach another
   OK   the report distinguishes a finished solve from one that ran out of iterations
   OK   the final step is reported, not only the largest one over the run
   OK   the cantilever test reports the overhang it measured, not only the one asked for
   OK   the nominal and measured overhangs do differ, which is why both are reported
   OK   the cantilever test states whether each step's solve converged
   OK   the co-rotational rotation recovers a known rigid rotation at every interior vertex
   OK   every co-rotational rotation is orthogonal with determinant +1
   OK   the bending energy is invariant under pure translation
   OK   the world-space rest state charges real energy for a rigid ROTATION, which is the defect
   OK   the spurious energy is of the same order as the whole gravitational drive: turning one stitch 5 degrees costs what lifting it a good fraction of the drape costs
   OK   it grows quadratically with the angle, so it is a spring and not an offset
   OK   carrying the rest state into the vertex frame removes it to machine precision
   OK   the cylindrical wrap is an isometry of the midsurface to 1e-6
   OK   the wrap really does curve the midsurface rather than translate it
   OK   the imposed-curvature rigidity is independent of the curvature imposed, so a single rigidity describes the model
   OK   the wrap's residual strain on the yarn's own thickness is reported and small
   OK   the bending length follows ASTM's own relation G = W g c^3, with W measured off this fabric rather than looked up
   OK   the two swatches really are different sizes
   OK   with the world-space rest state the bending length grows with the size of the swatch, so it is not a property of the fabric
   OK   with frame invariance the same measurement is size independent to under 1 per cent
   OK   the derivation is declared usable only when the rigidity it inverts is a material property
   OK   re-running the instrument at the derived B lands on the calibration target
   OK   the derived B disagrees with the committed constant, and the factor is reported rather than applied
   OK   the derived B stays inside the published bracket it has to live in
   OK   the derivation refuses to certify itself when frame invariance is off
   OK   the derivation carries every condition it holds under, not just an answer
   OK   bending along the wale and along the course give different rigidities, which is reported rather than averaged away
   OK   whether the artificial hops between ops count changes the derived B by more than an order of magnitude, so the answer is a bracket and the condition is stated
   OK   the path carries segments that are not yarn, and they are identified rather than assumed away
   OK   the length scale the solver uses is the median over the WHOLE path, and it is not the figure the wave 2 record quotes for it
   OK   the cantilever bound is computed from the fabric rather than stated
   OK   the standard cantilever's free region outweighs the tension the force law can supply, so there is no shallow equilibrium to converge to
   OK   the bending energy's analytic gradient matches finite differences on the certified geometry, so the instruments above are differentiating the documented energy
   OK   the force the solver applies is NOT that gradient -- it is the second difference once rather than twice, which is a string and not a beam
   OK   frame-invariant rest actually changes the solve, so it is being exercised
   OK   frame-invariant rest keeps every stitch linked to the loop it was worked into
   OK   frame-invariant rest leaves stitch identity and loop targets untouched
   OK   frame-invariant rest preserves total yarn length
   OK   frame-invariant rest never let a strand reach another
   OK   frame-invariant rest does not resize the product across the cantilever
   OK   RECORDED NEGATIVE: frame-invariant rest everts free-edge stitches partway through the descent, so it is not adoptable and is off by default
   OK   it is geometry and not the instrument: the same instrument reads correct on the default solve at the same iteration count
   OK   the product's validity is not monotone in the iteration count: broken at 400, valid again at 1600, so an end-of-solve check cannot see that it was ever broken
   OK   frame-invariant rest RAISES the share of relief a per-row mean cannot explain, which is the direction the standing symptom needs and the opposite of what the Kaldor option did to it
   OK   running Kaldor's world-space plasticity and the frame-invariant rest together is refused rather than quietly given a meaning
   OK   wrapping the fabric round a 125mm cylinder leaves every stitch linked
   OK   wrapping the fabric round a cylinder leaves every stitch shaped like a half double, so the morphology check is not passing because the fabric was flat
   OK   no stitch becomes unframeable when the fabric is curved everywhere
   OK   the wrapped fabric passes the same topology gate
   OK   the product's intrinsic width survives being wrapped round a cylinder
   OK   the wrap really moved the geometry, or the checks above prove nothing
   OK   the product's intrinsic height survives a bend that moves every stitch, which is the whole reason intrinsic and projected size are separate quantities
   OK   the tensile linkage acts on exactly the pairs the validator demands a linking number for, so the fabric is not being held together by a relationship nothing certified
   OK   each certified pair contributes a hold per anchor arc that holds it -- two under both top loops, one under a single loop
   OK   the constraint's rest separation is MEASURED off the certified geometry, so the certified fabric reads exactly zero extension against itself
   OK   the linkage constraint is blind to a rigid motion of the whole fabric, so it cannot be resisting a stitch turning
   OK   wrapping the fabric round a 125mm cylinder opens no certified linkage, so the constraint does not fight the cloth conforming to a curved surface
   OK   the linkage force is tension only: a pair that has closed is not pushed apart
   OK   the tensile linkage holds the certified links shut: with it the worst extension anywhere in the run is a small fraction of what co-rotation alone allows
   OK   the linkage watch reports a maximum over the WHOLE run, not the value at the end, so a solve that passed through an open link cannot report clean
   OK   the linkage force does not stretch the yarn to do its work
   OK   the linkage force never let a strand reach another
   OK   RECORDED NEGATIVE: tensile linkage plus co-rotation does not stop free-edge stitches everting, so the missing mechanism was not the missing tensile link
   OK   on the committed model the tensile linkage is nearly inert -- the links barely open, so no committed Visual result moves when the option is available
   OK   the committed solve DESCENDS: it releases more gravitational potential than it puts into bending
   OK   RECORDED NEGATIVE: with the rest state carried into the vertex frame the same solve CLIMBS -- it gains far more bending energy than gravity releases -- so the lumped Laplacian is not a descent direction for the energy it is standing in for
   OK   the committed solver has no drift: with gravity off it does not move
   OK   RECORDED NEGATIVE: the frame-invariant rest state moves the fabric just as far WITH GRAVITY SWITCHED OFF, so what it produces is a load-independent instability and not drape
   OK   the gradient form of the bending term is wired in and changes the solve
   OK   the gradient form descends too, so replacing the lumped Laplacian did not break the committed configuration
   OK   local articulation is a property of the cloth, not of its orientation: a rigid rotation leaves it unchanged
   OK   local articulation reports its floor honestly: the certified FLAT fabric does not read zero, so a reading has to be judged against it
   OK   the frame-invariant configuration reads higher local articulation than the committed default, which is the direction the standing symptom needs even though the zero-gravity control above shows it is not drape
   OK   the single-loop linkage instrument has real margin on correct geometry: a large share of closure directions detect the crossing, not just the structured few
   OK   the module's third-loop margin is the same instrument this suite has asserted against, on the flat fabric and on the draped one
   OK   the documented bending energy is exactly zero at the certified configuration, so with gravity off the solve starts at the global minimum of what it is minimising
   OK   MEASURED: the certified fabric's contact disequilibrium is real, and it is two pairs -- the rest are already where contact wants them
   OK   the measured contact rest state never sits below the published compression floor
   OK   the per-pair contact rest state is tension free: halve every target and the fabric does not move at all, because contact only ever pushes
   OK   the measured contact rest state does not touch the hard floor: a pair squeezed past the published compression limit gets exactly the correction it got before, because the floor branch does not consult the per-pair target at all
   OK   WITH THE CONTACT REST STATE MEASURED OFF THE CERTIFIED GEOMETRY THE CERTIFIED FABRIC IS AN EXACT FIXED POINT: zero gravity, and it does not move at all
   OK   RECORDED: without it the residual is NOT zero -- but it is a thousandth of a millimetre, not the mechanism the load-independent drift was attributed to
   OK   NULL CASE: with the bending term removed entirely and gravity off, contact and inextensibility alone move the fabric a thousandth of a millimetre and stop
   OK   THE DIAGNOSIS: the co-rotational bending energy injected in a single loaded iteration is essentially ALL on the path's artificial hops and sub-micron joins, not on yarn
   OK   THE RECONCILED CO-ROTATIONAL CONFIGURATION DESCENDS under load, which no frame-invariant configuration has done before: the gradient force, the measured contact rest state and bending only where there is yarn
   OK   and it does nothing at all with the load removed, which is the control that decides whether the motion above is drape
   OK   bending only where there is yarn excludes the hops and the joins and nothing else
   OK   the monotone-descent criterion never fires on the reconciled configuration, so it is verifying a descent rather than manufacturing one
   OK   nor on the committed default, which was already a descent
   OK   RECORDED NEGATIVE: with the path's artefacts still in the bending term the same criterion DEADLOCKS -- no step it can take lowers the energy, which is what 'not a descent direction' means when it is measured rather than argued
   OK   the morphology guard is inert on a solve that never breaks the product: no rejections, and the same fabric to the last bit
   OK   the morphology guard STOPS a solve that would evert stitches, at the last valid configuration, instead of carrying on and reporting it at the end
   OK   the guard stands aside rather than deadlocking when the fabric handed to it is already broken, and says so
   OK   no option added in wave 5 moves the committed default by so much as a nanometre
   OK   THE FINDING, PINNED: at the committed step the fabric's motion is LINEAR in the iteration count -- free drift toward an equilibrium it has not reached, not drape
   OK   momentum (FIRE) carries the fabric further in the same iterations and counts its resets
   OK   the step multiplier, inside the stencil's stability margin, moves the fabric proportionally further in the drift regime
   OK   the trace records the motion so a caller can see whether a solve has stopped
   OK   the fabric reaches the sphere and every entry is counted and pushed back out, to within the length projection's say (the polish below makes it exact)
   OK   with the load off the certified fabric is still an exact fixed point of the solver with every wave-6 option on -- momentum, step, rigid stitches, friction, polish
   OK   and the polish ends with the fabric out of the form as well as on the floor
   OK   the constraint polish hands `validate` a fabric that satisfies the compression floor to a nanometre, and reports the strain it cost -- under one per cent, which is less than yarn stretches before anything is felt
   OK   shape matching recovers a rigid motion exactly and leaves it alone
   OK   and pulls a deformed shape back onto its rigid placement, reporting how far it was
   OK   with rigid stitches every operation stays within a tenth of the yarn's diameter of its certified shape through a real drape -- the stress the lock bore -- and the fabric still moves
   OK   linkage, floor and contact are still the mechanics' to lose: the rigid-stitch drape re-validates in the certified frame carried by each stitch's own motion
   OK   a fabric on a tilted frictionless table keeps sliding; with support friction it stops where it landed, and the vertices friction holds have not drifted
   
     157 passing, 0 failing
== tests/test_eligibility.py
   OK   test_a_boolean_outcome_is_refused
   OK   test_a_chart_cannot_become_the_hero_by_rendering_successfully
   OK   test_a_disclaimer_does_not_make_a_failing_asset_exportable
   OK   test_a_failing_gate_must_say_why
   OK   test_a_frame_whose_job_nothing_buys_is_refused
   OK   test_a_gate_that_never_ran_has_not_passed
   OK   test_a_launch0_slug_is_held_to_the_first_customer_gate
   OK   test_a_legacy_catalogue_slug_is_refused_publication_until_recertified
   OK   test_a_set_with_no_hero_is_a_problem
   OK   test_all_four_gates_passing_exports
   OK   test_an_ai_concept_is_not_physical_proof_whatever_it_is_labelled
   OK   test_an_empty_set_is_refused
   OK   test_an_invented_job_has_no_label
   OK   test_an_invented_purpose_is_refused
   OK   test_an_uncertified_release_is_refused
   OK   test_every_gate_the_requirement_names_exists
   OK   test_every_job_the_requirement_names_exists
   OK   test_every_purpose_the_requirement_names_exists
   OK   test_frame_one_must_be_the_hero_doing_desire
   OK   test_generated_product_imagery_is_refused_in_every_listing_role
   OK   test_missing_jobs_are_listed_rather_than_refused
   OK   test_no_gates_at_all_does_not_export
   OK   test_one_failed_gate_prevents_export
   OK   test_only_a_photograph_can_do_the_proof_job
   OK   test_state_names_both_axes_and_the_chart_case
   OK   test_the_distinction_is_material_only_where_it_could_mislead
   OK   test_the_label_is_computed_from_the_medium_rather_than_chosen
   OK   test_the_label_says_out_loud_that_it_is_not_a_licence
   OK   test_the_real_first_customer_gate_blocks_launch0_today
   OK   test_the_same_medium_can_serve_a_different_purpose
   OK   test_the_truth_verdict_is_consulted_independently_of_the_label
   OK   test_two_assets_claiming_one_position_is_a_collision
   OK   test_two_frames_doing_one_job_is_the_defect_not_two_similar_images
   OK   test_two_verdicts_for_one_gate_let_somebody_choose
== tests/test_engine.py
   OK   test_a_breakout_asked_to_move_a_gate_is_refused
   OK   test_a_breakout_may_move_allocation
   OK   test_a_commercial_lesson_may_cross
   OK   test_a_construction_primitive_may_cross_seasons
   OK   test_a_factor_above_one_could_manufacture_a_score
   OK   test_a_first_product_has_no_baseline_to_exceed
   OK   test_a_missing_factor_is_refused_rather_than_defaulted
   OK   test_a_product_doing_slightly_better_than_usual_is_not_an_emergency
   OK   test_a_request_outside_the_breakouts_authority_is_refused
   OK   test_a_single_scored_occasion_takes_the_seed_out_of_the_answer
   OK   test_a_squad_stands_down_when_its_score_falls_below_the_alternatives
   OK   test_a_squad_stays_active_while_it_is_the_best_use_of_the_capacity
   OK   test_a_squad_that_does_not_warrant_existing_names_its_binding_factor
   OK   test_a_zero_floor_is_refused
   OK   test_an_emergency_mode_names_its_exit
   OK   test_an_occasion_moves_between_horizons_as_the_year_turns
   OK   test_an_occasion_outside_the_listed_universe_is_scored_like_any_other
   OK   test_an_unclassified_thing_is_refused_rather_than_crossing_by_default
   OK   test_evergreen_never_drops_to_zero_however_strong_the_season
   OK   test_every_factor_the_requirement_names_is_present
   OK   test_no_occasion_scoring_leaves_the_whole_pool_with_evergreen
   OK   test_nothing_reads_the_seed_except_through_the_labelled_accessor
   OK   test_recolouring_last_octobers_product_is_the_named_failure
   OK   test_reuse_is_a_question_about_crossing
   OK   test_standing_down_does_not_need_anybody_to_notice
   OK   test_state_names_what_was_replaced_and_what_survives
   OK   test_the_allocation_is_invariant_under_renaming_every_occasion
   OK   test_the_allocation_reports_every_horizon_even_when_empty
   OK   test_the_binding_factor_is_named
   OK   test_the_constant_this_requirement_names_is_really_gone
   OK   test_the_evergreen_categories_are_the_durable_ones
   OK   test_the_factors_multiply_because_they_are_conjunctive
   OK   test_the_floor_holds_across_many_awkward_share_counts
   OK   test_the_floor_survives_the_rounding_of_three_equal_shares
   OK   test_the_refusal_is_structural_rather_than_an_approval_somebody_grants
   OK   test_the_scored_shares_leave_the_evergreen_reserve_alone
   OK   test_the_seasonal_universe_covers_the_occasions_the_requirement_lists
   OK   test_the_seed_labels_itself_when_nothing_has_scored
   OK   test_the_three_horizons_the_requirement_names_exist
   OK   test_the_two_evergreen_floors_are_the_same_number
   OK   test_two_identical_occasions_score_identically_whatever_they_are_called
== tests/test_escalation.py
   OK   at 81% of the ceiling one owner action is queued, keyed by the month
   OK   the key names the calendar month
   OK   a rerun in the same month restates the open action instead of adding a second
   OK   an action the owner has closed stays closed
   OK   every run audits that it looked
   OK   at 70% nothing is queued and the look is still audited
   OK   the ceiling is the owner's CA$100 and this job does not change it
   OK   the owner action carries the fields a decision needs, not only a bill
   
     8 passing, 0 failing
== tests/test_etsy.py
   OK   test_a_credential_is_not_a_permission
   OK   test_a_credential_never_prints_its_secrets
   OK   test_a_granted_client_creates_a_draft_and_attaches_the_file
   OK   test_a_listing_that_cannot_be_mapped_is_refused_not_truncated
   OK   test_a_listing_with_no_file_is_reported_as_its_own_outcome
   OK   test_a_rate_limit_is_transient_and_a_rejection_is_not
   OK   test_a_success_with_no_listing_id_is_treated_as_a_rejection
   OK   test_credentials_are_read_from_the_environment_and_absent_here
   OK   test_missing_credentials_are_a_configuration_refusal_not_an_outage
   OK   test_past_shadow_the_client_still_refuses_for_want_of_credentials
   OK   test_shadow_mode_makes_no_request_at_all
   OK   test_staging_may_not_publish_either
   OK   test_the_drift_check_sits_after_the_shadow_refusal_and_before_any_upload
   OK   test_the_payload_says_what_a_digital_pattern_is
   OK   test_the_publish_job_refuses_in_shadow_and_says_the_draft_is_kept
   OK   test_the_refusals_are_ordered_phase_first
   OK   test_the_uploaded_pdf_must_be_the_certified_one_or_the_publish_refuses
== tests/test_etsy_capability.py
   OK   test_a_failure_records_the_reason_rather_than_a_paraphrase
   OK   test_a_rejected_credential_leaves_the_gate_closed
   OK   test_a_successful_read_opens_both_gates
   OK   test_no_probe_is_unknown_rather_than_unavailable
   OK   test_nothing_about_the_credential_reaches_the_recorded_row
   OK   test_the_keystring_alone_is_the_failure_this_guards_against
   OK   test_the_probe_reads_the_ping_and_nothing_about_anybody_s_shop
   OK   test_the_probe_sends_the_header_form_etsy_actually_requires
   OK   test_variables_alone_do_not_open_the_gate
== tests/test_etsy_exercise.py
   /home/user/Project-Money/brambleloop/.venv/lib/python3.11/site-packages/fastapi/testclient.py:1: StarletteDeprecationWarning: Using `httpx` with `starlette.testclient` is deprecated; install `httpx2` instead.
     from starlette.testclient import TestClient as TestClient  # noqa
   OK   test_a_draft_left_by_a_previous_attempt_is_swept_before_this_one_starts
   OK   test_a_full_run_takes_the_rotation_counter_from_zero_to_three
   OK   test_a_full_run_walks_every_step_and_leaves_the_shop_clean
   OK   test_a_green_run_against_the_fake_promotes_nothing
   OK   test_a_refused_call_sends_not_one_byte_to_etsy
   OK   test_a_run_whose_verify_is_red_is_not_reported_as_ok
   OK   test_a_stranded_draft_raises_one_owner_action_however_often_the_run_repeats
   OK   test_activate_keeps_its_three_gates_byte_for_byte
   OK   test_no_credential_value_reaches_the_report_the_ledger_or_the_owner_queue
   OK   test_no_request_in_a_whole_run_ever_carries_a_listing_state
   OK   test_only_one_exercise_may_run_at_a_time
   OK   test_rotation_mode_creates_no_draft_at_all
   OK   test_round_b_builds_its_credential_only_from_the_sealed_row
   OK   test_running_twice_leaves_one_shop_not_two
   OK   test_the_defect_is_reproduced_all_the_way_to_invalid_grant
   OK   test_the_draft_is_labelled_so_a_human_who_finds_it_knows_not_to_buy_it
   OK   test_the_draft_is_written_down_durably_before_the_run_can_lose_it
   OK   test_the_endpoint_refuses_with_409_when_there_is_no_credential_to_run_with
   OK   test_the_exercise_client_can_never_activate_whatever_the_phase_says
   OK   test_the_module_never_writes_a_secret_to_the_repository_or_reads_one_from_it
   OK   test_the_proof_refuses_when_there_is_nothing_it_could_rotate
   OK   test_the_real_api_verify_handler_is_what_the_endpoint_passes_in
   OK   test_the_report_carries_the_credential_and_the_verify_verdict_after_cleanup
   OK   test_the_rotation_proof_reports_fingerprints_and_never_a_token
   OK   test_the_rotation_proof_rotates_twice_and_seals_each_one
   OK   test_the_run_refuses_to_start_if_its_client_ever_reports_an_activation_authority
   OK   test_the_run_states_which_single_flight_guarantee_was_actually_in_force
   OK   test_the_shop_is_read_back_from_etsy_rather_than_from_the_runs_own_bookkeeping
   OK   test_the_trigger_is_401_for_a_wrong_credential_and_for_none_at_all
   OK   test_the_trigger_refuses_everybody_when_no_operator_token_is_configured
   OK   test_with_the_defect_reinstated_round_b_is_refused_by_etsy
   
   31 passed, 0 failed
== tests/test_etsy_oauth_callback.py
   /home/user/Project-Money/brambleloop/.venv/lib/python3.11/site-packages/fastapi/testclient.py:1: StarletteDeprecationWarning: Using `httpx` with `starlette.testclient` is deprecated; install `httpx2` instead.
     from starlette.testclient import TestClient as TestClient  # noqa
   OK   test_a_continuity_export_does_not_carry_the_credential_or_a_handshake
   OK   test_a_credential_sealed_under_a_key_the_deployment_no_longer_has_reads_as_unusable
   OK   test_a_different_key_cannot_open_a_sealed_value_and_says_so_without_an_oracle
   OK   test_a_duplicate_callback_delivered_twice_exchanges_once
   OK   test_a_handshake_opened_for_one_provider_cannot_be_closed_by_another
   OK   test_a_missing_state_is_its_own_refusal
   OK   test_a_real_callback_exchanges_the_code_and_stores_the_refresh_token_sealed
   OK   test_a_replayed_state_is_its_own_refusal_and_is_counted
   OK   test_a_rotation_replaces_the_stored_token_and_counts_itself
   OK   test_a_rotation_that_lost_a_race_is_refused_rather_than_overwriting_a_live_token
   OK   test_a_sealed_secret_never_appears_in_the_value_that_is_stored
   OK   test_a_sealed_verifier_cannot_be_opened_as_a_sealed_refresh_token
   OK   test_a_state_and_no_code_spends_the_state_and_says_it_was_not_an_etsy_redirect
   OK   test_a_token_echoed_back_inside_an_error_body_does_not_reach_the_report
   OK   test_a_verifier_that_does_not_match_the_challenge_is_refused_by_the_server
   OK   test_a_verifier_that_will_not_open_is_its_own_refusal_and_still_spends_the_state
   OK   test_an_access_denied_redirect_is_reported_and_spends_the_state
   OK   test_an_etsy_error_description_is_escaped_into_the_page
   OK   test_an_exchange_failure_is_reported_and_the_state_is_still_spent
   OK   test_an_expired_state_is_its_own_refusal_and_cannot_be_retried
   OK   test_an_unknown_state_is_its_own_refusal
   OK   test_authenticating_is_not_a_publication_and_the_activation_gates_are_untouched
   OK   test_both_ends_close_when_the_operator_token_is_unset
   OK   test_no_malformed_callback_causes_a_single_outbound_request
   OK   test_nothing_in_the_page_the_log_or_the_audit_row_carries_a_secret
   OK   test_retention_never_prunes_the_credential_and_never_prunes_a_live_handshake
   OK   test_retention_still_knows_every_audit_action_the_source_reads_by_name
   OK   test_sealing_refuses_without_a_key_rather_than_storing_plaintext
   OK   test_the_access_log_cannot_print_an_authorization_code
   OK   test_the_four_refusals_are_four_different_outcomes_end_to_end
   OK   test_the_no_plaintext_check_catches_an_injected_sealing_defect
   OK   test_the_publish_path_reads_the_stored_credential_and_writes_rotations_back
   OK   test_the_redirect_uri_rules_etsy_publishes_are_enforced_before_the_owner_sees_a_browser
   OK   test_the_replay_check_catches_an_injected_single_use_defect
   OK   test_the_start_endpoint_refuses_a_caller_with_no_operator_credential
   OK   test_the_start_endpoint_refuses_when_there_is_nowhere_to_seal_the_verifier
   OK   test_the_start_endpoint_writes_the_handshake_before_it_returns_a_url
   OK   test_the_state_is_never_stored_and_the_verifier_is_never_stored_in_the_clear
   OK   test_the_state_is_unpredictable_and_comes_from_secrets_not_random
   OK   test_the_token_endpoint_host_is_one_named_constant_with_its_source_beside_it
   OK   test_the_verify_endpoint_still_reports_twelve_checks
== tests/test_etsy_property_contract.py
   OK   test_chosen_category_and_properties_reach_write_readback_and_approval
   OK   test_ignored_property_write_cannot_become_verified
   OK   test_missing_search_profile_refuses_instead_of_default66
   OK   test_missing_property_blocks_activation_and_census_detects_drift
   4 passed
== tests/test_etsy_readback_observe.py
   OK   test_file_read_back_matches_name_and_exact_size_and_says_etsy_exposes_no_hash
   OK   test_a_stale_file_beside_the_certified_one_fails_file_read_back
   OK   test_a_same_named_file_of_another_size_or_uncertified_bytes_fails
   OK   test_an_unread_file_list_is_unverified_rather_than_clean
   OK   test_the_client_reads_a_listings_files_through_get_all_listing_files
   OK   test_publish_sends_the_certified_image_bytes_in_certificate_order_and_reads_back
   OK   test_a_missing_frame_refuses_before_anything_is_created_on_etsy
   OK   test_a_write_etsy_silently_changed_is_caught_by_read_back_and_halts_the_product
   OK   test_uploaded_bytes_that_are_not_the_certified_release_fail_file_read_back
   OK   test_invalid_grant_on_publish_becomes_one_owner_action_and_one_incident
   OK   test_revoked_access_on_publish_is_an_owner_action_too
   OK   test_a_scope_the_grant_lacks_is_refused_before_the_request_and_queued_for_the_owner
   OK   test_the_classifier_names_every_failure_class_f541_lists
   OK   test_activation_in_shadow_is_refused_before_any_etsy_read
   OK   test_activation_verifies_the_draft_and_without_a_launch_authorisation_does_not_activate
   OK   test_the_owner_grant_is_read_when_activation_runs_not_when_it_was_planned
   OK   test_a_draft_edited_on_etsy_is_not_activated_and_says_which_field
   OK   test_a_failing_release_gate_at_execution_blocks_activation
   OK   test_with_every_proof_and_authority_present_the_listing_goes_live_and_is_read_back
   OK   test_the_census_is_a_daily_cadence_on_a_permitted_agent
   OK   test_the_census_stores_the_estate_and_a_vanished_listing_is_a_suspected_takedown
   OK   test_a_listing_edited_on_etsy_is_field_drift_and_is_never_overwritten
   OK   test_a_listing_nobody_here_created_is_reported
   OK   test_a_census_that_could_not_read_resolves_nothing_and_a_restored_listing_resolves
   OK   test_a_complete_shop_is_stored_and_closes_the_owner_actions_it_evidences
   OK   test_vacation_mode_and_a_foreign_currency_open_halting_incidents
   OK   test_payments_going_from_onboarded_to_not_is_an_incident_and_reopens_the_action
   OK   test_missing_trust_surfaces_cannot_pass_silently
   OK   test_no_credentials_means_no_reading_not_an_empty_shop
   OK   test_credential_health_refreshes_rotates_and_persists_and_closes_a_reauth_action
   OK   test_a_credential_sealed_under_another_key_is_unhealthy_and_queued_for_the_owner
   OK   test_scope_drift_on_the_stored_credential_is_an_incident
   OK   test_the_etsy_owner_queue_is_seeded_once_by_key_with_its_closing_evidence
   OK   test_a_seeded_action_closed_on_evidence_is_not_asked_again
   OK   test_launch_readiness_seeds_the_etsy_queue_and_does_not_close_it
   OK   test_etsy_integration_turns_ready_only_on_a_live_full_round_trip_with_nothing_left
   OK   test_the_readiness_item_needs_credentials_as_well_as_the_proof
   
   37 passed, 0 failed
== tests/test_etsy_surfaces.py
   OK   test_a_boolean_check_will_not_accept_something_merely_truthy
   OK   test_a_capability_being_withdrawn_is_reported_too
   OK   test_a_collector_that_has_never_run_is_not_the_same_as_a_clean_run
   OK   test_a_correct_and_current_shop_is_the_only_thing_that_reads_green
   OK   test_a_listing_deactivated_behind_our_back_is_drift_too
   OK   test_a_listing_nobody_here_created_is_reported
   OK   test_a_listing_that_has_vanished_raises_an_alarm_and_refuses_to_say_why
   OK   test_a_manual_action_this_registry_still_maps_but_shop_package_dropped_is_reported
   OK   test_a_matching_current_census_is_green
   OK   test_a_policy_etsy_returned_as_null_is_a_failure_not_an_unknown
   OK   test_a_price_decision_says_out_loud_that_its_take_rate_is_a_floor
   OK   test_a_secondary_claim_names_a_source_this_environment_could_not_read
   OK   test_a_surface_with_no_collector_says_so_rather_than_saying_fine
   OK   test_a_take_rate_carries_the_fees_it_does_not_include
   OK   test_an_ads_api_appearing_is_reported_rather_than_aged_into_a_lie
   OK   test_an_empty_shop_body_is_no_evidence_on_every_check_and_never_green
   OK   test_an_eu_only_policy_field_set_on_a_canadian_shop_is_a_failure
   OK   test_an_old_census_is_not_a_current_one
   OK   test_an_old_reading_describes_the_shop_as_it_was_and_is_not_green
   OK   test_every_manual_action_shop_package_lists_has_a_surface_that_owns_it
   OK   test_every_owner_action_is_actionable_and_closes_on_evidence
   OK   test_every_surface_the_brief_named_is_classified_exactly_once
   OK   test_every_unsupported_verdict_names_a_counted_absence
   OK   test_every_verdict_rests_on_at_least_one_document_this_build_read
   OK   test_holding_no_record_of_our_own_listings_is_not_a_clean_census
   OK   test_injected_defect_a_field_nobody_read_must_not_read_as_a_pass
   OK   test_injected_defect_a_first_sale_blocker_filed_as_post_launch_work
   OK   test_injected_defect_a_manual_action_with_no_surface_is_reported
   OK   test_injected_defect_an_endpoint_that_does_not_exist_is_refused
   OK   test_injected_defect_an_owner_only_surface_with_nothing_asked_of_the_owner
   OK   test_injected_defect_an_unread_census_must_not_read_as_no_drift
   OK   test_injected_defect_an_unsupported_verdict_with_no_absence_probe_is_refused
   OK   test_no_ad_spend_ceiling_can_be_enforced_in_code_and_the_registry_admits_it
   OK   test_no_owner_action_pretends_software_could_have_done_it
   OK   test_no_snapshot_at_all_is_no_evidence_and_says_which_kind_of_nothing
   OK   test_no_surface_claims_a_scope_etsy_does_not_publish
   OK   test_the_absence_probes_reproduce_against_a_document_that_matches_them
   OK   test_the_document_the_registry_was_read_from_is_identified_by_hash
   OK   test_the_first_sale_blockers_are_the_ones_a_shop_cannot_open_without
   OK   test_the_first_sale_blockers_come_first_and_are_the_ones_that_block
   OK   test_the_orders_surface_is_a_read_this_shop_is_not_authorised_to_make
   OK   test_the_owner_actions_that_close_on_a_reading_actually_have_one
   OK   test_the_registry_and_the_fee_model_agree_about_why_this_is_unmodelled
   OK   test_the_registry_passes_its_own_invariants
   OK   test_the_rendered_registry_reports_its_own_problems_rather_than_hiding_them
   OK   test_the_scope_re_authorisation_is_an_owner_action_rather_than_a_build_task
   OK   test_the_settings_that_silently_stop_every_sale_are_checked
   OK   test_the_unmodelled_fees_are_labelled_secondary_because_etsy_refuses_to_be_read
   OK   test_the_work_plan_uses_all_four_classes_and_keeps_a_for_real_blockers
   OK   test_the_worst_case_is_materially_worse_and_that_is_the_point
   OK   test_unsupported_and_not_applicable_are_never_the_same_verdict
   OK   test_what_is_still_unknown_is_recorded_rather_than_filled_in
   OK   test_widening_the_grant_closes_the_gaps_and_nothing_else
== tests/test_etsy_transport.py
   OK   test_a_comma_joined_tag_list_etsy_misreads_is_caught_by_the_read_back_and_nothing_else
   OK   test_a_delete_etsy_accepts_and_does_not_perform_is_caught_by_step_eight
   OK   test_a_delete_that_fails_names_the_listing_for_shop_manager_and_blames_the_right_thing
   OK   test_a_field_etsy_never_returns_is_unverifiable_rather_than_verified
   OK   test_a_green_run_against_the_fake_cannot_promote_anything_to_verified_against_etsy
   OK   test_a_json_body_on_a_form_endpoint_is_refused_which_is_the_defect_we_had
   OK   test_a_listing_image_is_uploaded_and_etsy_holds_it
   OK   test_a_report_from_a_failed_run_still_says_what_is_left_in_the_shop
   OK   test_a_response_body_carrying_a_token_is_redacted_before_it_reaches_the_report
   OK   test_a_spent_refresh_token_becomes_an_owner_action_rather_than_a_retry
   OK   test_a_taxonomy_that_requires_a_listing_property_refuses_every_create
   OK   test_a_test_draft_says_what_it_is_in_its_own_title
   OK   test_a_token_set_never_prints_itself
   OK   test_a_token_without_the_write_scope_refuses_before_sending_anything
   OK   test_a_transient_failure_is_the_environment_and_settles_nothing
   OK   test_a_write_the_server_ignored_returns_200_and_fails_read_back
   OK   test_a_wrong_taxonomy_id_is_found_by_reading_the_node_back_and_not_by_a_status
   OK   test_activation_refuses_a_listing_with_no_image_before_spending_anything
   OK   test_activation_refuses_without_a_launch_authorisation_even_when_everything_else_is_true
   OK   test_activation_works_when_it_is_authorised_which_is_why_the_gates_matter
   OK   test_an_expired_access_token_is_refreshed_and_the_new_refresh_token_is_handed_back
   OK   test_an_image_etsy_refuses_is_a_finding_about_the_fixture_not_about_the_transport
   OK   test_an_image_sent_in_a_part_named_file_is_refused
   OK   test_an_image_that_does_not_exist_is_refused_as_a_launch_blocker
   OK   test_an_outcome_the_taxonomy_does_not_carry_says_so_instead_of_guessing
   OK   test_every_taxonomy_entry_names_a_cause_and_a_single_change
   OK   test_flipping_array_encoding_changes_the_bytes_and_nothing_else
   OK   test_form_and_multipart_encoders_produce_what_a_form_parser_reads_back
   OK   test_one_request_carries_one_body_so_the_content_type_cannot_lie
   OK   test_permitted_draft_fields_update_and_read_back_changed
   OK   test_pkce_matches_the_published_rfc_7636_test_vector
   OK   test_price_and_state_and_unknown_fields_are_refused_before_a_request_is_sent
   OK   test_read_back_reports_a_listing_that_is_no_longer_a_draft
   OK   test_read_back_verifies_every_field_including_the_ones_etsy_transforms
   OK   test_running_twice_leaves_one_shop_rather_than_two
   OK   test_the_authorize_url_is_the_owner_action_and_carries_no_secret_in_the_report
   OK   test_the_create_request_is_form_encoded_because_etsy_accepts_nothing_else
   OK   test_the_exercise_report_carries_no_credential
   OK   test_the_probe_refuses_to_write_without_an_explicit_operator_grant
   OK   test_the_redactor_catches_a_secret_by_value_and_by_key_and_leaves_ordinary_fields_alone
   OK   test_the_run_never_activates_anything_whatever_goes_wrong
   OK   test_the_shadow_safe_exercise_runs_end_to_end_and_leaves_nothing_behind
   OK   test_the_three_authorities_are_separate_gates
   OK   test_the_three_states_are_reported_in_the_code_the_report_and_the_gap_list
== tests/test_exact_coverage_origin.py
   .........
   ----------------------------------------------------------------------
   Ran 9 tests in 0.941s
   
   OK
== tests/test_executor.py
   OK   test_a_completion_makes_the_loop_moving_again
   OK   test_a_completion_needs_evidence_because_it_is_the_loops_own_progress
   OK   test_a_completion_the_watchdog_cannot_see_is_a_false_alarm
   OK   test_a_dead_session_loses_a_worker_rather_than_the_build
   OK   test_a_dependency_cycle_is_refused_because_it_looks_healthy
   OK   test_a_finished_requirement_cannot_carry_a_gate_for_work_it_no_longer_owes
   OK   test_a_gate_may_be_satisfied_and_carry_no_requirements
   OK   test_a_gate_opening_un_parks_its_requirements_with_nobody_remembering
   OK   test_a_gate_that_checks_rows_opens_when_the_rows_arrive
   OK   test_a_job_standing_aside_for_another_build_is_a_refusal_not_a_death
   OK   test_a_parked_requirement_cannot_be_claimed
   OK   test_a_partial_requirement_whose_remainder_is_gated_is_parked_by_its_own_audit
   OK   test_a_registry_gate_nothing_checks_is_refused_rather_than_silently_parking
   OK   test_a_released_requirement_is_not_a_finished_one
   OK   test_a_remainder_that_needs_a_published_listing_has_somewhere_to_wait
   OK   test_a_remainder_that_needs_orders_has_somewhere_to_wait
   OK   test_a_renamed_gate_re_labels_the_rows_already_parked_on_the_old_one
   OK   test_a_rendered_pack_does_not_open_the_owner_approval_gate
   OK   test_a_requirement_re_audited_as_gated_leaves_the_queue
   OK   test_a_requirement_whose_note_says_it_is_blocked_is_parked
   OK   test_acceptance_ruling_opens_only_on_the_owners_done_decision
   OK   test_an_honest_release_does_not_leave_the_watchdog_alarming
   OK   test_an_owner_gated_requirement_with_no_gate_is_refused
   OK   test_customers_counts_evidenced_revenue_not_expenses
   OK   test_every_executable_requirement_is_either_ready_or_parked
   OK   test_every_gate_has_a_condition_the_code_can_test
   OK   test_every_parked_requirement_names_a_gate_that_exists
   OK   test_every_parked_row_names_a_gate_that_exists
   OK   test_idle_with_ready_work_is_a_stall_and_idle_with_everything_parked_is_not
   OK   test_insights_access_opens_only_on_a_recorded_reading
   OK   test_never_idle_is_measured_in_completions_rather_than_ticks
   OK   test_only_the_claimant_of_an_in_progress_task_completes_or_releases_it
   OK   test_owned_surfaces_opens_on_a_recorded_probe_not_on_a_variable
   OK   test_owner_approval_is_a_gate_rather_than_a_sentence_in_a_note
   OK   test_owner_blocked_requirements_are_parked_and_everything_else_continues
   OK   test_rendered_pages_carries_only_what_waits_on_a_browser
   OK   test_tester_roster_counts_agreement_not_prospects
   OK   test_the_build_loop_runs_in_the_deployed_worker_not_in_a_conversation
   OK   test_the_model_bearing_render_gate_opens_only_on_a_frame_that_cleared_every_floor
   OK   test_the_proof_counts_the_same_dead_letters_it_tests
   OK   test_the_proof_requires_work_spread_across_the_window_not_a_burst
   OK   test_the_reconciliation_is_actually_called_by_the_report
   OK   test_the_registry_gate_un_parks_on_the_same_condition_as_the_hand_written_one
   OK   test_the_scheduler_condition_counts_cadences_rather_than_any_audit_row
== tests/test_experiment_persistence.py
   OK   test_an_experiment_that_cannot_change_a_decision_is_killed_not_run
   OK   test_every_drafted_listing_launches_with_a_persisted_owned_pack
   OK   test_registration_is_write_once_so_a_threshold_cannot_move_afterwards
   OK   test_the_content_experiment_exists_as_a_definition_gated_on_owned_surfaces
== tests/test_fabric.py
   OK   test_a_plain_fabric_is_reported_as_untextured_rather_than_guessed
   OK   test_a_textured_pattern_is_distinguishable_from_a_plain_one_by_measurement
   OK   test_it_never_claims_an_orientation_on_the_worn_garment
   OK   test_loop_targeting_does_not_change_any_stitch_count
   OK   test_the_fabric_grid_is_in_fabric_order_not_working_order
   OK   test_the_surface_is_classified_from_both_axes_not_one_threshold
   OK   test_the_swatch_draws_one_rect_per_counted_stitch_and_invents_none
   OK   test_the_swatch_geometry_comes_from_the_gauge
   
   PASS: 0 failing
== tests/test_fabric_relief.py
   OK   the cable throw reads as textured
   OK   its relief stitches are the post stitches and the crossing
   OK   its relief stacks into columns up the rows (cable columns and ribs)
   OK   its along-row period is the eight-stitch repeat
   OK   the bobble pillow reads as textured and checkered (the bobbles stagger)
   OK   the ribbed scarf reads as ridges up the rows
   OK   a plain single-crochet panel still reads as flat
   OK   back-loop ribbing keeps its loop-target reading (unchanged behaviour)
   
     8 passing, 0 failing
== tests/test_fallback_draft_provenance.py
   .....
   ----------------------------------------------------------------------
   Ran 5 tests in 3.532s
   
   OK
== tests/test_family.py
   OK   test_a_bundle_is_derived_from_members_rather_than_asserted
   OK   test_a_family_member_is_never_the_hero_in_another_palette
   OK   test_a_family_without_an_entry_price_is_named_as_such_not_called_a_family
   OK   test_a_motif_that_cannot_shrink_does_not_get_a_quick_companion
   OK   test_a_quick_make_is_comfortable_where_a_flagship_is_not
   OK   test_a_single_product_is_reported_not_refused
   OK   test_a_window_that_has_closed_is_refused_rather_than_graded
   OK   test_a_window_with_no_lane_left_says_start_next_season_rather_than_nothing
   OK   test_an_idea_that_carries_into_three_roles_with_an_entry_price_seeds_a_family
   OK   test_an_uncalibrated_estimate_says_so_rather_than_reading_as_precise
   OK   test_insufficient_runway_is_not_impossibility
   OK   test_late_window_capacity_is_pointed_at_what_can_still_be_finished
   OK   test_size_compatibility_alone_does_not_invent_a_member
   OK   test_the_autopsy_can_name_a_window_death
   OK   test_the_jury_does_not_reject_a_concept_that_is_merely_tight
   OK   test_the_jury_judges_nothing_when_nobody_said_how_long_is_left
   OK   test_the_jury_rejects_a_concept_the_buyer_cannot_finish_in_time
== tests/test_fastlane.py
   OK   test_a_heavy_make_is_not_fast_whatever_the_trend_is_doing
   OK   test_a_new_technique_needs_a_sample_and_a_sample_cannot_be_hurried
   OK   test_a_refused_candidate_may_still_be_built_through_the_ordinary_queue
   OK   test_a_release_that_skipped_a_gate_is_refused_by_name
   OK   test_a_risk_class_the_compiler_cannot_fully_verify_is_refused
   OK   test_a_small_confident_time_sensitive_product_is_admitted
   OK   test_a_trend_whose_half_life_cannot_repay_the_work_is_refused
   OK   test_a_weak_signal_is_a_fast_way_to_make_something_nobody_wanted
   OK   test_an_invented_conditional_stage_is_refused
   OK   test_assembly_and_colour_count_are_bounded_in_numbers_not_judgement
   OK   test_conditional_stages_stay_conditional_on_the_product_never_on_the_lane
   OK   test_physical_test_and_confidence_are_not_conditional
   OK   test_the_canonical_stage_list_matches_what_the_chain_actually_runs
   OK   test_the_fast_lane_runs_the_release_chains_own_stage_list
== tests/test_fb2_i_repairs.py
   OK   test_d01_a_judgement_is_bound_to_the_board_bytes_it_saw
   OK   test_d01_a_board_with_no_identifiable_bytes_is_not_judged
   OK   test_i01_reading_a_changed_policy_again_does_not_review_it
   OK   test_i04_a_digest_and_a_rights_label_are_not_a_photograph
   OK   test_i05_the_impact_clock_starts_only_when_the_frame_is_approved
   OK   test_i07_an_unmeasured_series_does_not_resolve_a_drift_incident
   OK   test_i10_unquoted_catchphrases_are_declared
   
   PASS: 0 failing
== tests/test_fb4_launch.py
   /home/user/Project-Money/brambleloop/.venv/lib/python3.11/site-packages/fastapi/testclient.py:1: StarletteDeprecationWarning: Using `httpx` with `starlette.testclient` is deprecated; install `httpx2` instead.
     from starlette.testclient import TestClient as TestClient  # noqa
   OK   test_preview_carries_every_evidence_section_and_unknown_never_displays_as_passing
   OK   test_an_unreadable_or_malformed_section_is_unknown_not_pass
   OK   test_a_change_in_any_bound_evidence_element_voids_the_grant
   OK   test_env_alone_saying_limited_production_runs_as_shadow_with_an_incident
   OK   test_recorded_transitions_and_env_agree_then_that_phase_applies_and_rows_are_audited
   OK   test_a_forged_or_edited_transition_row_is_not_authority
   OK   test_store_publish_refuses_when_env_says_production_but_nothing_is_recorded
   OK   test_launch_packet_on_a_fresh_shadow_db_with_launch0_certified_is_honest
   verdict UNKNOWN; wrote /tmp/brambleloop-run-lzZuDnG4/suite-tests_test_fb4_launch.py/bl-test-test_fb4_launch-8hp59ems/fb4launch_1sax9eh8/script_dci6_dw2/launch_packet_aaaaaaaaaaaa_20261010T071734Z.json and /tmp/brambleloop-run-lzZuDnG4/suite-tests_test_fb4_launch.py/bl-test-test_fb4_launch-8hp59ems/fb4launch_1sax9eh8/script_dci6_dw2/launch_packet_aaaaaaaaaaaa_20261010T071734Z.md
   OK   test_launch_packet_script_writes_json_and_markdown
   
     9 passing, 0 failing
== tests/test_fb4_lc.py
   OK   test_adding_a_graph_edge_changes_which_lessons_help_links_returns
   /home/user/Project-Money/brambleloop/.venv/lib/python3.11/site-packages/fastapi/testclient.py:1: StarletteDeprecationWarning: Using `httpx` with `starlette.testclient` is deprecated; install `httpx2` instead.
     from starlette.testclient import TestClient as TestClient  # noqa
   OK   test_graph_read_is_db_backed_and_behind_learn_editor_auth
   OK   test_support_answer_links_an_approved_lesson_only_with_an_owned_origin_and_via_edges
   OK   test_an_unapproved_lesson_is_never_linked_from_support_or_listing
   OK   test_listing_description_carries_approved_lesson_links_and_nothing_without_origin
   OK   test_a_lesson_asset_matching_a_benchmark_file_is_refused_at_save
   OK   test_a_corpus_match_found_after_drafting_is_refused_at_review
   OK   test_an_observed_public_listing_produces_a_pattern_rights_none_licence_row
   EOF marker not found
   OK   test_the_upload_route_records_supplied_licence_terms_and_refuses_bad_ones
   OK   test_the_partners_unknown_reaches_coverage_and_a_new_provider_reopens_it
   OK   test_certify_refuses_a_component_gauge_that_differs_from_the_main_gauge
   OK   test_existing_cirs_serialise_exactly_as_before
   OK   test_configuration_roundtrips_and_certify_refuses_bad_blocks_and_mismatched_claims
   OK   test_disclosed_render_manifest_records_the_represented_variant
   OK   test_listing_set_certificate_records_and_enforces_the_represented_variant
   OK   test_disclosed_frames_carry_the_manifest_variant_into_the_certificate
   
     16 passing, 0 failing
== tests/test_fb4_ops.py
   OK   test_a_buyer_message_unanswered_for_30_hours_is_an_owner_action_and_an_incident
   OK   test_a_claim_the_measurement_contradicts_opens_an_incident_until_they_agree
   OK   test_a_fresh_message_raises_nothing_and_a_late_reply_is_refused_as_impossible
   OK   test_a_legacy_orders_row_is_held_open_by_its_incident_and_adopted_on_the_next_failure
   OK   test_a_shadow_shop_is_not_asked_for_kyc_until_the_step_before_first_sale
   OK   test_orders_and_publish_share_one_reauthorisation_key_and_incident
   OK   test_orders_auth_failure_survives_launch_readiness_and_closes_when_cleared
   OK   test_readiness_never_closes_an_action_an_open_incident_names
   OK   test_the_credential_rotation_card_reaches_the_owner_queue_and_the_dashboard
   OK   test_the_disagreement_check_runs_on_a_cadence_the_orchestrator_may_run
   /home/user/Project-Money/brambleloop/.venv/lib/python3.11/site-packages/fastapi/testclient.py:1: StarletteDeprecationWarning: Using `httpx` with `starlette.testclient` is deprecated; install `httpx2` instead.
     from starlette.testclient import TestClient as TestClient  # noqa
   OK   test_the_owner_intake_route_requires_the_operator_credential
   OK   test_with_no_job_rows_never_ran_is_a_blind_spot_not_a_disagreement
   
   PASS: 0 failing
== tests/test_fee_schedule.py
   OK   test_an_unknown_fee_has_no_figure_and_cannot_be_given_one
   OK   test_every_claim_carries_the_reading_it_was_parsed_from
   OK   test_secondary_and_unknown_fees_cannot_be_quoted_as_a_take_rate
   OK   test_the_default_take_rate_is_primary_only_and_names_what_it_left_out
   OK   test_the_listing_fee_conversion_refuses_a_nonsense_rate
   OK   test_the_literals_still_held_elsewhere_equal_the_schedule
   OK   test_the_modules_that_read_the_schedule_agree_with_it
   7 passing, 0 failing
== tests/test_fin_truth_closure.py
   OK   test_a_certified_launch0_product_with_the_current_gauge_standard_is_launch_cleared
   OK   test_a_product_job_writes_cost_rows_and_reservations_tagged_with_its_product
   OK   test_break_even_with_no_tagged_creation_cost_is_unknown_not_zero
   OK   test_break_even_with_tagged_creation_cost_is_still_computed
   OK   test_explicitly_shared_spend_is_not_charged_to_the_running_product
   OK   test_reinvestment_makes_no_recommendation_from_an_unmeasured_confidence
   OK   test_spend_outside_a_product_job_stays_untagged_and_labelled_shared
   OK   test_the_creative_audit_names_its_cohort_and_the_tournament_is_separate
   OK   test_the_weekly_growth_reading_carries_unmeasured_not_the_modelled_bound
   OK   test_with_runtime_attribution_the_forecast_becomes_computable
   
   PASS: 0 failing
== tests/test_final_closure_matrix.py
   OK   test_a_fact_only_tests_write_cannot_hold_integrated
   OK   test_a_worker_claim_above_its_evidence_is_lowered_with_a_reason
   OK   test_all_proxy_evidence_refuses_integrated_but_one_direct_item_does_not
   OK   test_basis_names_the_actual_mapping_commits
   OK   test_completion_is_computed_per_row_and_the_open_count_is_summarised
   OK   test_every_registry_record_is_mapped_exactly_once_without_problems
   OK   test_every_row_states_protected_action_applicability
   OK   test_exercised_rows_cite_a_committed_production_artefact
   OK   test_integrated_rows_have_a_producer_reached_from_a_live_root
   OK   test_launch_scope_classifies_every_row_and_every_reclassification_has_a_reason
   OK   test_no_row_claims_commercial_evidence_that_does_not_exist
   OK   test_the_committed_matrix_is_exactly_its_adjudication
== tests/test_final_master_registry.py
   OK   test_every_declared_id_is_accounted_for_as_present_or_absent
   OK   test_no_requirement_swallows_a_section_heading_or_version_note
   OK   test_supersessions_and_source_priorities_are_carried
   OK   test_the_committed_registry_is_exactly_a_fresh_parse
   OK   test_the_v015_v016_id_collision_keeps_both_requirements
== tests/test_final_proof.py
   ...............
   ----------------------------------------------------------------------
   Ran 15 tests in 0.291s
   
   OK
== tests/test_final_standard.py
   OK   test_a_beautiful_photograph_of_the_wrong_garment_fails
   OK   test_a_certified_object_reports_the_ratios_that_matter
   OK   test_a_floor_nobody_asked_is_unmeasurable_rather_than_clear
   OK   test_a_generative_operation_over_the_product_is_a_redesign
   OK   test_a_known_failure_is_not_excused_by_an_unknown
   OK   test_a_missing_floor_cannot_ship_by_omission
   OK   test_a_truthful_garment_on_a_different_woman_fails
   OK   test_all_three_floors_must_pass_and_none_compensates
   OK   test_an_unclassified_operation_may_not_touch_the_product
   OK   test_an_undeclared_pipeline_is_unmeasurable_rather_than_safe
   OK   test_an_unmeasured_product_lock_is_unmeasurable_not_held
   OK   test_authentic_pixels_in_the_wrong_shape_still_fail_product_truth
   OK   test_every_generative_name_is_refused_over_the_product
   OK   test_face_and_morphology_are_separate_floors
   OK   test_generative_work_away_from_the_product_is_allowed_and_is_the_point
   OK   test_geometry_that_was_not_measured_is_unmeasurable_not_held
   OK   test_morphology_covers_the_whole_person_not_just_a_portrait
   OK   test_stretching_the_stitches_fails_even_when_the_garment_fits
   OK   test_structure_preserving_operations_may_touch_the_product
   OK   test_the_gate_raises_rather_than_returning_a_soft_answer
   OK   test_the_lock_raises_rather_than_returning_a_soft_answer
   OK   test_the_product_lock_names_what_the_presentation_stage_changed
   OK   test_the_realism_checklist_states_requirements_and_disqualifiers
   OK   test_the_standard_records_when_it_was_set
   OK   test_the_two_operation_sets_do_not_overlap
   OK   test_the_two_product_locks_are_independent_and_do_not_average
   OK   test_uniform_scale_is_free_because_ratios_are_what_is_certified
   OK   test_unmeasurable_is_never_pass
   
   PASS: 0 failing
== tests/test_final_visual_authority.py
   OK   test_every_nonzero_alpha_pixel_is_protected_without_resampling
   OK   test_empty_region_cannot_protect_nothing_and_pass
   OK   test_preserved_authoritative_pixels_never_certify_unknown_construction
   OK   test_tampered_product_pixels_fail_even_if_motif_and_realism_pass
   OK   test_legacy_usable_flag_cannot_export_or_reuse_unqualified_frame
   OK   test_product_redraw_entry_points_refuse_before_any_provider_or_chart
   OK   test_motif_match_and_self_asserted_construction_pass_do_not_clear_parity
   OK   test_star_proxy_keeps_historical_thresholds_and_refuses_unknown_envelope
   OK   test_missing_optional_diagnostic_dependency_is_unknown
   OK   test_malformed_evidence_is_unknown_not_pass_or_crash
   10/10 passing
== tests/test_finance.py
   OK   test_a_connected_source_that_was_never_read_is_still_unmeasured
   OK   test_a_forecast_never_claims_more_than_the_data_supports
   OK   test_a_paused_budget_scope_stays_blocking
   OK   test_a_run_rate_appears_only_once_orders_exist_and_says_how_thin_it_is
   OK   test_advertising_with_no_attributable_orders_is_a_block
   OK   test_an_empty_business_with_a_connected_order_source_reports_measured_zeroes
   OK   test_contribution_margin_removes_only_the_costs_that_vary_with_selling
   OK   test_cost_per_customer_is_none_not_zero_when_there_are_no_customers
   OK   test_cost_per_validated_pattern_is_computable_without_revenue
   OK   test_every_line_section_fifteen_names_is_present
   OK   test_infrastructure_above_the_owners_ceiling_is_a_block
   OK   test_modelled_fees_are_labelled_and_never_counted_as_observed
   OK   test_no_orders_produces_no_forecast
   OK   test_operating_cost_is_read_from_real_agent_spend
   OK   test_recorded_sales_with_the_source_closed_are_a_labelled_lower_bound
   OK   test_refunds_reduce_net_sales
   OK   test_sales_are_unmeasured_not_zero_while_the_order_source_is_closed
   OK   test_tax_is_reserved_and_never_counted_as_ours
   OK   test_the_cfo_and_trajectory_say_unmeasured_rather_than_zero
   OK   test_the_cfo_speaks_up_when_everything_is_nominally_fine
   OK   test_the_target_arithmetic_is_labelled_as_arithmetic
== tests/test_first_customer_gate.py
   OK   test_a_check_must_say_what_it_read_and_where
   OK   test_a_gate_with_a_silent_area_refuses_to_exist
   OK   test_a_listing_that_over_claims_fails_rather_than_being_absent
   OK   test_a_pattern_that_does_not_compile_fails_every_area_for_one_stated_reason
   OK   test_an_unbuilt_listing_and_an_unbuilt_image_set_read_unverifiable_not_clean
   OK   test_etsy_remote_state_is_unverifiable_rather_than_passing_on_a_local_fake
   OK   test_every_launch0_variant_is_gated_and_none_is_ready_today
   OK   test_physical_validation_is_reported_unresolved_and_cannot_be_marked_otherwise
   OK   test_the_download_is_a_first_customer_failure_while_the_store_is_ephemeral
   OK   test_the_four_areas_that_pass_pass_on_measured_evidence
   OK   test_the_gate_never_authorises_publication_however_green_it_gets
   OK   test_unverifiable_and_unresolved_are_not_passes
   
     12 passing, 0 failing
== tests/test_first_hundred.py
   OK   test_a_listing_without_a_certificate_is_named_as_the_defect_blocker
   OK   test_a_negative_customer_count_is_not_a_count
   OK   test_a_started_sprint_counts_down_and_says_each_arrives_once
   OK   test_every_before_priority_says_why_it_cannot_wait
   OK   test_four_of_the_five_do_not_need_a_customer
   OK   test_nothing_ready_and_nobody_bought_is_reported_as_both
   OK   test_rapid_support_is_the_one_that_genuinely_waits
   OK   test_read_from_evidence_every_priority_has_a_verdict_and_names_its_blocker
   OK   test_something_outside_the_list_is_not_a_trust_investment
   OK   test_state_says_when_the_sprint_ends
   OK   test_support_is_unmeasurable_until_there_is_something_to_respond_to
   OK   test_the_four_can_be_finished_before_anybody_arrives
   OK   test_the_sprint_ends
   OK   test_the_sprint_may_not_spend_the_price
   OK   test_the_sprint_spends_time_and_prevention
   OK   test_truthful_expectations_points_at_the_disclosures_that_already_exist
== tests/test_font_discovery.py
   OK   test_configured_font_is_loaded_at_requested_size
   OK   test_missing_configured_and_system_fonts_remain_a_fallback
   0 failed
== tests/test_free_to_paid.py
   OK   test_a_free_pattern_for_a_paid_object_replaces_it_rather_than_leading_to_it
   OK   test_a_free_pattern_for_something_we_do_not_sell_is_fine
   OK   test_a_hope_is_not_a_reason
   OK   test_a_measured_ladder_names_its_weakest_step
   OK   test_a_rung_larger_than_the_one_above_it_is_a_counting_fault
   OK   test_a_rung_nobody_reached_has_no_conversion_rather_than_a_bad_one
   OK   test_an_address_with_no_valid_basis_is_not_a_rung
   OK   test_an_asset_that_leads_to_what_it_gives_away_is_not_a_funnel
   OK   test_an_asset_with_a_job_states_it
   OK   test_an_empty_funnel_is_not_a_funnel_that_is_not_working
   OK   test_an_invented_stage_is_refused
   OK   test_an_unmeasured_rung_says_which_half_is_missing
   OK   test_content_is_not_a_kind_of_free_work
   OK   test_free_work_with_no_next_step_is_a_giveaway
   OK   test_state_names_what_every_asset_must_carry
   OK   test_the_plan_names_premium_products_nothing_feeds
== tests/test_freeze_candidate.py
   OK   test_a_dirty_tree_is_refused
   OK   test_a_sha_that_is_not_head_or_not_a_commit_is_refused
   OK   test_a_suite_record_for_a_different_sha_is_refused
   OK   test_a_suite_record_that_is_not_release_eligible_is_refused
   OK   test_an_existing_tag_and_a_matrix_without_the_summary_are_refused
   OK   test_exact_clean_eligible_evidence_freezes_locally_and_opens_the_ledger
   OK   test_missing_fast_or_code_stale_rehearsal_is_refused
== tests/test_freshness.py
   OK   test_a_cell_with_no_declared_world_is_refused_rather_than_defaulted
   OK   test_a_declining_department_is_at_risk_even_while_fresh
   OK   test_a_department_that_is_on_time_and_flat_is_not_healthy
   OK   test_a_direction_needs_three_measurements
   OK   test_a_falling_defect_rate_is_improvement
   OK   test_a_mathematical_cell_goes_stale_when_the_code_changes_not_when_time_passes
   OK   test_a_mathematical_cell_is_flagged_stale_by_a_changed_fingerprint_in_the_sweep
   OK   test_a_mathematical_cell_with_no_fingerprint_says_it_cannot_tell
   OK   test_a_never_measured_department_is_at_risk_with_nothing_to_be_stale_about
   OK   test_a_rising_number_is_improvement_only_where_higher_is_better
   OK   test_an_adversarial_world_is_reconsidered_far_sooner_than_an_operational_one
   OK   test_an_unknown_cell_is_refused
   OK   test_compiler_mathematics_has_no_interval_rather_than_a_long_one
   OK   test_every_cell_has_a_declared_world_and_none_is_defaulted
   OK   test_evidence_inside_its_own_interval_is_fresh
   OK   test_fresh_and_moving_is_healthy
   OK   test_measurements_outside_the_window_do_not_count
   OK   test_never_measured_is_its_own_verdict_and_not_stale
   OK   test_never_measured_is_kept_out_of_the_stale_list
   OK   test_noise_below_the_threshold_is_flat
   OK   test_state_says_what_it_replaces_and_why_it_is_not_one_number
   OK   test_the_same_age_is_stale_for_one_department_and_fresh_for_another
   OK   test_the_sweep_flags_the_three_things_the_requirement_names
   OK   test_the_sweep_reports_every_cell_and_its_interval
== tests/test_friction.py
   OK   test_a_complaint_proves_somebody_reached_the_stage_it_arrived_at
   OK   test_a_journey_nobody_walked_does_not_audit_clean
   OK   test_a_listing_that_never_says_it_is_a_pattern_is_a_defect
   OK   test_a_refund_at_support_is_a_listing_defect
   OK   test_a_walked_but_thin_stage_is_unmeasured_not_clean
   OK   test_an_empty_description_is_refused_rather_than_passed
   OK   test_checkout_is_named_as_not_ours_to_fix
   OK   test_clean_requires_every_stage_walked_and_measured
   OK   test_every_confusion_the_spec_names_has_a_causing_stage
   OK   test_free_text_friction_is_refused
   OK   test_friction_outranks_an_unwalked_stage_in_the_headline
   OK   test_friction_with_no_order_behind_it_is_refused
   OK   test_one_broken_download_is_enough_but_one_confusion_is_not
   OK   test_one_unwalked_stage_is_enough_to_withhold_the_pass
   OK   test_recurrence_is_a_rate_and_not_a_count
   OK   test_state_names_the_non_buyer_blind_spot_and_the_day_zero_half
   OK   test_the_answer_below_the_fold_is_still_a_defect
   OK   test_the_audit_reads_the_artefact_not_the_generator
   OK   test_the_shops_own_generated_listing_copy_passes_this_audit
== tests/test_funding.py
   OK   test_a_handler_that_completed_honestly_still_reaches_the_queue
   OK   test_a_spent_balance_stops_the_spending_it_cannot_check
   OK   test_a_successful_vision_probe_clears_the_funding_block_too
   OK   test_it_names_the_account_to_top_up_rather_than_a_provider
   OK   test_one_spent_balance_raises_one_action
   OK   test_the_action_is_closed_by_the_thing_working_rather_than_by_a_tick
   OK   test_the_clear_is_reached_from_both_probes_not_only_one
   OK   test_the_live_message_is_recognised_and_an_outage_is_not
   OK   test_the_probe_is_the_thing_that_closes_it
   OK   test_the_worker_checks_both_outputs_and_exceptions
== tests/test_funnel.py
   OK   test_a_concept_cannot_join_the_funnel_late
   OK   test_a_healthy_tournament_keeps_its_shape
   OK   test_a_kill_cause_outside_the_vocabulary_is_refused
   OK   test_a_stage_below_its_floor_is_refused
   OK   test_a_stage_cannot_run_out_of_order
   OK   test_a_stage_outside_its_target_shape_is_reported_rather_than_refused
   OK   test_a_stage_that_kills_nothing_is_refused
   OK   test_a_survivor_of_the_prototype_stage_may_be_engineered
   OK   test_a_zero_kill_stage_must_declare_it_examined_every_entrant
   OK   test_a_zero_kill_stage_that_looked_at_only_some_is_refused
   OK   test_declaring_examined_never_excuses_a_stage_that_killed_something_wrongly
   OK   test_engineering_a_concept_the_tournament_killed_is_refused
   OK   test_engineering_before_the_prototype_stage_is_refused
   OK   test_every_entrant_is_accounted_for
   OK   test_the_report_names_the_dominant_cause_because_the_fixes_are_opposite
== tests/test_gallery_escalation.py
   OK   test_a_completed_physical_test_opens_the_proof_rung_read_live_from_the_database
   OK   test_a_parity_failure_is_routed_through_the_ladder_and_takes_the_free_rung
   OK   test_a_rung_for_a_superseded_version_is_refused_and_recorded_not_rendered
   OK   test_an_open_image_gate_attempts_the_first_rung_through_the_photography_job
   OK   test_the_ladder_advances_through_distinct_rungs_from_persisted_results
   OK   test_the_plan_walks_every_rung_escalate_knows_in_order
   OK   test_unjudged_is_not_escalated_because_nobody_looked
   OK   test_without_a_deterministic_render_the_ladder_ends_in_holding_the_listing
== tests/test_garment_design.py
   OK   a garment concept is authored by the prototype stage and compiles
   OK   it is Brambleloop's own, with provenance naming the concept and no benchmark
   OK   tide-raglan: every sourced size compiles, reverse-compiles (US+UK) and certifies (8 sizes)
   OK   dune-pullover: every sourced size compiles, reverse-compiles (US+UK) and certifies (9 sizes)
   OK   new_parent/top_down_yoke is refused with its reason
   OK   child/granny_square is refused with its reason
   OK   a premise that asks for a fitted garment gets close ease (class C: a fit test is owed)
   OK   an autonomously designed garment survives the whole release chain
   OK   asset truth counts stitches worked in every piece, not only the first
   OK   every feeling and occasion has a rule in every table
   OK   every texture a concept can choose is one the templates work
   OK   the palette story becomes a stated colour plan
   OK   motif, feeling, premise and occasion each decide something
   OK   the colour plan is carried in the CIR palette and rows
   OK   the same concept is the same garment
   OK   premise word 'a cropped' -> ('length', 'cropped')
   OK   premise word 'a longline' -> ('length', 'longline')
   OK   premise word 'an oversized' -> ('ease', 'oversized')
   OK   premise word 'a slouchy' -> ('ease', 'slouchy')
   OK   premise word 'a fitted' -> ('ease', 'fitted')
   OK   cropped is a stated ratio of the back length
   OK   changing any one concept field changes the CIR
        distinct CIRs from 252 concepts: 120
   OK   concepts spread over far more than the old 16 variants
   OK   varied concepts: every size compiles, reverses US/UK, is monotonic and certifies
   OK   varied concepts differ from each other and from the fixtures at every size
   
     25 passing, 0 failing
== tests/test_garments.py
   OK   test_a_fitted_version_is_class_c_and_waits_for_a_physical_sample
   OK   test_a_join_onto_a_flat_pieces_single_opening_is_located_by_the_opening
   OK   test_built_length_never_falls_between_sizes
   OK   test_built_monotonic_check_catches_a_built_regression
   OK   test_every_size_of_every_design_passes_the_whole_chain
   OK   test_garments_does_not_import_the_benchmarks
   OK   test_no_garment_matches_a_benchmark_and_each_states_its_provenance
   OK   test_raglan_increases_follow_the_standard_eight_per_unit
        raglan neck edge / chest, worst 0.52
   OK   test_raglan_neck_fits_the_body_at_every_size
   OK   test_sizes_grow_monotonically_and_hit_their_intended_chest
   OK   test_textures_are_loop_patterns_the_writer_round_trips
   OK   test_the_neckband_join_is_placed_at_the_neck_row_and_the_gates_agree
   OK   test_the_round_trip_fixture_list_includes_the_garments
   OK   test_the_sleeve_top_meets_the_body_side_it_is_sewn_to
   OK   test_the_two_constructions_are_different_garments
   
   PASS: 0 failing
== tests/test_gates.py
   OK   test_a_blocking_finding_answers_is_error_rather_than_a_spelled_out_severity
   OK   test_a_class_c_pattern_unblocks_on_bound_evidence_and_never_on_none
   OK   test_a_declared_compatible_variant_binds_only_at_its_own_current_content
   OK   test_a_gauge_typed_against_no_yarn_is_refused_and_a_benchmark_is_not_judged
   OK   test_a_generated_lifestyle_image_may_never_be_the_hero_even_when_disclosed
   OK   test_a_generated_lifestyle_image_must_be_disclosed_wherever_it_appears
   OK   test_a_pattern_using_an_uncalibrated_primitive_is_restricted_until_evidence
   OK   test_a_risk_class_downgrade_without_evidence_is_refused
   OK   test_a_single_report_does_not_halt_publication
   OK   test_a_worsted_16_sts_pattern_fails_certification_rather_than_printing_a_swatch_note
   OK   test_ai_concept_as_undisclosed_hero_is_rejected
   OK   test_ai_concept_disclosed_is_allowed
   OK   test_an_asset_truth_error_actually_blocks_the_release_chain
   OK   test_an_out_of_band_gauge_is_released_only_on_a_sample_of_this_content
   OK   test_an_owed_ai_disclosure_missing_verbatim_is_a_sourced_error
   OK   test_asset_depicting_absent_colour_is_rejected
   OK   test_asset_depicting_absent_motif_is_rejected
   OK   test_broken_pattern_never_gets_a_certificate
   OK   test_certificate_granted_for_a_clean_release
   OK   test_class_c_pattern_requires_a_physical_test
   OK   test_clean_asset_passes
   OK   test_clean_listing_passes_policy
   OK   test_distinct_problems_do_not_merge
   OK   test_escalated_incident_halts_publication
   OK   test_every_primitive_carries_a_calibration_status_and_new_ones_start_uncalibrated
   OK   test_listing_needs_exactly_one_hero
   OK   test_misleading_asset_blocks_an_otherwise_valid_release
   OK   test_missing_provenance_is_rejected
   OK   test_no_source_file_compares_a_finding_severity_to_a_lowercase_string
   OK   test_nothing_in_the_catalogue_builds_a_generated_lifestyle_frame
   OK   test_physical_evidence_binds_only_to_the_exact_content_it_was_worked_against
   OK   test_policy_blocks_perpetual_sale_and_bad_compare_at
   OK   test_policy_blocks_unsupported_claims_and_ip
   OK   test_policy_enforces_etsy_limits
   OK   test_release_hash_changes_when_the_pattern_changes
   OK   test_render_cannot_masquerade_as_a_photograph
   OK   test_repeated_defect_reports_correlate_into_one_incident
   OK   test_resolving_an_incident_clears_the_halt
   OK   test_size_label_must_match_computed_dimensions
   OK   test_small_size_drift_within_tolerance_is_accepted
   OK   test_support_cannot_patch_canonical_patterns
   OK   test_the_runtime_author_derives_its_gauge_from_the_declared_yarn
   OK   test_unsupported_material_claim_is_blocked
   OK   test_unsupported_size_claim_is_blocked
== tests/test_gateway.py
   OK   test_a_bad_provider_is_retried_then_abandoned_not_looped_on
   OK   test_a_call_priced_at_zero_still_leaves_the_tokens_it_spent
   OK   test_a_file_that_is_not_an_image_is_refused_rather_than_assumed
   OK   test_a_missing_template_value_fails_loudly
   OK   test_a_model_cost_is_attributable_to_the_job_that_spent_it
   OK   test_a_model_may_not_decide_what_the_compiler_decides
   OK   test_a_model_with_no_price_is_refused_rather_than_billed_at_zero
   OK   test_a_provider_that_is_down_opens_its_circuit_and_is_skipped
   OK   test_a_released_prompt_cannot_be_edited_in_place
   OK   test_a_runaway_model_loop_hits_the_agent_daily_ceiling
   OK   test_an_image_is_labelled_by_its_bytes_rather_than_by_its_filename
   OK   test_an_unpriced_tier_cannot_produce_an_estimate
   OK   test_evals_catch_a_name_that_makes_an_unsupported_claim
   OK   test_evals_catch_a_polish_that_changed_the_facts
   OK   test_evals_catch_invented_review_counts
   OK   test_evals_pass_on_well_behaved_output
   OK   test_every_tier_routes_to_a_model_the_billing_table_prices
   OK   test_failover_moves_to_the_next_provider
   OK   test_json_missing_a_required_field_is_rejected
   OK   test_model_cost_is_recorded_against_the_calling_agent
   OK   test_no_prompt_asks_a_model_for_pattern_instructions
   OK   test_prompts_are_pinned_and_hashed
   OK   test_prose_where_json_was_expected_is_rejected
   OK   test_registering_the_same_prompt_twice_is_a_no_op
   OK   test_the_bytes_win_when_the_extension_disagrees_with_them
   OK   test_the_estimate_and_the_bill_are_the_same_price
   OK   test_the_prompt_reference_and_hash_travel_with_every_response
   OK   test_the_summary_reports_what_actually_happened
   OK   test_the_system_is_honest_that_no_real_provider_is_configured
   OK   test_with_no_provider_the_gateway_says_so_instead_of_pretending
== tests/test_geometry.py
   OK   test_a_basket_is_a_base_and_then_walls_and_both_are_measurable
   OK   test_a_changed_seam_method_is_caught
   OK   test_a_closed_shaped_piece_refuses_to_state_a_height
   OK   test_a_coaster_is_measured_across_and_matches_a_tape_measure
   OK   test_a_coaster_reaches_the_twin_as_a_diameter
   OK   test_a_coaster_set_needs_yarn_for_the_whole_set
   OK   test_a_cone_rises_less_than_its_row_height_but_still_rises
   OK   test_a_document_cannot_ask_for_both
   OK   test_a_document_that_says_the_opposite_is_caught
   OK   test_a_flat_circle_is_recognised_as_flat
   OK   test_a_flat_panel_named_for_a_basket_is_refused
   OK   test_a_frilled_round_names_the_round_it_is_on
   OK   test_a_join_that_does_not_say_where_is_a_bag_of_pieces
   OK   test_a_last_round_small_enough_to_close_is_known_to_close
   OK   test_a_motif_worked_on_a_rectangle_is_not_a_shape_claim
   OK   test_a_placed_join_compiles_clean_and_reads_back
   OK   test_a_placement_off_the_end_of_the_piece_is_an_error
   OK   test_a_rectangle_named_for_a_hexagon_is_refused
   OK   test_a_round_piece_gets_a_round_chart
   OK   test_a_seam_that_names_a_piece_the_pattern_does_not_have_is_an_error
   OK   test_a_seamed_flat_panel_may_be_called_a_basket
   OK   test_a_self_seam_needs_no_placement
   OK   test_a_single_colour_pattern_is_not_cluttered_with_colour_names
   OK   test_a_single_round_placement_reads_as_one_round
   OK   test_a_size_claim_the_twin_cannot_check_is_refused_not_ignored
   OK   test_a_tube_puts_its_whole_row_height_into_rising
   OK   test_gathering_is_a_warning_not_an_error
   OK   test_measuring_a_flat_component_as_a_revolution_is_refused
   OK   test_moving_the_placement_in_the_document_is_caught
   OK   test_no_gauge_means_no_geometry_rather_than_a_guess
   OK   test_only_round_worked_components_are_measured
   OK   test_shaping_faster_than_the_row_height_is_reported_as_gathering
   OK   test_stuffing_has_to_be_in_the_materials_list
   OK   test_the_basket_is_measurable_in_all_three_sizes
   OK   test_the_document_has_to_say_whether_to_join
   OK   test_the_finishing_round_trips_and_a_dropped_step_is_caught
   OK   test_the_hexagon_coaster_really_has_six_corners
   OK   test_the_real_basket_and_coaster_pass_the_same_check
   OK   test_the_round_worked_basket_needs_no_seam_at_all
   OK   test_the_round_worked_products_certify_and_read_back
   OK   test_the_twin_of_a_round_piece_does_not_report_a_flat_width
   OK   test_the_twin_still_measures_a_flat_panel_the_flat_way
   OK   test_the_written_pattern_names_the_yarn_for_every_colour_change
   OK   test_two_placements_that_would_overlap_are_refused
== tests/test_governor.py
   OK   test_a_baseline_makes_a_spike_sayable
   OK   test_a_dimension_nobody_named_is_refused
   OK   test_a_dollar_floor_sits_under_the_statistical_threshold
   OK   test_a_first_observation_is_not_a_spike
   OK   test_a_second_worker_that_added_nothing_is_duplication
   OK   test_a_second_worker_that_nearly_doubled_throughput_is_worth_keeping
   OK   test_all_five_dimensions_the_requirement_names_are_reconciled
   OK   test_an_observation_with_no_time_or_no_workers_is_refused
   OK   test_every_dollar_is_attributed_or_named_unattributed
   OK   test_no_orders_means_marginal_value_is_unmeasurable_rather_than_zero
   OK   test_one_worker_count_cannot_answer_whether_parallelism_helps
   OK   test_orders_make_it_measurable
   OK   test_spend_with_no_key_in_a_dimension_is_unattributed_rather_than_dropped
   OK   test_state_lists_what_it_will_not_invent
   OK   test_the_report_says_which_of_its_controls_are_live
   OK   test_throughput_is_per_minute_rather_than_per_worker_minute_for_the_verdict
== tests/test_graded.py
   OK   test_a_fixed_times_repeat_in_a_graded_template_is_refused
   OK   test_a_transposed_body_table_is_refused
   OK   test_every_graded_size_compiles_reverse_compiles_and_rises_monotonically
   OK   test_negative_ease_and_unknown_measurements_are_refused
   OK   test_the_monotonic_check_measures_the_built_cir_when_it_can
   OK   test_the_size_table_is_written_and_read_back
   OK   test_the_tables_cite_their_source_and_retrieval_date
   OK   test_transcribed_values_match_the_published_chart
   OK   test_what_the_source_does_not_publish_is_unsourced_and_grading_to_it_refuses
   
   PASS: 0 failing
== tests/test_grading.py
   OK   test_a_design_with_no_motif_may_use_any_stitch_count
   OK   test_a_graded_component_compiles_at_every_size
   OK   test_a_shaped_row_is_refused_rather_than_silently_left_at_the_old_size
   OK   test_a_size_run_that_goes_backwards_is_refused
   OK   test_a_size_run_the_motif_cannot_tile_is_refused_rather_than_rounded
   OK   test_degenerate_inputs_are_refused_rather_than_producing_a_pattern
   OK   test_ease_is_declared_per_size_rather_than_scaled
   OK   test_every_size_is_a_whole_number_of_motif_repeats
   OK   test_grading_a_component_moves_the_counts_and_not_the_construction
   OK   test_the_size_table_says_the_two_things_a_maker_needs_to_know
== tests/test_graph_cache_freshness.py
   OK   test_same_size_mtime_call_removal_refutes_warm_reachability
   OK   test_import_removal_and_source_add_delete_invalidate
   OK   test_root_policy_change_invalidates_cached_graph
   OK   test_unreadable_entry_or_changed_boundary_never_returns_success
   OK   test_unchanged_graph_reuses_parse_and_preserves_fixture_verdicts
   OK   test_concurrent_scopes_keep_immutable_sources_and_abort_old_result
   OK   test_traversal_error_and_nested_exception_fail_closed
   OK   test_closure_matrix_aggregation_captures_twice_and_mutation_aborts
   OK   test_top_level_package_import_resolves_inside_snapshot
   9 passed
== tests/test_graph_path_portability.py
   OK   scheduled handler and4 negative controls
== tests/test_growth.py
   OK   test_a_design_with_no_control_may_never_claim_cause
   OK   test_a_loop_earns_its_strength_from_traffic_rather_than_being_assigned_one
   OK   test_a_role_that_does_not_exist_cannot_be_assigned
   OK   test_a_threshold_declared_after_the_result_is_not_a_threshold
   OK   test_an_empty_portfolio_has_undefined_concentration_not_perfect_diversity
   OK   test_an_unattributed_season_or_channel_is_refused_rather_than_estimated
   OK   test_concentration_names_the_product_the_company_depends_on
   OK   test_losing_the_top_season_and_the_top_channel_is_modelled_from_attributed_revenue
   OK   test_scaling_is_gated_on_more_than_a_good_number
   OK   test_stopping_early_at_a_good_number_is_refused
   OK   test_the_constraint_solver_ranks_by_gain_per_week_not_by_gap
   OK   test_the_report_carries_a_diversification_plan_that_waits_for_revenue
   OK   test_the_stress_test_asks_whether_the_target_survives_one_plausible_loss
== tests/test_hand_tension.py
   OK   every row spans exactly the certified width
   OK   the rows total exactly the certified height
   OK   no stitch has zero or negative width
   OK   no row has zero or negative height
   OK   the deviation field is centred near zero, not offset by the mean bug
   OK   no deviation is anywhere near -100%, which would invert a stitch
   OK   widths are positive BEFORE the anchor renormalises them
   OK   a 12cm drift length over a 5cm swatch stays sane
   OK   a 50cm drift length over a 5cm swatch stays sane
   OK   a 500cm drift length over a 5cm swatch stays sane
   OK   neighbouring stitches are more alike than distant ones (correlated, not jitter)
   OK   row tension is correlated from one row to the next
   OK   row tension decorrelates well beyond the drift length (not periodic)
   OK   stitch width responds linearly to loop-length variation (Munden)
   OK   row height responds linearly to loop-length variation (Munden)
   OK   the anchor holds to floating-point precision across many seeds
   OK   observable variation is reported as LESS than specified, not as equal to it
   OK   observable variation is still in the perceptible band (above ~1%)
   OK   observable variation stays below the 10% that reads as a fault
   OK   the same seed gives the same fabric
   OK   a different seed gives a different fabric
   OK   zero tension variation reproduces the identical-stitch control exactly
   OK   every parameter carries a provenance label
   OK   the variance split is labelled an estimate rather than sourced
   
     24 passing, 0 failing
== tests/test_harvest.py
   OK   test_a_measured_harvest_joins_every_dimension_and_reads_the_curve
   OK   test_a_passed_event_with_no_orders_is_refused_and_recorded_with_its_reason
   OK   test_an_event_that_has_not_passed_is_refused
   OK   test_an_unknown_event_is_refused
   OK   test_the_daily_pass_acts_only_on_passed_events_and_does_not_redo_a_measured_one
   OK   test_the_learned_timing_is_what_next_years_calendar_reads
   OK   test_the_order_minimum_boundary
== tests/test_health.py
   OK   test_a_cadence_repeating_itself_is_not_new_evidence
   OK   test_a_cadence_whose_result_moved_is_new_evidence
   OK   test_a_capability_refusal_on_any_job_type_is_a_refusal_not_a_defect
   OK   test_a_chain_that_has_stopped_producing_is_degraded
   OK   test_a_completed_job_in_the_window_is_what_makes_it_healthy
   OK   test_a_configured_integration_reads_healthy
   OK   test_a_dead_letter_is_the_deploys_repair_rather_than_a_timers
   OK   test_a_dead_worker_is_escalated_rather_than_restarted
   OK   test_a_deliberate_refusal_is_the_guard_working_rather_than_a_backlog
   OK   test_a_failed_job_is_not_progress
   OK   test_a_health_incident_closes_when_its_signal_recovers_and_says_what_it_read
   OK   test_a_live_worker_and_a_stalled_queue_is_a_worker_that_is_not_working
   OK   test_a_paused_spend_limit_is_degraded
   OK   test_a_run_is_broken_by_a_good_sweep_rather_than_accumulated
   OK   test_a_set_but_unusable_key_reads_unknown_with_the_probe_reason
   OK   test_a_signal_nobody_named_cannot_be_reported
   OK   test_a_silent_worker_is_down
   OK   test_a_stale_scheduler_means_no_cadence_has_fired
   OK   test_a_stalled_queue_points_at_the_repair_that_already_runs
   OK   test_a_starting_worker_is_not_a_dead_one
   OK   test_a_sweep_running_inside_a_worker_does_not_report_that_worker_down
   OK   test_a_worker_that_never_ticked_is_down_rather_than_unknown
   OK   test_an_unconfigured_integration_is_unknown_rather_than_down
   OK   test_everything_alive_and_nothing_happening_is_idle_rather_than_healthy
   OK   test_health_capability_signals_never_read_environment_presence_as_state
   OK   test_nothing_ever_certified_is_a_state_rather_than_a_fault
   OK   test_one_bad_sweep_is_a_blip
   OK   test_one_run_in_the_window_is_new_rather_than_repeated
   OK   test_state_says_what_online_is_allowed_to_mean
   /home/user/Project-Money/brambleloop/.venv/lib/python3.11/site-packages/fastapi/testclient.py:1: StarletteDeprecationWarning: Using `httpx` with `starlette.testclient` is deprecated; install `httpx2` instead.
     from starlette.testclient import TestClient as TestClient  # noqa
   OK   test_the_console_answers_both_of_an_absent_owners_questions
   OK   test_the_console_never_reports_healthy_while_nothing_is_happening
   OK   test_the_dashboard_carries_the_two_views_the_requirement_named
   OK   test_the_same_signal_across_consecutive_sweeps_is_a_condition
   OK   test_the_signals_endpoint_carries_its_evidence
   OK   test_the_sweep_escalates_a_condition_and_not_a_blip
   OK   test_the_sweep_refuses_to_call_a_spinning_loop_healthy
   OK   test_the_system_reading_itself_is_not_new_evidence
   OK   test_this_sweep_repairs_nothing_itself_and_says_why
   OK   test_work_completed_before_the_window_does_not_count
== tests/test_image_bench.py
   OK   test_a_candidate_failing_permanently_stops_rather_than_failing_thirty_times
   OK   test_a_candidate_measured_under_this_rubric_is_not_paid_for_twice
   OK   test_a_candidate_that_cannot_pay_is_unmeasured_rather_than_failed_thirty_times
   OK   test_a_candidate_that_scored_nothing_is_unmeasured_rather_than_considered
   OK   test_a_changed_rubric_invalidates_every_stored_measurement
   OK   test_a_complete_judgement_parses
   OK   test_a_complete_run_locks
   OK   test_a_face_that_does_not_survive_a_regeneration_is_out_however_good_the_rest_is
   OK   test_a_leader_chosen_over_candidates_nobody_rendered_is_not_a_lock
   OK   test_a_model_that_cannot_render_crochet_is_out_at_any_price
   OK   test_a_model_with_no_reference_conditioning_leaves_on_the_requirement
   OK   test_a_partial_judgement_is_refused_rather_than_averaged
   OK   test_a_partial_measurement_is_never_stored
   OK   test_a_plan_over_the_ceiling_refuses_rather_than_trimming_samples
   OK   test_a_reference_that_is_only_a_url_is_refused_for_openai
   OK   test_a_score_outside_the_scale_is_refused
   OK   test_an_account_already_held_is_not_asked_for_again
   OK   test_an_empty_balance_is_not_recorded_as_a_content_refusal
   OK   test_an_inline_image_is_found_because_google_never_returns_a_url
   OK   test_an_interrupted_schedule_resumes_instead_of_re_rendering_valid_evidence
   OK   test_changing_the_method_invalidates_every_stored_score
   OK   test_cost_breaks_a_tie_only_when_quality_cannot
   OK   test_each_candidate_is_rendered_by_its_own_provider_not_the_configured_one
   OK   test_each_provider_gets_the_body_its_api_actually_accepts
   OK   test_every_benchmark_candidate_can_actually_be_called
   OK   test_every_rubric_line_cites_a_requirement
   OK   test_every_trial_renders_an_original_subject
   OK   test_googles_size_names_are_translated_rather_than_passed_through
   OK   test_measured_is_read_from_the_rows_rather_than_written_false
   OK   test_no_candidate_carries_a_price_for_a_model_that_cannot_be_bought
   OK   test_no_measurement_names_nobody_rather_than_falling_back_to_the_cheapest
   OK   test_one_permanent_failure_does_not_condemn_a_candidate
   OK   test_openai_conditions_on_a_reference_through_edits_not_generations
   OK   test_published_capability_is_labelled_as_a_claim_rather_than_a_finding
   OK   test_quality_decides_when_the_margin_is_wide
   OK   test_reference_conditioning_is_proven_for_two_images_before_thirty_are_spent
   OK   test_repeatability_and_latency_are_measured_rather_than_judged
   OK   test_repeatability_breaks_a_tie_before_cost_does
   OK   test_runnable_is_computed_from_credentials_rather_than_written_false
   OK   test_running_without_a_provider_reports_the_plan_rather_than_scores
   OK   test_the_benchmark_agents_ceiling_can_carry_the_benchmark
   OK   test_the_benchmark_authorization_is_the_raised_cumulative_figure
   OK   test_the_benchmark_budget_is_cumulative_rather_than_per_run
   OK   test_the_credential_plan_counts_sign_ups_rather_than_models
   OK   test_the_deciding_margin_is_a_score_and_not_a_dollar_rule
   OK   test_the_drift_trial_is_given_a_reference_and_the_judge_is_shown_both
   OK   test_the_general_key_is_only_borrowed_by_the_provider_it_names
   OK   test_the_identity_prompt_tells_the_judge_there_are_two_pictures
   OK   test_the_judge_has_room_to_answer_the_whole_rubric
   OK   test_the_judge_is_never_told_which_model_rendered_the_image
   OK   test_the_method_correction_only_invalidates_the_trials_it_touched
   OK   test_the_nano_banana_price_is_the_one_for_the_size_it_is_rendered_at
   OK   test_the_plan_is_answerable_before_any_credential_exists
   OK   test_the_rubric_covers_every_dimension_the_owner_named
   OK   test_the_state_says_plainly_what_has_not_been_measured
   OK   test_the_trials_cover_fabric_hero_thumbnail_lifestyle_and_identity
   OK   test_the_whole_price_spread_is_smaller_than_the_decision
   OK   test_there_is_no_standing_recommendation_for_the_benchmark_to_confirm
   OK   test_without_a_database_measured_is_unknown_rather_than_false
== tests/test_image_reference_hash_failclosed.py
   ....
   ----------------------------------------------------------------------
   Ran 4 tests in 1.807s
   
   OK
== tests/test_improve.py
   OK   test_a_cell_with_too_few_readings_is_unmeasured_not_flat
   OK   test_a_degrading_promotion_reverts_itself_rather_than_waiting_for_agreement
   OK   test_a_flat_capability_history_opens_an_incident
   OK   test_a_gate_may_never_be_loosened_to_improve_the_number_it_produces
   OK   test_a_hypothesis_cannot_avoid_the_check_by_declaring_nothing
   OK   test_a_lesson_is_routed_by_its_subject_rather_than_by_a_distribution_list
   OK   test_a_paraphrase_does_not_get_a_weakening_past_the_boundary
   OK   test_a_plateau_lasting_six_weeks_is_one_defect_and_not_six
   OK   test_a_plateau_never_halts_publication
   OK   test_a_promotion_without_a_rollback_path_cannot_be_proposed
   OK   test_a_result_that_is_not_better_cannot_be_promoted
   OK   test_a_verb_that_does_not_govern_the_gate_is_not_a_weakening
   OK   test_c17_promote_itself_requires_a_recorded_independent_approval
   OK   test_c18_c19_identities_are_normalised_and_attribution_is_not_optional
   OK   test_c20_a_protected_gate_is_proposed_only_by_the_department_that_runs_it
   OK   test_c20_protected_constants_are_discovered_from_the_source
   OK   test_c20_the_lexical_net_catches_inflections_synonyms_and_distant_objects
   OK   test_c21_a_gate_change_needs_recorded_owner_approval_and_recorded_tests
   OK   test_c21_every_protected_gate_is_the_gate_tier_however_it_is_spelled
   OK   test_c22_the_director_sees_one_surface_however_it_is_spelled
   OK   test_capability_going_backwards_is_also_a_defect
   OK   test_compounding_is_measured_by_what_acted_on_a_lesson_not_by_how_many_exist
   OK   test_every_cell_owns_a_metric_that_comes_from_rows
   OK   test_fabricating_the_evidence_is_refused_above_everything_else
   OK   test_irreversible_and_unaffordable_changes_are_refused
   OK   test_the_baseline_is_taken_before_the_change_or_there_is_no_baseline
   OK   test_the_governance_boundary_is_stated_where_the_owner_can_read_it
   OK   test_the_incident_closes_when_capability_starts_moving_again
   OK   test_the_plateau_reads_the_newest_readings_and_not_the_oldest
   OK   test_the_retrospective_carries_the_plateau
   OK   test_the_retrospective_reports_what_regressed_and_what_was_never_measured
   OK   test_the_system_cannot_widen_its_own_authority
== tests/test_improve_director.py
   OK   test_a_promotion_holding_above_baseline_is_held_once_per_reading
   OK   test_a_proposing_agent_cannot_approve_or_promote_its_own_change
   OK   test_a_regression_below_baseline_is_reverted_with_a_rollback_proposal
   OK   test_a_self_review_that_weakens_a_gate_threshold_is_refused_end_to_end
   OK   test_a_self_review_that_weakens_product_truth_is_refused_end_to_end
   OK   test_below_baseline_reverts_even_inside_the_tolerance
   OK   test_every_cell_has_a_backlog_and_experiment_set
   OK   test_incumbents_register_once_and_no_challenger_runs
   OK   test_measurement_proposals_never_conflict
   OK   test_opposing_metrics_conflict_even_on_different_surfaces
   OK   test_the_nightly_queue_is_real_and_bounded
   OK   test_the_retrospective_names_what_to_stop_and_what_is_next
   OK   test_the_week_executes_only_approved_tested_scoring_changes
   OK   test_two_cells_touching_one_surface_are_flagged_and_neither_promotes
== tests/test_improve_handlers.py
   OK   test_a_full_nightly_and_weekly_run_changes_no_threshold_and_no_product_truth
   OK   test_improve_measure_records_capability_points_through_the_handler
   OK   test_improve_mine_publishes_routed_lessons_once
   OK   test_the_brief_reads_the_jury_memory_back_and_records_provenance
   OK   test_the_monitor_handler_reverts_a_regression_with_a_rollback_proposal
   OK   test_the_nightly_sweep_ingests_mines_and_queues_for_real
   OK   test_the_retrospective_handler_carries_the_hundreds_clauses
   OK   test_the_weekly_cycle_reviews_retirement_and_executes_only_the_safe
== tests/test_incident_lifecycle.py
   OK   test_a_condition_that_still_holds_is_restated_on_one_row
   OK   test_a_prefix_is_matched_exactly_rather_than_as_a_like_pattern
   OK   test_a_resolution_without_words_is_refused
   OK   test_reconcile_resolves_only_what_stopped_and_says_why
   OK   test_resolving_named_signatures_touches_nothing_else
   /home/user/Project-Money/brambleloop/.venv/lib/python3.11/site-packages/fastapi/testclient.py:1: StarletteDeprecationWarning: Using `httpx` with `starlette.testclient` is deprecated; install `httpx2` instead.
     from starlette.testclient import TestClient as TestClient  # noqa
   OK   test_the_incidents_endpoint_serves_the_snapshot
   OK   test_the_snapshot_groups_by_kind_and_keeps_a_day_of_resolutions
== tests/test_insights_budget.py
   OK   test_a_keyword_already_snapshotted_lowers_the_value_of_asking_again
   OK   test_nothing_scored_means_nothing_allocated_and_insufficient_evidence
   OK   test_the_arithmetic_rewards_promising_unknowns_and_discounts_what_was_asked
   OK   test_the_least_measured_promising_department_is_asked_first
   OK   test_the_recommendation_states_its_assumptions_and_never_buys
== tests/test_insights_intake.py
   OK   test_a_reading_with_nothing_in_it_or_nobody_behind_it_is_refused
   OK   test_the_allocator_skips_keywords_already_recorded
   OK   test_the_gate_opens_only_on_a_real_reading
   /home/user/Project-Money/brambleloop/.venv/lib/python3.11/site-packages/fastapi/testclient.py:1: StarletteDeprecationWarning: Using `httpx` with `starlette.testclient` is deprecated; install `httpx2` instead.
     from starlette.testclient import TestClient as TestClient  # noqa
   OK   test_the_intake_route_is_authenticated_and_records_the_reading
== tests/test_intake.py
   OK   test_a_file_that_is_not_a_zip_is_passed_through_untouched
   OK   test_a_filename_cannot_climb_out_of_the_purchase_folder
   invalid pdf header: b'PDF'
   EOF marker not found
   EOF marker not found
   OK   test_a_mirror_failure_does_not_report_a_durable_upload
   invalid pdf header: b'PDF'
   EOF marker not found
   EOF marker not found
   OK   test_a_mirrored_upload_writes_every_file_and_says_so
   OK   test_a_pick_outside_the_observed_catalogue_is_refused
   OK   test_a_promised_chart_that_did_not_arrive_is_a_gap
   OK   test_a_zip_bomb_is_refused
   OK   test_a_zip_entry_that_climbs_is_refused
   OK   test_a_zip_is_expanded_and_its_rubbish_left_out
   invalid pdf header: b'PDF'
   EOF marker not found
   EOF marker not found
   OK   test_an_unmirrored_upload_reports_that_it_is_not_durable
   OK   test_an_unobserved_promise_is_unverifiable_not_kept
   invalid pdf header: b'PDF'
   EOF marker not found
   EOF marker not found
   OK   test_benchmark_mirrors_are_not_aged_out_by_the_continuity_retention
   invalid pdf header: b'PDF'
   EOF marker not found
   EOF marker not found
   OK   test_intake_fills_the_manifest_from_the_catalogue
   OK   test_no_pattern_document_at_all_is_a_gap
   OK   test_only_a_pattern_deliverable_is_accepted
   OK   test_promises_are_read_from_the_listing_and_absence_stays_unknown
   OK   test_the_approved_set_size_and_budget_are_in_code
   invalid pdf header: b'Row 1'
   EOF marker not found
   OK   test_the_manifest_holds_no_competitor_text
   invalid pdf header: b'PDF'
   EOF marker not found
   EOF marker not found
   OK   test_the_plan_marks_what_has_already_arrived
   OK   test_the_plan_warns_while_nothing_is_durable
== tests/test_intel.py
   OK   test_a_changed_listing_is_re_audited_and_an_untouched_one_is_not
   OK   test_a_competitor_photograph_can_never_be_published_as_brambleloop_creative
   OK   test_a_dimension_with_no_evidence_is_unknown_and_never_parity
   OK   test_a_first_scan_is_a_baseline_and_the_second_pays_for_nothing
   OK   test_a_gap_cannot_leave_the_queue_without_saying_why
   OK   test_a_judged_image_is_never_offered_again
   OK   test_a_lesson_that_is_really_a_copied_pattern_is_refused
   OK   test_a_listing_below_the_image_floor_still_counts_as_absent
   OK   test_a_listing_is_analysed_only_when_every_image_of_it_has_been
   OK   test_a_listing_nobody_can_classify_goes_to_a_visible_queue_not_the_nearest_pod
   OK   test_a_listing_that_vanishes_is_marked_withdrawn_rather_than_deleted
   OK   test_a_rate_limit_is_waited_out_and_a_bad_request_is_not_retried
   OK   test_a_redirect_to_a_different_seller_is_refused_not_followed
   OK   test_a_report_that_says_only_scan_complete_is_refused
   OK   test_a_scan_records_evidence_that_cannot_close_the_mandate_without_the_capability
   OK   test_a_scan_report_would_survive_the_no_generic_substitution_check
   OK   test_a_scan_with_no_credential_explains_itself_instead_of_pretending
   OK   test_a_score_says_how_much_of_itself_is_evidence
   OK   test_a_wrong_shop_resolution_never_re_points_the_registry
   OK   test_an_arena_the_benchmark_sells_and_we_do_not_becomes_queued_work
   OK   test_an_image_nobody_will_retry_does_not_hold_a_gallery_open
   OK   test_an_image_observation_cannot_be_recorded_without_looking_at_the_image
   OK   test_an_image_that_keeps_failing_is_not_retried_for_ever
   OK   test_every_mandated_pod_exists_and_a_stocking_reaches_the_stocking_specialist
   OK   test_evidence_recorded_without_the_capability_cannot_satisfy_the_mandate
   OK   test_health_is_unverified_rather_than_healthy_when_nothing_checked_it
   OK   test_re_scoring_a_gap_does_not_reset_the_work_done_on_it
   OK   test_the_acceptance_test_walks_every_step_the_mandate_names
   OK   test_the_backlog_is_counted_rather_than_capped_by_the_query_limit
   OK   test_the_cadence_reads_its_history_from_recorded_scans
   OK   test_the_cadence_speeds_up_faster_than_it_slows_down
   OK   test_the_dashboard_leads_with_whether_the_mission_can_see_anything
   OK   test_the_director_deduplicates_identical_content_and_finds_cross_category_mechanisms
   OK   test_the_gallery_audit_keeps_etsys_colour_statistics_and_calls_it_an_inventory
   OK   test_the_interval_adapts_to_the_shops_rhythm_inside_its_bounds
   OK   test_the_lifecycle_refuses_a_state_it_did_not_pass_through
   OK   test_the_owner_supplied_url_survives_verbatim_and_the_shop_is_mandatory
   OK   test_the_remaining_count_is_counted_rather_than_computed_to_fall
   OK   test_the_scan_handler_defers_until_the_adaptive_interval_has_elapsed
   OK   test_thin_posting_history_falls_back_to_the_fixed_interval_and_says_why
   OK   test_vision_coverage_is_counted_rather_than_asserted_absent
== tests/test_intent.py
   OK   test_a_facet_filled_with_our_own_words_is_refused
   OK   test_a_facet_of_pure_adjective_is_refused
   OK   test_a_pattern_missing_its_facet_is_skipped_rather_than_half_built
   OK   test_a_phrase_a_recorded_observation_contains_is_promoted_to_observed
   OK   test_a_query_with_no_object_is_refused_because_it_is_a_category_browse
   OK   test_a_thin_pod_reports_that_it_cannot_be_measured
   OK   test_a_word_that_means_two_things_is_classified_as_neither
   OK   test_an_html_escaped_title_does_not_leak_entities_into_the_language
   OK   test_an_invented_facet_is_refused
   OK   test_arena_language_is_observed_by_construction
   OK   test_marketplace_furniture_is_separated_rather_than_dropped
   OK   test_no_title_is_reproduced_anywhere_in_the_output
   OK   test_observed_and_assumed_are_never_blended_into_one_list
   OK   test_phrases_are_built_in_the_orders_buyers_type
   OK   test_the_gifting_facets_are_required_because_that_is_how_seasonal_buyers_search
   OK   test_the_words_a_buyer_types_are_not_the_words_a_premise_may_use
   OK   test_with_no_market_evidence_every_phrase_is_labelled_assumed
== tests/test_interviews.py
   OK   test_a_hypothesis_is_never_a_finding
   OK   test_a_hypothesis_with_no_way_to_be_wrong_is_refused
   OK   test_a_published_business_address_is_not_a_basis_for_surveying_a_buyer
   OK   test_a_reconstructed_hypothesis_needs_evidence_independent_of_memory
   OK   test_a_respondent_with_no_order_and_no_tester_record_is_refused
   OK   test_a_response_cannot_carry_an_incentive_at_all
   OK   test_a_response_from_somebody_nobody_invited_is_refused
   OK   test_a_round_drawn_by_two_rules_has_no_describable_frame
   OK   test_a_round_offering_different_incentives_is_refused
   OK   test_an_external_test_that_did_not_confirm_does_not_promote
   OK   test_an_interview_cannot_test_an_interview
   OK   test_an_invitation_rides_the_purchase_relationship_and_its_clock
   OK   test_an_unnamed_selection_rule_is_refused
   OK   test_answers_to_questions_that_were_not_asked_are_refused
   OK   test_contingency_does_not_require_intent_only_ordering
   OK   test_every_contingent_incentive_is_refused
   OK   test_every_outcome_correlated_selection_rule_is_refused_by_name
   OK   test_interviewing_needs_at_least_one_customer
   OK   test_one_person_answers_once
   OK   test_only_the_feeling_question_has_a_clock
   OK   test_promotion_runs_only_through_an_external_instrument
   OK   test_state_says_what_this_instrument_never_produces
   OK   test_support_cannot_exceed_the_responses_it_came_from
   OK   test_the_near_stop_answer_decays_and_says_so
   OK   test_the_permitted_rules_cannot_see_the_outcome
   OK   test_the_sample_reports_who_it_does_not_represent
   OK   test_the_sample_stays_small_on_purpose
   OK   test_withdrawn_consent_stops_the_invitation
== tests/test_invention.py
   OK   test_a_bad_quarter_cannot_lower_the_standard_permanently
   OK   test_a_concept_built_only_from_saturated_motifs_is_the_commodity_by_construction
   OK   test_a_feeling_delivered_in_listing_copy_is_the_failure_this_requirement_names
   OK   test_a_flagship_aims_at_the_top_decile_rather_than_the_category_mean
   OK   test_a_flagship_with_no_wow_mechanism_is_clean_correct_and_forgettable
   OK   test_a_generic_form_with_no_qualifier_is_a_disc_among_discs
   OK   test_a_premise_that_needs_its_title_is_weak_and_reading_them_together_hides_it
   OK   test_a_transformation_is_an_abstract_pattern_never_somebody_s_product
   OK   test_an_autopsy_needs_a_recorded_reason_and_a_specific_detail
   OK   test_boring_is_a_verdict_and_no_correctness_score_overrides_it
   OK   test_forty_rejections_with_no_reasons_is_a_shortlist_and_no_learning
   OK   test_inventing_a_motif_per_concept_is_how_a_grammar_stops_being_one
   OK   test_one_dimension_is_a_category_and_a_category_is_the_commodity
   OK   test_the_floor_is_the_companys_own_trailing_median_so_it_rises
   OK   test_the_matrix_is_a_queue_rather_than_an_intention
== tests/test_k3_listing_outcomes.py
   OK test_a_listing_experiment_with_too_little_exposure_concludes_nothing
   OK test_optimisers_wait_until_measurement_is_recorded_and_read_back
   OK test_the_etsy_api_half_is_read_only_differenced_and_never_invents_impressions
   OK test_the_export_is_read_strictly_and_names_only_our_listings
   OK test_the_producer_is_registered_and_reached_from_a_scheduled_job
   OK test_the_scheduled_daily_job_records_an_export_and_reads_it_back
   OK test_the_weekly_review_diagnoses_each_stage_from_the_produced_outcomes
== tests/test_k8_listing_estate.py
   OK   test_census_estate_rows_carry_files_images_properties_expiry_and_fee
   OK   test_a_customer_file_removed_on_etsy_is_delivery_failure_and_drift_never_overwritten
   OK   test_an_image_removed_on_etsy_is_drift
   OK   test_an_unreadable_file_list_is_unverified_never_verified
   OK   test_a_title_edited_on_etsy_gets_a_defined_rollback_plan_that_is_not_executed
   OK   test_rollback_refuses_in_shadow_and_without_grant_and_records_each_refusal
   OK   test_rollback_with_every_condition_clear_restores_and_reads_back
   OK   test_renewal_rule_now_has_a_caller_recency_renewal_refused_expiry_proposed
   OK   test_the_trail_unifies_publish_activation_and_test_listing_rows
   
   9 passed, 0 failed
== tests/test_k8_shop_cx.py
   OK   test_policy_text_matching_its_canonical_source_is_consistent
   OK   test_a_contradiction_in_live_text_is_named_against_its_fact_and_owner
   OK   test_the_shop_snapshot_opens_and_closes_the_policy_incident_on_readings
   OK   test_options_registry_judges_api_controls_and_reports_browser_only_as_unobserved
   OK   test_an_observation_must_be_dated_complete_and_shaped
   OK   test_an_empty_apps_reading_closes_its_owner_action_and_a_listed_app_reopens_it
   OK   test_policy_violation_items_become_ranked_incidents_with_escalation_and_closure_proof
   OK   test_a_violation_past_its_deadline_is_restated_overdue_with_an_owner_action
   OK   test_security_posture_flags_unexpected_scopes_and_a_credential_replaced_outside_refresh
   OK   test_credential_health_carries_the_posture_and_opens_its_incident
   OK   test_the_inventory_is_served_with_a_channel_per_surface_and_every_named_surface
   OK   test_refund_reasons_are_captured_at_ingest
   OK   test_every_refund_and_case_gets_a_code_and_owner_and_repetition_opens_an_investigation
   OK   test_the_daily_order_readings_carry_the_root_cause_reading
   OK   test_the_workspace_joins_messages_orders_reviews_and_refunds_per_buyer
   OK   test_support_mining_carries_the_workspace_summary
   /home/user/Project-Money/brambleloop/.venv/lib/python3.11/site-packages/fastapi/testclient.py:1: StarletteDeprecationWarning: Using `httpx` with `starlette.testclient` is deprecated; install `httpx2` instead.
     from starlette.testclient import TestClient as TestClient  # noqa
   OK   test_routes_guard_customer_content_and_writes_with_the_operator_credential
   
   17 passed, 0 failed
== tests/test_k9_graded_truth.py
   OK   test_a_benchmark_informed_graded_garment_needs_its_ledger
   OK   test_a_childs_graded_garment_says_measurements_not_age_govern_fit
   OK   test_a_fit_word_must_match_the_stated_ease
   OK   test_a_graded_pdf_prints_its_size_chart_fit_care_and_is_complete
   OK   test_certify_recomputes_the_size_and_rechecks_the_family
   OK   test_each_untraceable_claim_word_is_refused
   OK   test_every_graded_size_carries_the_whole_size_matrix
   OK   test_work_direction_is_written_read_back_and_held_to_the_rows
   
   8 passing, 0 failing
== tests/test_k9_rows.py
   OK   test_a_childs_wearable_is_held_to_physical_plausibility
   OK   test_a_competitor_informed_spec_is_frozen_before_the_writer_runs
   OK   test_a_generated_image_with_the_wrong_stitch_scale_is_not_certified
   OK   test_a_listing_variant_may_not_distort_product_truth
   OK   test_a_schematic_disagreement_is_a_conflict_never_a_choice
   OK   test_a_star_stitch_compiles_to_its_eyes_legs_and_bases
   OK   test_presentation_is_a_similarity_dimension_read_from_the_library
   OK   test_the_teardown_reader_reports_the_size_family
   OK   test_the_whole_size_family_is_parsed_before_one_size_is_frozen
   
   9 passing, 0 failing
== tests/test_kill_table.py
   OK   test_a_defect_rate_over_too_few_orders_is_not_read
   OK   test_below_the_visit_floor_no_rate_rule_fires
   OK   test_compose_reports_whether_the_table_and_runrate_agree
   OK   test_each_diagnosis_routes_to_its_owner
   OK   test_every_threshold_is_unlearned_and_names_its_source
   OK   test_nothing_observed_waits_and_never_routes_to_kill
   OK   test_the_defect_ceilings_flip_where_runrate_flips
   7 passing, 0 failing
== tests/test_ladder.py
   OK   test_a_bundle_across_too_many_departments_is_a_raffle
   OK   test_a_bundle_nobody_would_use_together_is_two_products_in_a_discount
   OK   test_a_catalogue_that_bundles_badly_is_a_finding_about_the_catalogue
   OK   test_a_coherent_bundle_at_a_real_discount_is_worth_testing
   OK   test_a_complete_ladder_is_climbable
   OK   test_a_discount_that_deep_tells_every_buyer_what_the_singles_are_worth
   OK   test_a_price_on_sale_a_third_of_the_time_is_not_a_price
   OK   test_a_rounding_error_is_not_a_reason_to_buy_the_set
   OK   test_a_rung_no_buyer_has_stood_on_reports_why_rather_than_a_rate
   OK   test_a_rung_several_times_the_last_one_is_a_missing_step_wearing_a_price
   OK   test_a_short_shallow_promotion_on_an_ordinary_rung_passes
   OK   test_a_steep_discount_says_the_full_price_was_the_invention
   OK   test_a_tier_nobody_named_is_refused
   OK   test_affinities_are_facts_about_the_products
   OK   test_an_empty_rung_is_a_place_a_buyer_arrives_and_finds_nothing
   OK   test_candidates_are_pairs_ordered_by_what_holds_them_together
   OK   test_free_content_and_the_repeat_purchase_are_not_counted_as_gaps
   OK   test_lifetime_value_needs_a_lifetime
   OK   test_more_movers_than_buyers_is_a_counting_fault
   OK   test_state_names_who_measures_it
   OK   test_the_depth_and_duration_rules_are_the_promotion_modules_own
   OK   test_the_flagship_is_never_routinely_discounted
   OK   test_tier_movement_is_unmeasurable_rather_than_zero
   OK   test_whether_the_bundle_worked_is_answered_by_the_engine_that_already_refuses
== tests/test_lane_admission_concurrency.py
   OK   test_three_or_more_workers_hold_every_lane_limit_and_finish_all_runnable_work
   OK   test_two_deciders_reading_at_once_never_both_hold_the_lane
   
   PASS: 0 failing
== tests/test_lanes.py
   OK   test_a_class_b_fast_product_says_the_sample_sets_its_date
   OK   test_a_complete_run_passes_and_names_what_it_ran
   OK   test_a_flag_is_not_evidence
   OK   test_a_garment_cannot_be_argued_into_the_fast_lane
   OK   test_a_gate_that_ran_and_failed_is_not_a_gate_that_ran
   OK   test_a_halting_incident_closes_the_split
   OK   test_a_mix_that_starves_the_fast_lane_is_refused_too
   OK   test_a_mix_that_starves_the_flagship_lane_is_refused_with_the_number
   OK   test_a_premium_garment_in_one_size_is_not_flagship
   OK   test_a_release_missing_a_gate_is_refused_by_name_in_either_lane
   OK   test_a_stage_outside_the_chain_is_refused
   OK   test_allocation_is_capacity_and_says_so
   OK   test_an_invented_pod_is_refused_rather_than_routed
   OK   test_an_unstable_chain_leaves_one_queue_running_the_same_gates
   OK   test_balance_counts_products_and_refuses_to_call_them_capacity
   OK   test_conditional_gates_are_conditional_on_the_product_and_never_on_the_lane
   OK   test_flagship_is_never_merely_not_fast
   OK   test_observed_evidence_comes_from_the_records_that_hold_it
   OK   test_shares_that_are_not_a_split_are_refused
   OK   test_state_reports_both_purposes_and_the_shared_list
   OK   test_the_gate_list_cannot_take_a_lane_at_all
   OK   test_the_gate_list_is_the_chains_own_and_not_a_copy
   OK   test_the_requirements_own_examples_reach_the_lane_it_names
   OK   test_the_trend_lane_stays_at_least_as_strict_as_the_standing_one
   OK   test_the_two_lanes_cannot_both_admit_the_same_product
   OK   test_two_queues_do_not_open_on_an_unread_signal
== tests/test_launch.py
   OK   test_a_blocked_asset_stops_the_launch_and_is_not_an_owner_problem
   OK   test_a_closer_may_only_close_what_it_opens
   OK   test_a_company_that_has_done_its_half_is_only_blocked_on_people
   OK   test_a_completed_physical_test_clears_its_requirement
   OK   test_a_legacy_certification_counts_zero_toward_launch_until_recertified
   OK   test_a_listing_short_of_frames_is_ours_to_fix_and_says_which
   OK   test_a_thin_catalogue_is_ours_to_fix
   OK   test_a_verified_disclosed_set_takes_listing_imagery_off_the_company_side
   OK   test_an_empty_company_is_blocked_on_itself_not_on_the_owner
   OK   test_an_owner_action_queued_before_it_had_an_identity_is_adopted_not_duplicated
   OK   test_an_owner_action_whose_requirement_is_satisfied_closes_itself
   OK   test_etsy_is_reported_as_written_but_never_called
   OK   test_every_owner_request_has_a_stable_identity_distinct_from_its_wording
   OK   test_every_unmet_requirement_names_who_it_waits_on
   OK   test_live_etsy_asks_are_withheld_while_the_launch_package_is_ours_to_build
   OK   test_no_asset_is_blocked_is_not_true_of_no_assets
   OK   test_nothing_blocked_on_build_is_ever_sent_to_the_owner
   OK   test_shadow_mode_can_never_be_launch_ready
   OK   test_the_adoption_prefixes_are_distinct_and_survive_a_changing_figure
   OK   test_the_benchmark_purchase_ask_points_at_the_selection_and_the_upload_page
   OK   test_the_fee_approval_is_costed_from_the_catalogue_that_actually_exists
   OK   test_the_fee_request_and_its_evidence_agree
   OK   test_the_launch_gate_can_see_the_photographs_and_not_only_the_charts
   OK   test_the_launch_report_names_its_unknowns_and_the_register_is_not_empty_today
   OK   test_the_owner_is_not_asked_to_crochet_the_calibration_sample
   OK   test_the_owner_queue_carries_everything_the_directive_asks_for
   OK   test_the_photography_requirement_reads_the_same_source_as_the_coverage_endpoint
   OK   test_the_report_states_the_owner_actions_in_the_required_format
== tests/test_launch0.py
   OK   test_a_childrens_title_with_no_audience_assignment_is_reported
   OK   test_a_decision_not_to_merchandise_to_a_child_is_told_apart_from_nobody_deciding
   OK   test_a_non_childrens_product_says_so_rather_than_being_silent
   OK   test_a_portfolio_holding_both_swings_less_than_either_alone
   OK   test_a_price_band_must_declare_how_it_was_established
   OK   test_a_prohibited_subject_would_be_refused_even_dressed_as_nursery_decor
   OK   test_an_impossible_mix_weight_raises_rather_than_being_clamped
   OK   test_an_inverted_price_band_raises
   OK   test_assembly_gate_catches_an_assembled_form_with_no_assembly
   OK   test_assembly_gate_is_silent_about_a_single_piece_object
   OK   test_at_least_one_product_is_excluded_on_taste_rather_than_on_truth
   OK   test_every_candidate_states_what_would_disqualify_it_and_what_is_aspiration
   OK   test_every_childrens_title_this_repository_can_build_has_a_decision
   OK   test_every_launch0_product_reports_finished_measurements_and_admits_they_are_arithmetic
   OK   test_every_pipeline_entry_names_a_blocker_and_who_owns_it
   OK   test_every_price_clears_the_pricing_module_rather_than_being_asserted
   OK   test_everything_listed_for_launch_passes_every_gate
   OK   test_fabric_gate_is_silent_when_no_technique_is_claimed
   OK   test_fabric_gate_reads_the_designer_notes_as_well_as_the_title
   OK   test_fabric_gate_refuses_a_colourwork_claim_a_striped_fabric_cannot_keep
   OK   test_launch0_is_small_and_every_item_is_reachable
   OK   test_launch_scope_holds_every_variant_slug_and_only_launch0
   OK   test_make_time_is_labelled_an_estimate_because_the_stitch_rate_is_assumed
   OK   test_make_time_is_multiplied_by_the_pieces_the_pattern_makes
   OK   test_no_launch0_product_carries_a_detachable_applied_part
   OK   test_no_launch0_product_is_calibrated_and_the_report_leads_with_that
   OK   test_no_owner_facing_string_asks_the_owner_to_crochet
   OK   test_no_pipeline_entry_claims_a_cir
   OK   test_the_amigurumi_entry_defaults_to_an_embroidered_face
   OK   test_the_audience_assignment_is_computed_from_the_candidates_not_listed_twice
   OK   test_the_baby_blanket_nobody_assigned_is_assigned_now
   OK   test_the_cir_capability_the_gate_depends_on_is_measured_not_stated
   OK   test_the_committed_statements_are_exactly_what_childrens_requires
   OK   test_the_exclusion_survey_covers_every_product_with_a_cir
   OK   test_the_pairing_conclusion_does_not_depend_on_the_mix_weight
   OK   test_the_pipeline_is_not_the_catalogue
   OK   test_the_pipeline_order_matches_the_researched_entry_order
   OK   test_the_products_left_out_are_left_out_for_a_measured_reason
   OK   test_the_rendering_gap_reads_the_artefact_rather_than_grepping_the_source
   OK   test_the_report_carries_no_demand_or_velocity_score_for_a_product
   OK   test_the_report_runs_end_to_end_and_answers_the_hard_rule
   OK   test_the_seasonal_entry_carries_a_computed_launch_date_and_names_its_evidence
   OK   test_the_series_carries_its_source_and_its_caveats
   OK   test_the_statement_gap_is_measured_on_the_document_and_is_closed
   OK   test_the_subjects_we_never_publish_are_enumerated_from_the_constraint_module
   OK   test_the_two_childrens_products_are_the_sub_categories_the_research_leads_with
   OK   test_the_two_measured_series_are_counter_seasonal
   OK   test_title_promise_gate_catches_a_count_the_cir_does_not_make
   OK   test_title_promise_gate_does_not_invent_a_claim_that_is_not_there
   OK   test_title_promise_gate_reads_a_counting_word_as_a_count
   OK   test_title_promise_gate_reads_an_unnumbered_plural_as_more_than_one
   OK   test_two_sources_cannot_give_one_product_two_audiences
== tests/test_launch0_gauge.py
   .....
   ----------------------------------------------------------------------
   Ran 5 tests in 1.113s
   
   OK
== tests/test_launch0_listing_truth.py
   OK   test_a_certificate_bound_to_no_release_is_neither_filed_nor_served
   OK   test_a_listing_variant_other_than_the_sets_is_refused
   OK   test_an_undescribed_product_is_refused_rather_than_given_a_default_type
   OK   test_certify_examines_the_real_stored_listing_copy
   OK   test_claim_checks_refuse_a_product_type_or_fabric_the_cir_does_not_make
   OK   test_disclosed_last_asset_is_read_per_product_not_from_a_global_window
   OK   test_every_launch0_slug_drafts_a_title_tags_and_category_naming_its_own_product
   OK   test_every_launch0_slug_is_priced_from_its_own_plan_with_the_basis_recorded
   OK   test_no_sample_blocks_on_physical_proof_and_a_bound_sample_clears_it
   OK   test_read_back_compares_the_alt_text_etsy_holds
   OK   test_the_disclosed_set_and_its_certificate_make_imagery_pass
   OK   test_the_fibre_statement_does_not_say_a_nursery_basket_will_be_mouthed
   OK   test_the_listing_audit_records_the_product_record_it_was_drafted_from
   OK   test_the_planner_routes_retired_concept_slugs_to_the_launch0_slugs
== tests/test_launch0_size_labels.py
   OK   test_every_launch0_variant_label_is_backed_by_its_twin
   OK   test_a_hand_typed_label_that_drifted_from_the_twin_is_caught
   OK   test_a_hexagon_label_must_name_its_convention
   OK   test_hexagon_spans_are_the_perimeter_geometry
== tests/test_layout_qa.py
   OK   test_a_blank_frame_is_caught_where_every_upstream_check_passed
   OK   test_a_chart_may_not_be_the_hero
   OK   test_a_consistent_gallery_passes
   OK   test_a_frame_with_a_subject_passes
   OK   test_a_frame_with_a_subject_too_small_to_see_is_flat_too
   OK   test_a_full_bleed_frame_is_flat_rather_than_empty
   OK   test_a_gallery_that_mixes_aspect_ratios_is_caught
   OK   test_a_legible_hero_raises_no_layout_problem
   OK   test_a_subject_the_mobile_crop_removes_is_caught
   OK   test_an_image_that_dies_at_thumbnail_size_is_caught
   OK   test_an_unrendered_frame_is_named_rather_than_skipped
   OK   test_content_in_the_badge_band_is_content_at_risk
   OK   test_text_of_a_reasonable_height_passes
   OK   test_the_background_is_inferred_rather_than_assumed_from_the_palette
   OK   test_the_hero_standard_runs_inside_the_listing_check
   OK   test_type_a_few_pixels_tall_is_caught_where_the_renderer_raised_nothing
== tests/test_leading.py
   OK   test_a_trend_without_a_source_and_a_negative_count_are_refused
   OK   test_an_empty_company_measures_only_release_velocity_and_claims_nothing
   OK   test_listing_surface_metrics_wait_for_a_live_listing_even_when_numbers_are_supplied
   OK   test_orders_make_success_a_question_about_orders_and_rates_wait_for_the_floor
   OK   test_supplied_numbers_on_a_live_listing_are_measured_and_success_still_refused
   OK   test_there_are_ten_indicators_one_per_name_in_the_requirement
   6 passing, 0 failing
== tests/test_leadtime.py
   OK   test_a_beginner_pattern_is_scheduled_for_a_beginner
   OK   test_a_flash_trend_cannot_buy_flagship_engineering
   OK   test_a_long_make_gets_an_earlier_launch_than_a_quick_one_by_arithmetic
   OK   test_a_product_that_missed_its_window_is_never_launched_on_its_seasonal_premise
   OK   test_an_assumption_cannot_graduate_to_measured_by_being_overwritten
   OK   test_calibration_divides_by_the_stitches_the_tester_actually_worked
   OK   test_calibration_says_it_has_no_samples_rather_than_inventing_a_rate
   OK   test_colour_changes_are_counted_in_the_order_a_person_crochets
   OK   test_depth_is_measured_against_the_ecosystem_an_event_actually_spans
   OK   test_every_term_of_the_backward_chain_is_actually_subtracted
   OK   test_it_compiles_against_the_seasonal_calendar_that_already_exists
   OK   test_make_time_counts_every_piece_the_pattern_says_to_work
   OK   test_make_time_is_derived_from_the_twin_rather_than_typed_in
   OK   test_the_calendar_rolls_so_no_event_is_ever_discovered_late
   OK   test_the_estimator_refuses_to_assume_one_of_each
   OK   test_the_heaviest_launchable_lane_comes_from_the_lead_time_engine
   OK   test_the_lane_boundaries_are_continuous_and_a_negative_make_time_is_refused
   OK   test_the_phase_decides_what_work_is_useful_today
   OK   test_the_sentinel_checks_the_dated_milestones_as_well_as_the_launch_dates
   OK   test_the_sentinel_runs_on_a_cadence_and_raises_only_what_can_still_be_acted_on
   OK   test_the_sentinel_separates_at_risk_from_merely_late
== tests/test_league.py
   OK   test_a_challenger_that_brings_its_own_tasks_is_refused
   OK   test_a_challenger_that_skipped_the_hard_cases_has_not_beaten_anything
   OK   test_a_configuration_that_wins_when_it_answers_and_fails_more_often_has_not_won
   OK   test_a_promotion_passes_the_same_boundary_as_any_other_self_improvement
   OK   test_a_small_gain_is_noise_and_promoting_on_it_makes_a_league_churn
   OK   test_a_version_records_why_it_exists_not_only_that_it_does
   OK   test_an_identical_payload_does_not_create_a_new_version
   OK   test_an_incumbent_that_was_never_measured_is_named_as_such
   OK   test_every_axis_is_reported_because_a_league_showing_one_picks_the_trade
   OK   test_promotion_records_the_run_that_justified_it
   OK   test_the_cost_bar_scales_with_the_ratio_rather_than_sitting_at_one_threshold
== tests/test_league_holdout.py
   OK   test_a_challenger_that_holds_up_on_the_holdout_is_promoted
   OK   test_a_comparison_with_no_holdout_says_the_evidence_is_the_tuned_set_only
   OK   test_a_holdout_that_overlaps_the_shared_set_is_refused
   OK   test_a_large_enough_improvement_may_buy_the_time
   OK   test_a_modest_slowdown_inside_the_tolerance_passes
   OK   test_a_rollback_may_not_change_which_configuration_is_running
   OK   test_a_rollback_with_no_reason_is_refused
   OK   test_a_small_dip_on_the_holdout_is_noise_rather_than_overfitting
   OK   test_a_win_that_is_four_times_slower_is_a_trade_not_a_win
   OK   test_an_empty_task_set_can_never_clear_the_bar
   OK   test_latency_is_one_of_the_axes_the_league_declares
   OK   test_latency_that_was_not_measured_is_named_rather_than_read_as_instant
   OK   test_rollback_restores_the_named_version_and_retires_the_current_one
   OK   test_rolling_back_to_the_current_incumbent_is_a_no_op_not_an_error
   OK   test_the_bar_gets_harder_as_the_task_set_gets_smaller
   OK   test_the_comparison_reports_the_bar_it_used_and_what_it_measured_on
   OK   test_the_rollback_reason_survives_in_the_registry
   OK   test_the_rollback_target_is_answered_before_it_is_needed
   OK   test_the_same_gain_promotes_on_a_large_set_and_is_held_on_a_small_one
   OK   test_winning_the_tuned_set_and_losing_the_holdout_is_refused
== tests/test_learn_input_shapes.py
   ...
   ----------------------------------------------------------------------
   Ran 3 tests in 0.781s
   
   OK
== tests/test_learn_launch.py
   OK   test_source_graph_queue_restart_and_idempotence
   OK   test_no_sources_watch_not_filler
   OK   test_invalid_count_and_licence_refused
   OK   test_unknown_visual_review_withholds_and_self_review_refused
   OK   test_revision_change_revokes_help_and_reopens_gap
   OK   test_direct_spec_tamper_cannot_retain_approval
   OK   test_support_sources_do_not_copy_customer_pii
   OK   test_untrusted_slug_cannot_create_external_help_link
   OK   test_real_worker_scanner_reads_production_pattern_state
   /home/user/Project-Money/brambleloop/.venv/lib/python3.11/site-packages/fastapi/testclient.py:1: StarletteDeprecationWarning: Using `httpx` with `starlette.testclient` is deprecated; install `httpx2` instead.
     from starlette.testclient import TestClient as TestClient  # noqa
   OK   test_public_route_refuses_draft_and_stale_revision
   OK   test_pdf_links_require_configured_origin_and_approved_revision
   OK   test_actual_pdf_render_threads_revision_bound_help_to_layout
   OK   test_authenticated_draft_review_serving_has_distinct_identities
   13 passing
== tests/test_learn_publish_contract.py
   OK   test_both_runtime_pdf_render_sites_pass_same_learn_resolver
   OK   test_approved_links_repeat_exact_bytes_and_changed_approval_trips_hash_gate
   /home/user/Project-Money/brambleloop/.venv/lib/python3.11/site-packages/fastapi/testclient.py:1: StarletteDeprecationWarning: Using `httpx` with `starlette.testclient` is deprecated; install `httpx2` instead.
     from starlette.testclient import TestClient as TestClient  # noqa
   OK   test_omitted_revision_serves_only_current_reviewed_spec_never_stale_pdf_target
   3/3 passing
== tests/test_learning.py
   OK   test_a_claim_resting_on_signals_alone_is_allowed_and_says_so
   OK   test_a_domain_nobody_looked_at_is_named_not_counted_as_zero
   OK   test_a_fed_observation_still_cannot_become_evidence
   OK   test_a_signal_passed_as_internal_evidence_is_refused
   OK   test_a_stale_domain_is_separated_from_a_watched_one
   OK   test_a_technique_is_never_inferred_from_a_product_title
   OK   test_an_empty_radar_says_it_is_a_shape_with_nothing_in_it
   OK   test_an_observation_cannot_be_promoted_into_evidence
   OK   test_an_observation_with_no_citation_is_refused
   OK   test_an_observation_with_no_source_is_refused
   OK   test_an_unclassified_domain_is_refused_rather_than_given_a_default
   OK   test_freshness_is_per_domain_because_a_policy_ages_faster_than_a_stitch
   OK   test_ingesting_twice_in_a_day_records_nothing_the_second_time
   OK   test_internal_evidence_gives_a_claim_a_causal_basis
   OK   test_marketplace_policy_keeps_one_writer
   OK   test_only_the_domains_a_catalogue_can_answer_are_fed
   OK   test_the_radar_still_names_the_four_nobody_has_looked_at
   OK   test_with_no_observed_catalogue_nothing_is_recorded
== tests/test_linkage.py
   linking number against known links
   OK   unlink is 0
   OK   Hopf link is +/-1
   OK   reversing one component flips the sign
   OK   reversing both components leaves it unchanged
   OK   Lk(a,b) == Lk(b,a)
   OK   a curve threading the ring twice is +/-2
   OK   Hopf survives a 0.01 jiggle
   OK   Hopf survives a 0.05 jiggle
   OK   Hopf survives a 0.12 jiggle
   OK   independent of how finely either curve is sampled
   OK   independent of overall scale
   OK   independent of translation
   OK   an open strand through a loop is 1
   OK   an open strand beside a loop is 0
   OK   a strand that dips through and returns is 0
   OK   truncating the strand does not change the answer
   OK   close_arc returns a closed curve
   OK   a closed arc still links a strand through it
   
     18 passing, 0 failing
== tests/test_listing_parity_gate.py
   OK   test_a_parity_refusal_is_terminal_rather_than_retried
   OK   test_a_product_with_no_frames_is_unjudged_rather_than_clean
   OK   test_parity_is_enforced_after_capability_and_before_anything_is_sent
   OK   test_shadow_mode_is_still_the_reason_publication_was_refused
   OK   test_the_benchmark_comparison_is_absent_rather_than_favourable
   OK   test_the_gate_runs_on_every_publish_attempt_including_the_refused_ones
== tests/test_listing_schema.py
   OK   test_a_claim_cannot_be_promoted_by_being_believed
   OK   test_a_draft_with_no_image_cannot_be_activated
   OK   test_a_duplicated_material_is_collapsed_rather_than_spending_a_slot
   OK   test_a_material_may_not_carry_a_percentage_and_yarn_usually_does
   OK   test_a_physical_listings_obligations_are_not_a_digital_listings
   OK   test_a_sourced_clause_that_quotes_nothing_is_refused
   OK   test_a_tag_with_a_comma_is_caught_because_the_body_is_comma_separated
   OK   test_a_title_may_use_an_ampersand_once_and_a_template_uses_it_twice
   OK   test_describe_carries_the_whole_contract_for_the_readiness_report
   OK   test_every_clause_names_where_it_came_from_and_when
   OK   test_every_gap_states_its_evidential_status_and_cannot_invent_a_claim
   OK   test_only_the_four_unauthenticated_pings_are_verified_against_etsy
   OK   test_the_builder_refuses_a_listing_etsy_would_refuse
   OK   test_the_image_gap_is_recorded_as_a_launch_blocker
   OK   test_the_real_export_passes_the_contract_it_can_pass
   OK   test_the_request_body_is_form_encoded_rather_than_json
   OK   test_the_required_fields_are_etsys_list_and_not_a_convenient_subset
   OK   test_the_three_states_are_three_and_every_claim_is_in_exactly_one
== tests/test_listing_set.py
   OK   test_a_certificate_with_no_geometry_could_never_be_invalidated
   OK   test_a_claims_change_affects_the_whole_set_rather_than_the_number_frames
   OK   test_a_failing_gate_cannot_be_certified
   OK   test_a_frame_job_the_vocabulary_does_not_have_is_refused
   OK   test_a_frame_with_no_asset_hash_is_refused
   OK   test_a_gate_nobody_has_heard_of_is_refused
   OK   test_a_gate_that_never_ran_cannot_be_certified_around
   OK   test_a_geometry_change_affects_the_frames_that_quote_measurements
   OK   test_a_geometry_change_invalidates_without_anybody_revoking_it
   OK   test_a_policy_change_invalidates_too
   OK   test_an_empty_set_is_refused
   OK   test_an_unchanged_product_keeps_its_certificate
   OK   test_policy_is_only_checked_when_a_version_is_supplied
   OK   test_state_says_why_this_is_not_the_release_certificate
   OK   test_the_certificate_records_everything_the_requirement_names
   OK   test_the_frame_order_is_recorded_by_position
   OK   test_two_frames_claiming_one_position_is_refused
   OK   test_validity_is_recomputed_rather_than_stored
== tests/test_listing_tests.py
   OK   test_a_confounded_window_is_about_something_else
   OK   test_a_context_keyed_on_a_near_miss_is_refused
   OK   test_a_disproof_applies_to_the_context_that_produced_it_and_nowhere_else
   OK   test_a_listing_nobody_saw_did_not_fail
   OK   test_a_memory_that_never_forgets_is_a_way_to_stop_learning
   OK   test_a_missing_pre_period_is_refused_in_both_its_forms
   OK   test_a_multi_variable_test_belongs_to_the_bundle_and_blocks_nothing_later
   OK   test_a_readable_test_reads
   OK   test_a_short_window_measures_the_weekday
   OK   test_a_supported_result_is_kept_even_when_it_is_only_associative
   OK   test_a_test_that_changes_nothing_is_a_period_of_time
   OK   test_a_variable_outside_the_vocabulary_cannot_be_remembered
   OK   test_an_empty_memory_says_it_is_empty_rather_than_reporting_nothing_known
   OK   test_an_inconclusive_result_closes_nothing_and_opens_nothing
   OK   test_an_invented_confounder_is_refused
   OK   test_an_unreadable_test_cannot_write_a_disproof
   OK   test_an_unreadable_test_writes_no_durable_row_either
   OK   test_known_scopes_to_a_context_when_asked
   OK   test_only_a_causal_design_may_close_a_question
   OK   test_recording_the_same_result_twice_is_a_re_run_rather_than_a_second_finding
   OK   test_reopening_needs_a_named_change_rather_than_a_feeling
   OK   test_state_names_the_floors_and_why_they_exist
   OK   test_the_memory_outlives_the_process
   OK   test_the_memory_refuses_a_question_it_has_already_answered_here
== tests/test_local_suite_evidence.py
   ..
   ----------------------------------------------------------------------
   Ran 2 tests in 0.005s
   
   OK
== tests/test_master_registry_v11.py
   OK v1.0 body (§1-93) unchanged in v1.1
   OK F-880..F-930 contiguous, 51 requirements, no gaps or duplicates
   OK every requirement cites its source line and carries its full text
   OK §95 acceptance tests captured verbatim
   OK v1.0 registry still sourced from master_v1.0.txt
== tests/test_maturity.py
   OK   test_a_job_that_finished_and_was_audited_is_evidence_and_a_job_row_alone_is_not
   OK   test_a_library_no_job_reaches_is_unreadable_rather_than_unexercised
   OK   test_a_module_a_job_does_reach_can_be_told_it_never_ran
   OK   test_a_note_that_names_no_module_reaches_no_rung_and_fails_none
   OK   test_a_rung_above_a_failure_is_a_failure_rather_than_a_fresh_start
   OK   test_an_ordinary_import_counts_as_a_test
   OK   test_deployment_is_unmeasurable_from_a_laptop
   OK   test_evidence_of_running_settles_the_rungs_underneath_it
   OK   test_notes_that_name_a_table_rather_than_a_function_still_name_a_module
   OK   test_the_job_map_is_derived_from_the_handlers_rather_than_declared
   OK   test_the_one_actionable_row_is_named_rather_than_counted
   OK   test_the_registrys_own_status_is_never_evidence_for_a_rung
   OK   test_the_report_states_what_covered_actually_means
   OK   test_the_suite_cannot_satisfy_the_production_rung
   OK   test_work_that_ran_in_july_is_not_production_observed_today
== tests/test_maturity_cache_freshness.py
   OK   test_same_size_same_mtime_mutation_cannot_reuse_obsolete_import
   OK   test_add_remove_malformed_and_root_switch
   OK   test_read_failure_does_not_return_warm_pass
   OK   test_unchanged_corpus_matches_original_ast_algorithm
   4 passed
== tests/test_maturity_path_portability.py
   OK   test_nested_resolution_is_canonical_and_reaches_import_evidence
   OK   test_ambiguous_bare_name_remains_refused
   2 passed
== tests/test_maturity_request_snapshot.py
   OK   test_multiple_reads_capture_exactly_twice_and_separate_calls_refresh
   OK   test_mutation_add_remove_and_unreadable_abort_no_result
   OK   test_nested_and_exception_contexts_restore_parent
   OK   test_parallel_requests_do_not_share_snapshot
   OK   test_real_consumers_preserve_unchanged_fixture_results
   5 passed
== tests/test_measure.py
   OK   test_a_first_measurement_is_a_baseline_never_a_win
   OK   test_a_measurement_over_zero_rows_is_refused
   OK   test_an_empty_source_records_nothing_and_says_which_table_it_needs
   OK   test_every_cell_has_exactly_one_measurer
   OK   test_state_names_every_measurer_and_the_rules
   OK   test_the_same_rows_give_the_same_reading_once
   OK   test_the_seeded_cells_measure_the_rows_they_name
== tests/test_mechanisms.py
   OK   test_a_clean_decomposition_passes_the_same_check_creative_output_passes
   OK   test_a_depicted_subject_is_not_a_mechanism
   OK   test_a_listing_with_nothing_new_is_a_note
   OK   test_a_mechanism_names_the_dated_observation_it_came_from
   OK   test_a_protected_token_cannot_be_carried_away_in_a_mechanism
   OK   test_an_arena_with_no_demand_evidence_never_justifies_one
   OK   test_an_invented_class_is_refused
   OK   test_an_observation_that_cannot_be_wrong_is_refused
   OK   test_every_class_is_about_how_rather_than_what
   OK   test_every_depiction_word_is_caught_in_the_effect_too
   OK   test_one_new_mechanism_is_still_a_note
   OK   test_state_names_the_failure_decomposition_is_for
   OK   test_the_check_uses_word_boundaries_rather_than_substrings
   OK   test_the_tournament_carries_mechanisms_and_never_the_expression
   OK   test_two_new_mechanisms_in_an_evidenced_arena_justify_a_search
   OK   test_unexamined_classes_are_listed_rather_than_assumed_absent
== tests/test_milestone_d.py
   OK   every item reports a status from the closed set and a measurement
   OK   the judged items are UNKNOWN because no judge ran, and say so
   OK   no render directory means no image and the item says nothing was drawn
   OK   with UNKNOWN items present the milestone is never PASS
   OK   the overall rule is stated on the result
   OK   every chosen number is in CRITERIA with a reason
   OK   the bending rigidity used is on the result and is the derived one, not the committed constant
   OK   the friction lock is declared where it holds morphology, so the reader knows what is an input
   OK   the fixed point, identity and the certified flat hold in a short solve
   OK   a 200-iteration solve is honestly still moving: stationarity is UNKNOWN, not PASS
   OK   the render item hashes the geometry it drew and finds it unchanged
   OK   the summary is one line per item
   OK   the ladder reports D as UNMEASURED when nobody measured it, never FAIL or PASS by default
   OK   a supplied D result flows into the ladder with its status and its unknowns
   OK   a PASS handed to the ladder is still subject to the ordering rule: nothing passes on top of a milestone that failed, and a PARTIAL earlier rung does not block
   OK   every judged D item has a judge key phrased so that True means sound, and the judge is never shown the standard as something to agree with
   OK   the judge model is pinned by a dated id and its price basis is written down
   OK   the reading keeps only the closed vocabulary and real booleans: a string 'true' is unmade
   OK   an answer with no JSON is unjudged, never passed
   OK   the decision rule: FAIL on any view, PASS only when every view is sound, UNKNOWN otherwise
   OK   without a credential the judge refuses rather than inventing an answer
   
     21 passing, 0 failing
== tests/test_mine.py
   OK   test_a_self_judged_field_is_refused_as_memory
   OK   test_an_empty_company_mines_nothing_and_says_so
   OK   test_an_incident_carrying_a_cir_is_frozen_as_a_regression_fixture
   OK   test_each_group_is_routed_by_the_subject_table
   OK   test_failures_are_grouped_by_signature_and_published_once_each
   OK   test_jury_deaths_become_training_memory_the_brief_reads_back
   OK   test_mining_is_idempotent_on_evidence
== tests/test_mission.py
   OK   test_a_challenger_wins_on_outcomes_or_it_does_not_win
   OK   test_a_fan_out_that_cannot_name_what_it_buys_is_refused
   OK   test_a_lesson_carrying_a_competitors_instructions_is_refused_by_the_shared_boundary
   OK   test_a_superseded_lesson_is_kept_because_a_memory_that_was_always_right_is_not_learning
   OK   test_an_attribute_absence_names_its_real_blocker_not_an_expired_one
   OK   test_an_empty_map_is_not_a_map_of_an_empty_shop
   OK   test_an_unrouted_listing_is_named_rather_than_counted
   OK   test_generic_research_cannot_draw_below_the_reserved_floor
   OK   test_only_an_outcome_moves_a_lesson_and_it_names_its_evidence
   OK   test_palette_is_absent_for_want_of_a_gallery_call_not_for_want_of_a_model
   OK   test_repetition_is_refused_as_evidence
   OK   test_scale_is_bounded_by_money_rather_than_by_a_headcount_constant
   OK   test_the_gap_report_reads_the_key_the_scanner_writes
   OK   test_the_gap_report_surfaces_the_terms_a_widening_may_be_drawn_from
   OK   test_the_judgement_columns_are_absent_rather_than_inferred_from_the_title
   OK   test_the_map_reports_its_own_staleness_and_what_changed
== tests/test_moat.py
   OK   test_a_signature_states_why_it_would_take_that_long_for_somebody_else
   OK   test_a_tester_who_has_not_finished_anything_is_not_capacity
   OK   test_an_asset_nobody_has_built_is_not_counted_as_a_moat
   OK   test_an_assignment_outside_a_specialty_is_a_slow_way_to_discover_that
   OK   test_demand_is_forecast_from_the_calendar_rather_than_the_request_queue
   OK   test_no_recorded_tests_means_unreleasable_rather_than_delayed
   OK   test_one_tester_doing_every_garment_is_a_network_of_one_for_garments
   OK   test_structural_means_it_cannot_be_bought_later_at_any_speed
   OK   test_the_brand_survives_losing_the_model
   OK   test_the_launch_gate_carries_the_v14_additions
   OK   test_the_model_is_the_most_visible_asset_and_the_most_copyable
== tests/test_mobile.py
   OK   test_a_context_with_no_stored_render_is_refused
   OK   test_a_listing_with_no_frames_has_no_first_three
   OK   test_a_thin_gallery_is_reported_without_being_a_defect
   OK   test_an_invented_context_is_refused
   OK   test_an_unrendered_context_is_not_a_passing_one
   OK   test_every_context_rendered_completes_the_pass
   OK   test_every_context_the_requirement_names_exists_in_order
   OK   test_ink_in_the_title_safe_band_is_not_hard_to_read_but_invisible
   OK   test_nothing_selling_in_the_first_three_fails_at_the_depth_most_people_reach
   OK   test_only_the_first_three_are_examined_however_long_the_gallery
   OK   test_state_names_the_context_the_builder_never_occupies
   OK   test_the_first_three_failing_fails_the_whole_qa
   OK   test_the_scroll_count_is_stated_once_so_the_contexts_cannot_drift
   OK   test_the_thumbnail_is_where_the_decision_is_made
   OK   test_three_frames_all_doing_one_job_is_one_frame_shown_three_times
   OK   test_three_frames_answering_different_questions_pass
   OK   test_two_renders_of_one_context_let_somebody_pick
== tests/test_model_access.py
   OK   test_a_missing_shared_secret_is_visible_rather_than_silently_dropped
   OK   test_a_model_may_never_be_asked_what_the_compiler_answers
   OK   test_a_near_match_is_not_the_named_shop
   OK   test_the_api_key_header_is_keystring_and_shared_secret
   OK   test_the_cache_key_changes_when_the_routing_does
   OK   test_the_capability_report_names_the_gap_rather_than_claiming_coverage
   OK   test_the_catalogue_is_enumerated_completely_rather_than_sampled
   OK   test_the_ceiling_is_checked_before_the_call_not_after
   OK   test_the_credential_never_appears_in_the_evidence_trail
   OK   test_the_mission_asks_for_no_scope_it_does_not_need
   OK   test_the_plan_states_the_ceiling_as_a_maximum_and_names_its_fx_assumption
   OK   test_unchanged_evidence_is_never_paid_for_twice
   OK   test_work_is_routed_by_what_it_actually_needs
== tests/test_model_freeze.py
   OK   test_a_body_frame_that_recovers_as_different_bytes_is_returned_as_nothing
   OK   test_a_pack_frozen_before_hashes_were_recorded_is_still_pinned
   OK   test_a_pack_that_cannot_state_the_bust_is_never_frozen
   OK   test_a_reference_flawed_only_in_its_own_scene_is_still_frozen
   OK   test_a_reference_that_reads_as_generated_is_never_frozen
   OK   test_a_reference_the_judge_could_not_read_is_unproven_rather_than_sound
   OK   test_a_replaced_committed_portrait_is_not_the_face_and_is_not_a_fallback
   OK   test_every_field_is_sourced_and_none_is_invented
   OK   test_nothing_freezes_without_the_owner_and_nothing_freezes_twice
   OK   test_reference_paths_hands_out_only_files_that_hash_to_the_pinned_bytes
   OK   test_the_approval_record_names_who_and_how_and_does_not_invent_the_fingerprint
   OK   test_the_freeze_job_declines_rather_than_raising_when_no_pack_can_be_frozen
   OK   test_the_freeze_job_records_the_approval_and_refuses_to_replace_her
   OK   test_the_freeze_pins_every_reference_by_hash
   OK   test_the_freeze_reaches_past_a_newer_unusable_pack_and_says_which
   OK   test_the_proof_can_fail_and_is_not_a_row_of_yeses
   OK   test_the_proof_reports_nothing_rather_than_passing_with_no_pack
   OK   test_the_recorded_approval_authorises_the_identity_and_nothing_else
   OK   test_the_reference_image_is_one_that_survives_a_restart
   OK   test_the_seven_properties_hold_against_the_persisted_pack
== tests/test_model_identity.py
   OK   test_a_candidate_does_not_become_canonical_by_being_first
   OK   test_a_corrected_brief_is_not_locked_out_by_the_hours_idempotency_key
   OK   test_a_field_the_pack_never_pinned_is_unmeasurable_not_a_match
   OK   test_a_group_with_too_little_readable_is_unverifiable_rather_than_passing
   OK   test_a_matching_face_passes_and_a_drifted_one_blocks
   OK   test_a_model_frame_with_no_canonical_pack_blocks
   OK   test_a_perfect_face_on_a_different_body_fails
   OK   test_a_product_only_listing_is_not_asked_about_identity
   OK   test_a_replacement_increments_the_version_and_retires_rather_than_deletes
   OK   test_a_second_canonical_is_refused_without_a_replacement_record
   OK   test_an_incomplete_pack_is_refused_because_an_unpinned_field_drifts
   OK   test_an_obscured_proportion_is_unmeasurable_and_never_a_pass
   OK   test_an_unreadable_observation_blocks_rather_than_passing
   OK   test_enough_readable_and_all_matching_passes
   OK   test_provenance_against_no_pack_or_an_unhashed_pack_is_unverifiable
   OK   test_provenance_is_a_hash_comparison_and_a_path_is_not_a_hash
   OK   test_the_brief_forbids_building_her_from_a_real_persons_photograph
   OK   test_the_canonical_identity_cannot_be_rewritten_as_a_candidate
   OK   test_the_gate_blocks_a_frame_whose_provenance_does_not_verify
   OK   test_the_observer_is_asked_about_the_body_and_told_not_to_guess
   OK   test_the_observer_is_asked_for_the_drift_dimensions
   OK   test_the_owner_selects_one_and_a_second_selection_is_a_redesign
   OK   test_the_pack_pins_the_body_as_well_as_the_face
   OK   test_the_pack_survives_a_restart
   OK   test_the_release_path_actually_calls_the_gate
   OK   test_the_replacement_procedure_is_not_invoked_anywhere_with_a_real_approval
   OK   test_the_stress_test_covers_materially_different_situations
   OK   test_the_two_floors_are_independent_and_neither_averages_into_the_other
== tests/test_model_photography.py
   OK   test_a_beautiful_photograph_of_the_wrong_crochet_fails
   OK   test_a_close_crop_is_never_asked_whether_the_outfit_is_right
   OK   test_a_corrected_method_is_not_locked_out_by_the_old_ones_attempts
   OK   test_a_detail_frame_that_cannot_see_the_hips_does_not_sink_the_body_floor
   OK   test_a_drifted_face_and_a_drifted_body_each_block_on_their_own
   OK   test_a_face_that_drifted_in_the_detail_frame_still_blocks
   OK   test_a_floor_that_fails_sometimes_is_retried_rather_than_blocked
   OK   test_a_floor_that_merely_has_not_been_asked_does_not_block_anything
   OK   test_a_frame_is_kept_only_on_verdicts_that_were_actually_made
   OK   test_a_frame_that_cleared_its_floors_is_kept_rather_than_rolled_again
   OK   test_a_frame_that_reads_as_generated_fails_even_when_everything_else_holds
   OK   test_a_frame_with_any_failed_floor_is_never_kept
   OK   test_a_kept_frame_does_not_bill_twice
   OK   test_a_method_whose_floor_never_once_passed_stops_spending_on_the_next_product_too
   OK   test_a_reference_that_cannot_be_photographed_stops_the_render_before_it_is_paid_for
   OK   test_a_reference_that_passes_what_a_render_inherits_does_not_block
   OK   test_a_release_with_a_usable_frame_is_not_rendered_again
   OK   test_a_release_with_an_unusable_frame_does_not_have_a_frame
   OK   test_a_sequence_missing_a_frame_is_not_a_sequence
   OK   test_a_shared_floor_takes_the_worst_answer_any_frame_gave
   OK   test_a_styling_breach_a_close_crop_can_see_still_blocks
   OK   test_a_verdict_about_a_superseded_pack_does_not_block_a_new_identity
   OK   test_an_unjudged_realism_check_is_not_a_pass
   OK   test_an_unreadable_chest_is_unverifiable_and_never_a_pass
   OK   test_both_shot_plans_ask_for_the_hands_two_floors_ask_about
   OK   test_changing_the_method_version_clears_a_systematic_block
   OK   test_each_shot_asks_for_what_its_floor_has_to_read
   OK   test_every_frame_in_the_sequence_sees_the_chart
   OK   test_no_filed_verdict_is_not_a_finding_about_the_reference
   OK   test_nothing_in_the_sequence_is_averaged
   OK   test_nothing_is_rendered_before_there_is_somebody_to_check_against
   OK   test_retrying_is_bounded_and_says_the_method_is_what_needs_changing
   OK   test_reuse_reads_the_shape_the_real_filing_path_writes
   OK   test_styling_is_a_floor_of_its_own_and_the_right_woman_does_not_excuse_it
   OK   test_the_body_is_compared_against_a_body_rather_than_against_a_portrait
   OK   test_the_frame_is_asked_for_the_styling_it_will_be_checked_on
   OK   test_the_frame_is_conditioned_on_the_frozen_pack_rather_than_described
   OK   test_the_model_is_the_exception_and_an_unclassified_form_is_shot_as_an_object
   OK   test_the_product_stays_the_hero_in_what_is_asked_for
   OK   test_the_result_is_verified_by_something_that_did_not_render_it
   OK   test_the_sequence_is_two_frames_and_each_floor_is_taken_from_the_one_that_can_see_it
   OK   test_the_shot_plan_and_the_character_bible_ask_for_the_same_light
   OK   test_unjudged_styling_is_not_a_pass_either
   OK   test_without_a_body_reference_the_morphology_floor_is_unverifiable_not_passed
== tests/test_model_provider.py
   OK   test_a_call_that_would_cross_the_ceiling_is_refused_before_it_is_made
   OK   test_a_failed_probe_is_not_charged_for_tokens_it_never_used
   OK   test_a_key_that_cannot_serve_a_request_does_not_open_the_gate
   OK   test_a_successful_call_opens_the_gate_with_nobody_remembering
   OK   test_a_successful_probe_is_charged_to_the_ledger
   OK   test_an_unpriced_model_is_an_unbounded_call_and_is_refused
   OK   test_no_probe_ever_run_is_unknown_rather_than_unavailable
   OK   test_spend_is_counted_from_rows_and_scoped_to_this_month
   OK   test_the_budget_assumes_the_whole_output_allowance_is_used
   OK   test_the_ceiling_cannot_be_raised_by_configuration
   OK   test_the_estimate_is_padded_rather_than_optimistic
   OK   test_the_provider_records_what_it_was_told_rather_than_a_paraphrase
== tests/test_model_spend_paths.py
   OK   test_a_ceiling_refusal_does_not_read_as_a_finalist_who_drifted
   OK   test_a_ceiling_refusal_ends_the_tournament_instead_of_scoring_the_field_on_it
   OK   test_a_spender_with_no_agent_row_still_gets_no_invented_ceiling
   OK   test_a_visual_call_gives_its_reservation_back_with_the_bill
   OK   test_a_visual_call_is_refused_before_the_provider_when_the_permission_is_spent
   OK   test_every_visual_spend_path_passes_its_agent_and_releases_its_reservation
   OK   test_image_generation_is_outside_this_mechanism_and_the_set_is_pinned
   OK   test_no_model_spend_path_reaches_a_provider_without_the_ceiling_check
   OK   test_the_exclusion_list_is_not_a_bypass
   OK   test_the_scan_catches_a_spend_path_added_without_a_ceiling_check
   OK   test_the_scan_finds_the_provider_calls_that_are_actually_there
   OK   test_the_scan_sees_a_guard_in_a_nested_function
== tests/test_model_tournament.py
   OK   test_a_candidate_reading_as_a_public_figure_is_excluded_on_the_rule
   OK   test_a_finalist_package_can_actually_be_looked_at
   OK   test_a_finalist_who_holds_the_whole_person_clears_both_floors
   OK   test_a_finalist_who_keeps_her_face_and_loses_her_body_fails
   OK   test_a_hidden_waist_is_unverifiable_rather_than_a_failed_finalist
   OK   test_a_partial_screen_is_refused_rather_than_averaged
   OK   test_a_reference_photograph_of_a_real_person_is_refused
   OK   test_an_unreadable_reference_portrait_is_unusable_rather_than_assumed
   OK   test_every_candidate_is_generated_from_the_one_brief
   OK   test_every_scene_is_conditioned_on_the_finalists_own_reference
   OK   test_no_function_in_the_tournament_selects_a_canonical_model
   OK   test_real_drift_still_fails_rather_than_reading_as_unverifiable
   OK   test_the_handler_presents_and_queues_the_owner_rather_than_choosing
   OK   test_the_image_route_is_digest_addressed_and_cannot_be_browsed
   OK   test_the_physical_direction_is_recorded_as_a_type_not_a_person
   OK   test_the_plan_spends_against_the_monthly_ceiling_not_the_benchmark_authorization
   OK   test_the_scenes_are_materially_different_and_include_a_loose_garment
   OK   test_the_seed_notes_vary_within_the_direction_rather_than_across_it
== tests/test_money_truth.py
   OK   test_a_cancelled_receipt_keeps_no_revenue
   OK   test_a_receipt_level_fee_is_shared_across_its_lines_by_price
   OK   test_an_acquisition_source_without_evidence_is_refused
   OK   test_an_auth_failure_never_reopens_an_action_the_owner_closed
   OK   test_an_etsy_fee_for_an_order_we_do_not_have_opens_one_reconciliation_incident
   OK   test_break_even_and_maintenance_split_creation_from_recurring_cost
   OK   test_charged_fees_replace_the_model_and_an_offsite_fee_is_deducted_and_attributed
   OK   test_each_auth_failure_class_raises_one_idempotent_owner_action_and_incident
   OK   test_fee_reconciliation_is_idempotent_and_adds_a_late_fee_incrementally
   OK   test_ingest_writes_unknown_source_and_a_modelled_fee_never_presented_as_charged
   OK   test_launch_readiness_carries_the_sustainable_economics_requirement
   OK   test_the_books_measure_sales_only_after_a_connected_source_was_read
   OK   test_the_first_sale_is_recorded_once_with_source_evidence_and_the_scale_caveat
   OK   test_the_forecast_names_low_base_high_and_the_gate_blocks_unsustainable_cost
   OK   test_the_forecast_refuses_on_thin_data_and_shows_only_a_floor
   OK   test_the_ledger_columns_are_added_to_an_existing_table_without_touching_its_rows
   OK   test_the_production_reader_reads_the_ledger_through_the_client_transport
   OK   test_the_traffic_table_shows_every_channel_and_an_explicit_unattributed_bucket
   
   PASS: 0 failing
== tests/test_motif_fidelity.py
   OK   test_a_colour_arrangement_that_states_no_count_leaves_that_check_unmade
   OK   test_a_colour_the_pattern_does_not_contain_is_a_different_fabric
   OK   test_a_note_about_the_object_does_not_become_the_chart_s_motif
   OK   test_a_polite_yes_does_not_survive_a_contradicting_description
   OK   test_a_verdict_says_whether_the_colour_test_ran_rather_than_claiming_it_passed
   OK   test_an_unnamed_motif_makes_the_name_test_unavailable_rather_than_satisfied
   OK   test_fabric_that_cannot_be_seen_is_unmeasurable_and_still_blocks
   OK   test_the_charts_own_pattern_is_a_match
   OK   test_the_checkerboard_is_a_mismatch_however_convincing_the_rest_is
   OK   test_the_colour_count_counts_colours_and_not_stitch_codes
   OK   test_the_comparison_is_against_the_chart_rather_than_a_sentence
   OK   test_the_prompt_points_at_the_chart_when_prose_names_no_motif
   OK   test_the_verdict_refuses_a_render_that_adds_a_colour_to_a_single_colour_fabric
   OK   test_the_vocabulary_is_closed
== tests/test_network_guard.py
   ..
   ----------------------------------------------------------------------
   Ran 2 tests in 0.001s
   
   OK
== tests/test_nightly.py
   OK   test_a_long_quiet_run_is_reported_without_a_diagnosis
   OK   test_a_quiet_run_is_broken_by_a_night_that_found_something
   OK   test_a_skipped_stage_must_say_why
   OK   test_a_stage_blocked_two_nights_running_is_named_as_such
   OK   test_a_stage_nobody_reported_at_all_is_did_not_run_rather_than_absent
   OK   test_a_stage_that_read_nothing_did_not_run_however_it_reports_itself
   OK   test_a_stage_waking_up_is_reported_as_newly_active
   OK   test_a_sweep_that_found_nothing_anywhere_is_still_complete
   OK   test_a_sweep_where_every_stage_ran_is_complete
   OK   test_an_empty_sweep_cannot_report_success
   OK   test_an_invented_outcome_is_refused
   OK   test_an_invented_stage_is_refused
   OK   test_every_stage_the_requirement_names_is_present
   OK   test_found_nothing_and_did_not_run_are_different_outcomes
   OK   test_one_skipped_stage_makes_the_whole_sweep_incomplete
   OK   test_reporting_found_with_nothing_found_is_refused
   OK   test_reporting_nothing_after_reading_nothing_is_refused
   OK   test_state_names_the_verdict_rule
   OK   test_the_delta_says_what_changed_since_last_night
   OK   test_the_sweep_queues_improvements_rather_than_promoting_them
   OK   test_the_totals_are_sums_of_what_was_actually_read
   OK   test_two_results_for_one_stage_make_the_night_incomparable
== tests/test_oauth_security_audit.py
   OK   CLOSED: an echoed refresh token no longer survives into the exception message
   OK   and it is fingerprinted rather than merely dropped, so the message still identifies it
   OK   CLOSED: the whole-body fallback is redacted too, which was the worse of the two
   OK   and that fallback still names the token by fingerprint
   OK   CLOSED: no token reaches the audit row, which is what leaves in the export
   OK   CLOSED: nor the job's durable last_error, traceback included
   OK   and the row exists and names the token by fingerprint, so this is not a vacuous pass
   OK   and both tables are inside the continuity export, which is served as a download
   OK   while the credential table itself is excluded, so the leak is in the clear and the credential is not
   OK   THE FIX HOLDS: an unseeded Redactor already removes it by shape alone
   OK   and the same redactor removes it from the whole-body form too
   OK   the fingerprint is not a prefix of the token: it is a digest
   OK   seeding from the form's SECRET_KEYS fields removes the token and nothing else
   OK   seeding from every form value would fingerprint the field names too: do not
   OK   the CALLBACK path redacts the same Etsy body: no authorization code reaches the page
   OK   no PKCE verifier reaches it either
   OK   and an access token echoed in the same sentence is caught by shape
   OK   the ASYMMETRY that was the finding is gone: both paths now redact the same body
   OK   INJECTED DEFECT: with Redactor.string neutered the callback does render the code
   OK   and the real code refuses it again once the defect is removed
   OK   the shape uvicorn actually writes is scrubbed: no authorization code in the line
   OK   the state is scrubbed too, because a URL is the one place it can be replayed from
   OK   the path, the method and the status survive, so the log still answers its questions
   OK   both values are replaced by the same fingerprints the rest of the system uses
   OK   an ordinary request line is byte-identical after the filter
   OK   a lazily formatted record is scrubbed through record.args
   OK   an eagerly formatted record is scrubbed through record.msg
   OK   a filter that cannot do its job suppresses the line rather than printing the secret
   OK   the redaction filter survives a later dictConfig on the access logger
   OK   and still scrubs after it, which is what makes handler replacement survivable
   OK   install() is idempotent, so a re-import cannot stack filters
   OK   REPRODUCED: a percent-encoded parameter name is not recognised by the scrubber
   OK   while the application parses that exact spelling as `code`
   OK   the name charset is half of why: `%` is not in it, so `%63ode=` matches nothing
   OK   THE FIX HOLDS: widening the charset and decoding the name closes the bypass
   OK   and it fingerprints the same value, so one secret still has one identity
   OK   and the fix leaves the ordinary case byte-identical to what ships today
   OK   and leaves an ordinary line alone, so nothing operational is lost
   etsy refresh token was rotated by another worker first; this process kept its access token and did not overwrite the stored credential
   OK   the compare-and-set holds the first time: the loser does not overwrite the winner
   OK   REPRODUCED: the loser's NEXT rotation overwrites the winner's live credential
   OK   which contradicts the closure's own docstring, so one of the two has to move
   OK   and the rotation count keeps rising, so nothing in the numbers shows the fork
   OK   THE FIX HOLDS: a write that names a stale token is already refused by the store
   OK   and the refusal names both sides by fingerprint and neither by value
   OK   a sealed value contains neither the plaintext nor the key
   OK   and it opens again under the same key and context
   OK   a verifier's context cannot open a refresh token's ciphertext
   OK   and the refusal carries no plaintext, no key and no ciphertext
   OK   a wrong key is refused, and refused in the same words as a wrong context, so the error is not an oracle
   OK   key_health never returns the key
   OK   and its fingerprint is a digest, not a prefix of the key
   OK   Consumed.redacted() carries no verifier for ok
   OK   Consumed.redacted() carries no verifier for state_missing
   OK   Consumed.redacted() carries no verifier for state_unknown
   OK   Consumed.redacted() carries no verifier for state_expired
   OK   Consumed.redacted() carries no verifier for state_replayed
   OK   Consumed.redacted() carries no verifier for verifier_unreadable
   OK   credential_health reports the credential without any part of it
   OK   save_refresh_token returns fingerprints only
   OK   a state is never stored in a replayable form: only its SHA-256 and a fingerprint
   OK   TokenSet.redacted() and its repr carry no token
   OK   OAuthApp's repr carries no keystring and no shared secret
   OK   Credentials' repr carries neither key, secret nor access token
   OK   a secret is removed by field name whatever its value looks like
   OK   and by value, wherever in a sentence it appears
   OK   `token_type` is NOT eaten, which is why the redactor is one nobody switches off
   OK   nor is `listing_id`
   OK   TOKEN_SHAPED is deliberately Etsy-shaped and does not claim to be general
   OK   a PKCE verifier is NOT token-shaped, so only registration protects it
   OK   which is why `finish` registers it explicitly before Etsy's words are read
   OK   the credential table is never pruned at any age
   OK   and retention never imports the credential model, so it cannot delete one by hand
   OK   the only thing it prunes on the OAuth side is `prune_handshakes`
   OK   a live handshake is never deleted, whatever the horizon says
   OK   and a spent one is kept inside the replay window, so a replay is still a replay
   OK   a replayed callback inside the window is answered as a replay, not as unknown
   OK   beyond the window the spent row goes and the live one still does not
   OK   RESIDUAL, pinned rather than fixed: after the window a replay reads as unknown
   OK   a handshake opened by one process is closed by a different one
   OK   and it cannot be closed twice, whichever process presents it
   OK   a credential sealed by one process opens in the next, from the same key
   OK   and does not open without the key, so the database half is not a credential
   OK   `openable` is what distinguishes stored from stored-and-we-still-hold-the-key
   OK   nothing on the OAuth paths recorded a cost entry
   OK   no OAuth module imports the model gateway or a provider
   OK   and none of them calls a provider method, which is what the spend scanner counts
   OK   `finish` is named `finish` on purpose, so the scanner needs no exclusion here
   
     87 passing, 0 failing
== tests/test_offers.py
   OK   test_a_design_tried_in_one_shape_has_been_tested_as_an_offer
   OK   test_an_invented_offer_is_refused
   OK   test_an_offer_nobody_bought_enough_of_did_not_lose
   OK   test_an_offer_that_cannot_be_delivered_is_named_rather_than_priced
   OK   test_an_unmeasured_offer_is_listed_rather_than_ranked_last
   OK   test_both_figures_are_reported_and_neither_alone
   OK   test_every_offer_says_what_it_tests
   OK   test_nothing_measured_is_not_every_offer_performing_equally
   OK   test_state_names_the_six_offers_the_requirement_asks_for
   OK   test_the_next_thing_to_try_is_the_cheapest_shape_it_has_not_worn
   OK   test_the_offers_that_can_be_sold_today_need_nothing_outside_this_system
   OK   test_the_ranking_is_by_contribution_per_visitor
   OK   test_three_bundles_are_one_offer_tested_three_times
   OK   test_two_genuinely_different_shapes_let_the_design_be_judged
== tests/test_offsite.py
   OK   test_a_complete_round_trip_restores_the_company
   OK   test_a_half_configured_destination_is_refused_rather_than_guessed
   OK   test_a_sealed_archive_round_trips
   OK   test_an_archive_is_never_written_unencrypted
   OK   test_an_archive_that_comes_back_different_is_not_a_backup
   OK   test_an_unconfigured_archive_records_a_failure_rather_than_skipping
   OK   test_an_unset_destination_is_not_configured
   OK   test_an_upload_the_store_refused_is_named_as_a_credential_problem
   OK   test_one_flipped_bit_is_refused_rather_than_decrypted
   OK   test_pruning_deletes_from_our_own_record_not_the_store_listing
   OK   test_the_authorization_header_carries_the_payload_hash_it_signed
   OK   test_the_signing_key_matches_the_vector_aws_publishes
   OK   test_the_state_reports_the_last_real_round_trip_not_the_variables
   OK   test_the_wrong_passphrase_does_not_decrypt
== tests/test_operating_cost_basis.py
   OK   test_reservation_retries_restart_and_reconciliation_do_not_doublecount
   OK   test_unknown_legacy_and_assumed_provider_costs_cannot_be_cash
   OK   test_inactive_activation_retains_only_modelled_exposure
   OK   test_budget_ceiling_unchanged_and_unobserved_offsets_cannot_fake_observation
   OK   test_concurrent_sqlite_reservation_same_listing_has_one_row
   OK   test_revoke_or_mutate_during_reservation_refuses_external_effect
   OK   test_later_renewal_cannot_rewrite_old_period_or_escape_today_budget
   OK   test_unknown_fee_offsets_remain_unobserved
   8 passed
== tests/test_originality.py
   OK   test_every_catalogue_cir_carries_complete_design_provenance
   OK   test_the_backfill_changes_no_design_only_the_record
   OK   test_the_catalogue_builders_import_nothing_from_benchmarks_or_research
   OK   test_a_brambleloop_release_without_provenance_is_refused
   OK   test_an_incomplete_or_foreign_provenance_is_refused
   OK   test_a_benchmark_record_is_not_asked_for_design_provenance
   OK   test_a_prototype_authored_design_carries_its_provenance
   OK   test_finished_item_rights_and_pattern_rights_are_separate_fields
   OK   test_a_public_source_can_never_grant_a_publishing_use
   OK   test_unknown_terms_read_conservatively_and_never_permissively
   invalid pdf header: b'PDF'
   EOF marker not found
   EOF marker not found
   invalid pdf header: b'PDF'
   EOF marker not found
   EOF marker not found
   OK   test_intake_captures_the_licence_and_it_survives_a_restart
   OK   test_the_library_refuses_a_use_the_licence_does_not_grant
   OK   test_a_benchmark_or_seller_image_is_refused_as_a_generation_reference
   OK   test_a_renamed_copy_of_a_purchased_file_is_refused_by_its_bytes
   OK   test_a_ledger_of_material_redesign_passes
   OK   test_a_ledger_of_superficial_changes_is_refused
   OK   test_a_superficial_change_labelled_material_is_still_superficial
   OK   test_every_consulted_benchmark_needs_its_own_entry
   OK   test_certify_requires_the_ledger_when_provenance_lists_benchmarks
   OK   test_pre_engineering_refuses_a_competitor_informed_concept_without_a_real_redesign
   OK   test_the_ledger_is_made_durable_when_the_gate_records_its_verdict
   OK   test_the_review_compares_against_both_purchased_benchmarks
   OK   test_a_relabelled_benchmark_1_is_escalated_for_redesign
   OK   test_a_light_derivative_of_benchmark_2_is_escalated_for_redesign
   OK   test_no_catalogue_product_escalates_against_either_benchmark
   OK   test_an_unusual_numeric_run_in_the_text_escalates_but_an_arithmetic_one_does_not
   OK   test_wording_overlap_is_measured_from_hashes_and_escalates
   OK   test_the_teardown_reader_fingerprints_wording_and_keeps_no_text
   
     28 passing, 0 failing
== tests/test_originality_runtime.py
   .invalid pdf header: b'not a'
   EOF marker not found
   ......
   ----------------------------------------------------------------------
   Ran 7 tests in 4.659s
   
   OK
== tests/test_outcome_learning.py
   OK   test_an_empty_database_is_unmeasured_with_reasons
   OK   test_novelty_is_reported_in_either_direction_and_never_rewarded
   OK   test_the_attribute_minimum_boundary
   OK   test_the_catalogue_is_joined_by_default_and_unmeasured_today
   OK   test_the_novelty_check_needs_both_halves
== tests/test_owned.py
   OK   test_a_certified_product_with_no_owned_channel_is_the_finding
   OK   test_a_consent_without_a_named_basis_is_refused
   OK   test_an_empty_coverage_report_is_not_full_coverage
   OK   test_express_consent_lasts_until_it_is_withdrawn_and_withdrawal_is_final
   OK   test_identification_and_unsubscribe_are_conditions_of_sending
   OK   test_implied_consent_expires_on_its_own_and_a_list_cannot_keep_it_alive
   OK   test_owned_share_is_unmeasurable_rather_than_zero_with_no_traffic
   OK   test_the_gate_refuses_a_valid_message_to_an_expired_consent_and_says_which_half
   OK   test_the_screen_says_it_is_not_clearance
== tests/test_owned_photography.py
   OK   test_a_blocked_asset_says_which_checks_failed_not_what_the_gate_is_for
   OK   test_a_check_asked_once_is_not_classified_from_a_single_ask
   OK   test_a_check_that_fails_sometimes_is_retried_rather_than_blocked
   OK   test_a_check_that_never_once_passed_stops_the_catalogue_spending_on_it
   OK   test_a_clean_render_whose_fabric_is_the_chart_is_a_listing_image
   OK   test_a_new_release_gets_its_own_attempts
   OK   test_a_picture_that_does_not_show_what_the_pattern_says_is_not_usable
   OK   test_a_product_whose_listing_needs_the_model_is_refused_for_the_true_reason
   OK   test_a_superseded_methods_failures_do_not_block_the_corrected_one
   OK   test_a_version_bump_does_not_send_the_cadence_back_to_the_hardest_product
   OK   test_an_asset_from_a_superseded_method_is_not_read_as_this_release_s
   OK   test_an_asset_that_cleared_its_checks_is_a_release_that_has_one
   OK   test_an_empty_catalogue_is_not_complete_coverage
   OK   test_an_older_record_reports_unknown_rather_than_four_empty_lists
   OK   test_an_unjudged_asset_is_not_a_release_that_already_has_one
   OK   test_an_unmade_realism_check_is_not_a_pass
   OK   test_coverage_counts_the_catalogue_rather_than_the_job
   OK   test_coverage_is_complete_only_when_every_certified_product_has_a_usable_asset
   OK   test_fabric_nobody_could_see_blocks_too_and_says_what_it_needs
   OK   test_it_is_an_illustration_and_it_says_so_everywhere
   OK   test_rephotographing_is_bounded_and_says_the_method_is_what_needs_changing
   OK   test_the_cadence_photographs_an_untried_product_before_retrying_a_hard_one
   OK   test_the_checkerboard_that_started_this_is_blocked
   OK   test_the_generator_is_shown_the_chart_it_will_be_judged_against
   OK   test_the_prompt_is_derived_from_the_certified_pattern
   OK   test_the_prompt_names_tiling_because_that_is_what_every_render_failed_on
   OK   test_the_prompt_states_the_patterns_own_motif
   OK   test_the_provider_is_named_rather_than_left_to_a_variable_nobody_set
   OK   test_the_seasonal_cycle_reports_the_asset_rather_than_rendering_one
   OK   test_the_version_bump_targets_the_check_that_actually_failed
== tests/test_paid_media_economics.py
   OK   test_a_weak_listing_is_not_hidden_behind_paid_traffic_and_no_baseline_is_unmeasured
   OK   test_allowable_cac_uses_every_term_and_refuses_a_losing_first_order
   OK   test_no_organic_period_means_no_paid_scaling
   OK   test_no_path_enqueues_or_authorises_ad_spend
   OK   test_offsite_terms_come_from_the_advertising_reading_and_cite_it
   OK   test_share_and_save_refuses_without_an_official_rate_and_measures_with_one
   OK   test_the_forecast_tracks_attributed_orders_and_the_mandatory_threshold
   OK   test_the_organic_floors_are_the_attribution_window_and_the_measured_sample
   OK   test_the_three_cac_figures_are_kept_apart_and_unmeasured_without_counts
   9 passing, 0 failing
== tests/test_panel.py
   OK   test_a_benchmark_improving_raises_the_bar
   OK   test_a_member_with_no_categories_teaches_nothing_in_particular
   OK   test_a_panel_is_read_per_category
   OK   test_a_standard_change_names_the_observation_behind_it
   OK   test_a_standard_is_never_lowered_because_a_competitor_slipped
   OK   test_an_axis_named_without_a_mechanism_is_an_intention
   OK   test_an_invented_axis_is_refused_because_better_is_what_everybody_thinks
   OK   test_an_objective_of_its_own_is_permitted
   OK   test_an_unstated_objective_cannot_be_checked
   OK   test_entering_blind_is_refused
   OK   test_lowering_is_refused_on_a_lower_is_better_standard_too
   OK   test_matching_a_competitor_is_refused_as_an_objective
   OK   test_matching_this_shops_own_last_release_is_ordinary_consistency
   OK   test_one_shop_doing_something_is_a_preference
   OK   test_parity_alone_is_refused
   OK   test_parity_plus_a_real_axis_is_permitted
   OK   test_sharing_an_arena_with_an_elite_seller_is_not_a_reason_to_stay_out
   OK   test_state_names_the_aggregation_failure
   OK   test_the_anchor_alone_is_not_a_panel
   OK   test_the_panel_changes_over_time
   OK   test_the_refusal_says_where_a_genuinely_wrong_standard_gets_fixed
   OK   test_the_same_seller_twice_is_still_one_seller
   OK   test_three_sellers_make_a_panel
   OK   test_tightening_a_lower_is_better_standard_is_a_raise
   OK   test_two_independent_sellers_make_it_a_mechanism
== tests/test_parity.py
   OK   test_a_gallery_of_pretty_frames_with_no_evidence_frame_fails
   OK   test_a_product_only_gallery_is_not_asked_about_identity
   OK   test_all_eight_are_judged_and_a_partial_set_cannot_produce_a_verdict
   OK   test_any_one_failure_blocks_and_the_other_seven_cannot_outvote_it
   OK   test_brand_is_one_identity_across_the_set_rather_than_a_look
   OK   test_competitive_is_never_assumed_favourable
   OK   test_the_gate_refuses_to_answer_from_fewer_than_eight_dimensions
   OK   test_unjudged_blocks_exactly_as_a_failure_does_and_is_reported_apart_from_one
== tests/test_parity_realism_reader.py
   OK   an owned frame whose every realism check passed is judged clear
   OK   any failed realism check blocks, whatever else passed
   OK   an unanswered check is not a pass
   OK   a frame the realism judge never ran on stays unjudged
   OK   the model path's top-level verdict still wins where it exists
   
     5 passing, 0 failing
== tests/test_pattern_truth.py
   OK   test_a_round_name_on_a_hexagon_is_refused
   OK   test_cloudline_colour_changes_can_all_be_carried
   OK   test_cloudline_size_is_the_weighted_model_and_its_label_follows
   OK   test_composite_stitch_factors_are_per_instance
   OK   test_hexagon_spans_and_titles
   OK   test_one_row_stripe_catalogue_notes_say_cut_not_carry
   OK   test_one_row_stripes_cannot_claim_carry
   OK   test_pdf_and_writer_state_the_convention
   OK   test_row_height_is_the_stitch_weighted_mean
   OK   test_size_derived_designs_are_counted_with_the_twins_own_row_height
   OK   test_yardage_counts_each_increase_once
== tests/test_pdf_layout_bounds.py
   OK   test_impossible_chart_floor_is_structured_refusal_not_exception
   OK   test_key_value_wrap_retains_text_and_separates_actual_pdf_runs
   OK   test_oversize_url_keeps_every_character_inside_printable_width
== tests/test_persistence.py
   OK   test_a_cadence_that_ran_but_did_nothing_is_re_driven_like_one_that_said_so
   OK   test_a_cadence_that_wrongly_said_nothing_is_retried_by_the_next_deploy
   OK   test_a_deploy_re_drives_what_it_fixed_exactly_once
   OK   test_a_run_that_completed_having_done_nothing_counts_as_a_no_op
   OK   test_a_workers_capability_refusal_is_never_redriven_and_never_pruned_as_a_defect
   OK   test_an_unknown_commit_does_not_re_drive_anything
   OK   test_pipeline_resumes_across_a_worker_restart_mid_flight
   OK   test_scheduler_does_not_duplicate_cadences_across_restarts
   OK   test_sigkilled_worker_loses_no_work_and_another_finishes_it
   OK   test_state_survives_a_full_process_restart_on_disk
   OK   test_unfinished_jobs_are_visible_for_recovery_after_restart
== tests/test_personalisation.py
   OK   test_a_colour_or_size_or_layout_choice_leaves_the_instructions_alone
   OK   test_a_construction_choice_sold_under_the_originals_certificate_is_refused
   OK   test_a_presentation_choice_needs_nothing
   OK   test_an_option_nobody_named_is_refused
   OK   test_charging_for_a_presentation_choice_is_charging_for_the_listing
   OK   test_every_option_says_why_it_is_on_its_side_of_the_line
   OK   test_giving_away_a_construction_choice_is_the_expensive_complexity
   OK   test_it_is_routed_rather_than_refused
   OK   test_letters_are_stitches
   OK   test_state_names_the_failure_it_prevents
   OK   test_the_catalogue_splits_by_what_it_costs_to_honour
   OK   test_what_it_needs_is_the_chains_own_stages
== tests/test_photoreal_calibration.py
   OK   test_a_calibration_belongs_to_the_checks_it_was_made_against
   OK   test_a_check_a_real_photograph_fails_is_named_unreachable
   OK   test_a_clean_reference_puts_the_blame_on_the_method
   OK   test_a_control_is_read_from_the_observed_benchmark
   OK   test_a_control_that_cannot_answer_a_check_is_not_a_standard_that_cannot_pass
   OK   test_a_judge_that_blocks_a_photograph_is_the_thing_that_is_wrong
   OK   test_a_judge_that_clears_a_photograph_says_the_standard_is_reachable
   OK   test_a_real_photograph_that_fails_nothing_leaves_the_render_to_blame
   OK   test_a_reference_that_fails_only_a_scene_property_does_not_excuse_the_render
   OK   test_a_replaced_portrait_is_a_new_question_rather_than_a_stale_refusal
   OK   test_an_airbrushed_reference_is_named_as_the_cause_the_render_inherits
   OK   test_an_unreadable_portrait_is_not_a_finding_about_the_portrait
   OK   test_no_benchmark_photograph_is_not_a_finding_about_the_checks
   OK   test_no_materialisable_reference_is_not_a_finding_about_the_pack
   OK   test_no_observed_photograph_means_no_control_rather_than_a_substitute
   OK   test_the_calibration_says_what_the_control_is_and_what_it_is_not
   OK   test_the_carried_portrait_is_judged_once_per_set_of_bytes_and_then_read_for_free
   OK   test_the_carried_portrait_verdict_says_why_one_file_decides_every_pack
   OK   test_the_three_checks_that_block_our_renders_are_reported_as_discriminating
== tests/test_physical.py
   OK   test_a_class_c_release_unblocks_through_the_queue_on_a_sample_of_its_own_content
   OK   test_a_colour_the_pattern_does_not_use_is_refused
   OK   test_a_factor_is_not_applied_to_a_yarn_it_was_not_measured_on
   OK   test_a_failed_sample_is_stored_but_never_used
   OK   test_a_plausible_sample_produces_a_factor
   OK   test_a_recorded_sample_calibrates_the_published_figures
   OK   test_a_risk_class_downgrade_is_refused_at_the_runtime_certify
   OK   test_a_sample_recorded_before_the_release_was_ever_examined_binds_to_nothing
   OK   test_a_sample_that_disagrees_about_size_halts_the_product
   OK   test_a_size_disagreement_is_a_defect_not_a_calibration
   OK   test_a_size_within_tolerance_is_accepted
   OK   test_a_tester_who_deviated_calibrates_nothing
   OK   test_an_explicit_content_hash_on_the_sample_binds_without_the_audit_trail
   OK   test_an_implausible_factor_is_refused_rather_than_averaged
   OK   test_grams_become_metres_through_the_ball_band
   OK   test_tester_notes_are_surfaced_without_blocking
   OK   test_the_factor_reaches_the_yardage_the_customer_reads
   OK   test_with_no_sample_the_estimate_stays_uncalibrated
== tests/test_physical_record_blocked.py
   OK   test_a_class_c_release_blocked_on_physical_evidence_takes_its_sample_and_certifies
   OK   test_a_failed_sample_is_stored_bound_but_does_not_unblock
   OK   test_a_sample_bound_to_different_content_does_not_count
   OK   test_a_sample_for_an_unknown_release_is_refused
   OK   test_a_sample_naming_content_the_chain_never_examined_is_refused_and_not_stored
   5/5 passing
== tests/test_pins.py
   OK   test_a_crop_is_not_an_angle
   OK   test_a_pin_nothing_files_is_a_pin_nobody_finds
   OK   test_a_pin_with_nowhere_to_land_is_a_leaflet
   OK   test_a_schedule_past_its_publication_date_says_it_is_late
   OK   test_amplifying_a_winner_means_another_angle
   OK   test_every_angle_says_what_it_is_for
   OK   test_more_pins_than_reasons_to_save_one_is_repetition
   OK   test_one_pin_posted_three_times_is_not_a_set
   OK   test_pins_go_up_when_the_listing_is_indexed_not_when_the_occasion_arrives
   OK   test_state_says_what_cannot_be_done_yet
   OK   test_the_dates_are_the_calendars_own
   OK   test_three_different_reasons_to_save_it_are_a_set
   OK   test_when_every_angle_is_used_the_next_thing_is_not_a_pin
== tests/test_platform.py
   OK   test_a_column_added_in_code_reaches_a_database_that_already_exists
   OK   test_ad_budget_breach_is_prevented_and_pauses_the_scope
   OK   test_agent_cannot_run_job_type_it_lacks
   OK   test_agent_daily_cost_ceiling_is_enforced
   OK   test_an_added_column_is_backfilled_with_the_models_default
   OK   test_audit_log_identifies_actor_action_and_artifact
   OK   test_backup_and_restore_drill_proves_the_backup_works
   OK   test_claim_respects_priority_then_age
   OK   test_duplicate_job_is_refused_by_idempotency_key
   OK   test_enqueue_and_claim_roundtrip
   OK   test_every_scheduled_cadence_can_actually_run
   OK   test_every_scheduled_cadence_survives_actually_being_run
   OK   test_listing_agent_cannot_spend_ad_money
   OK   test_permanent_failure_skips_retries
   OK   test_reconciliation_leaves_runtime_state_alone
   OK   test_retry_uses_backoff_then_dead_letters
   OK   test_seeding_reconciles_permissions_that_changed_in_code
   OK   test_seeding_twice_with_no_drift_changes_nothing
   OK   test_spending_without_a_configured_limit_is_refused
   OK   test_support_cannot_patch_canonical_patterns
   OK   test_the_migration_refuses_a_change_it_cannot_make_safely
   OK   test_worker_death_does_not_strand_a_job
== tests/test_platform_policy.py
   OK   test_a_generated_image_cannot_do_a_photographs_job_and_a_label_does_not_fix_it
   OK   test_a_material_change_is_a_digest_difference_rather_than_a_judgement
   OK   test_a_new_product_class_cannot_be_enabled_against_a_policy_nobody_has_read
   OK   test_a_permitted_generated_image_must_still_be_labelled
   OK   test_a_stale_reading_blocks_only_the_workflows_its_policy_governs
   OK   test_ai_assisted_design_owes_a_disclosure_and_a_release_with_no_assets_has_skipped_the_gate
   OK   test_an_undecided_term_is_refused_rather_than_defaulted
   OK   test_decided_is_not_the_same_as_enforceable
   OK   test_never_checked_is_not_the_same_as_unchanged
   OK   test_the_certificate_stamp_says_which_version_of_etsys_rules_it_was_read_against
   OK   test_the_gate_states_that_it_is_not_legal_advice_where_somebody_would_read_it
   OK   test_the_terms_answer_the_question_customers_actually_ask
   OK   test_the_three_surfaces_render_from_one_decision
== tests/test_pod_learning.py
   OK   test_a_capability_report_for_an_invented_pod_is_refused
   OK   test_a_handful_of_responses_is_a_fact_about_a_handful
   OK   test_a_kind_outside_the_six_is_refused
   OK   test_a_memory_of_only_failures_teaches_caution
   OK   test_a_memory_of_only_mechanisms_teaches_imitation
   OK   test_a_mixed_memory_is_balanced_and_has_no_target_ratio
   OK   test_a_pod_that_never_says_no_is_not_discerning
   OK   test_a_pod_that_only_matches_scores_zero_creativity
   OK   test_a_record_with_no_evidence_is_something_somebody_remembers
   OK   test_a_small_sample_of_calls_demonstrates_nothing
   OK   test_an_empty_memory_is_empty_rather_than_drifting
   OK   test_an_invented_pod_is_refused
   OK   test_capability_returns_both_halves_always
   OK   test_every_pod_is_covered_by_the_report
   OK   test_every_record_kind_the_requirement_names_exists
   OK   test_noes_that_would_have_worked_are_counted
   OK   test_one_unmeasured_half_is_not_a_passing_half
   OK   test_originality_is_the_share_offering_something_beyond_matching
   OK   test_pods_are_deliberately_not_department_cells
   OK   test_precision_is_scored_against_what_happened
   OK   test_rejection_rate_is_named_and_refused_as_the_measure
   OK   test_state_names_what_it_builds_on_rather_than_reimplementing_it
   OK   test_the_balance_reports_the_kinds_it_actually_saw
   OK   test_the_kinds_split_into_what_went_wrong_and_what_worked
   OK   test_the_pod_clock_is_taken_from_freshness_rather_than_restated
   OK   test_there_is_no_single_pod_score_anywhere_in_the_module
   OK   test_unsettled_calls_do_not_count_toward_precision
== tests/test_pods_routing.py
   OK   test_a_changed_listing_is_never_starved_by_the_backlog
   OK   test_a_character_name_is_not_the_thing_it_is_named_after
   OK   test_a_dry_run_reports_the_move_and_writes_nothing
   OK   test_a_form_word_beats_a_motif_word_wherever_both_appear
   OK   test_a_guidebook_is_education_rather_than_the_ebook_it_is_delivered_as
   OK   test_a_guidebook_sold_as_an_ebook_is_still_education
   OK   test_a_listing_naming_no_product_stays_unclassified
   OK   test_a_modifier_in_front_of_the_head_noun_does_not_take_the_listing
   OK   test_a_motif_still_decides_when_nothing_says_what_the_object_is
   OK   test_a_motif_word_used_as_a_colour_does_not_decide_the_pod
   OK   test_a_multi_pattern_ebook_is_a_bundle_before_it_is_a_garment
   OK   test_a_number_behind_a_unit_counts_the_unit_too
   OK   test_a_number_in_front_of_a_unit_counts_the_unit
   OK   test_a_plural_stem_never_costs_a_pod_its_own_keyword
   OK   test_a_scan_that_reads_nothing_new_still_keeps_the_catalogue_on_the_vocabulary
   OK   test_a_season_says_when_a_product_sells_not_what_it_is
   OK   test_a_singular_title_reaches_the_pod_whose_keyword_is_plural
   OK   test_a_stitch_name_is_not_a_product
   OK   test_a_substring_is_not_a_match_because_a_wrong_pod_is_invisible
   OK   test_a_title_naming_two_products_is_routed_by_the_one_it_names_first
   OK   test_a_title_that_counts_its_own_patterns_is_a_bundle_even_with_no_ebook_word
   OK   test_a_widened_vocabulary_reaches_listings_already_in_the_table
   OK   test_an_html_escaped_possessive_is_not_a_count_of_thirty_nine_patterns
   OK   test_an_unchanged_catalogue_still_closes_its_gallery_backlog
   OK   test_every_benchmark_category_has_a_pod_that_answers_for_it
   OK   test_kitchen_textiles_reach_a_specialist_of_their_own
   OK   test_reclassifying_twice_moves_nothing_the_second_time
   OK   test_soft_sculpture_is_one_department_however_the_title_dresses_it_up
   OK   test_the_backfill_stops_when_there_is_nothing_left_to_read
   OK   test_the_gap_report_shows_stored_routing_that_the_vocabulary_has_outgrown
   OK   test_the_map_reads_the_palette_the_audit_already_stored
   OK   test_the_words_it_should_match_still_match
== tests/test_policy_intake.py
   /home/user/Project-Money/brambleloop/.venv/lib/python3.11/site-packages/fastapi/testclient.py:1: StarletteDeprecationWarning: Using `httpx` with `starlette.testclient` is deprecated; install `httpx2` instead.
     from starlette.testclient import TestClient as TestClient  # noqa
   OK   test_a_current_page_reading_closes_the_incident_with_the_watch_fields
   OK   test_a_stale_reading_is_recorded_but_does_not_close_the_incident
   OK   test_api_policy_carries_the_dated_knowledge
   OK   test_the_function_refuses_what_the_endpoint_refuses
   OK   test_the_intake_is_operator_authenticated_like_every_other_post
   OK   test_the_new_read_endpoints_answer_with_unmeasured_rather_than_numbers
   OK   test_the_script_sends_the_fields_the_endpoint_reads
   OK   test_unknown_source_empty_text_and_missing_reader_are_refused
   OK   test_zz_five_current_readings_through_the_intake_open_rendered_pages
   9 passing, 0 failing
== tests/test_policy_knowledge.py
   OK   every watched surface has a reading
   OK   every reading declares its basis, date, official URLs, conclusions and verbatim excerpts
   OK   every excerpt names an etsy.com or help.etsy.com URL
   OK   the retrieval block is stated, not hidden
   OK   digests are stable across calls
   OK   digests differ between readings
   OK   the reading of the children policy says patterns and instructions are in scope
   OK   the AI disclosure rule is recorded on the seller policy and the creativity standards
   OK   fee facts agree with the code's constants (US$0.20 listing, 6.5% transaction)
   OK   the code's transaction and listing fee constants match the recorded policy
   OK   an unknown fee stays UNKNOWN rather than invented (Canadian regulatory operating fee)
   OK   before seeding every surface is never-checked
   OK   seeding records one snapshot per never-read surface with the reading's own date and basis
   OK   after seeding the watch reports every surface current (read 1 day ago)
   OK   seeding again records nothing (never over an existing snapshot)
   OK   a repository reading goes stale on the same 30-day rule as any snapshot
   OK   a page reading recorded by the owner supersedes the excerpt reading
   OK   a certificate stamp names the seeded versions with their basis
   OK   the watch seeds the readings and resolves each policy incident with the snapshot named
   OK   the watch's own note names the retrieval block rather than claiming a fetch
   
     20 passing, 0 failing
== tests/test_portfolio.py
   OK   test_a_catalogue_all_reaching_for_one_term_is_concentrated_and_cannibalising
   OK   test_a_facet_no_listing_states_is_absent_rather_than_diverse
   OK   test_a_listing_with_no_tags_is_a_different_problem
   OK   test_a_spread_catalogue_is_neither_concentrated_nor_cannibalising
   OK   test_a_title_repeating_a_word_is_stuffing_even_when_the_word_is_furniture
   OK   test_an_empty_catalogue_is_not_a_diversified_one
   OK   test_one_listing_stating_a_facet_is_thin_coverage_not_concentration
   OK   test_tags_spending_their_slots_on_one_word_are_stuffing
   OK   test_the_facets_a_listing_claims_are_read_from_the_shared_vocabulary
== tests/test_portrait_repair.py
   OK   test_a_check_a_portrait_cannot_answer_does_not_block_the_repair
   OK   test_a_dimension_nobody_could_read_is_unproven_rather_than_unchanged
   OK   test_a_method_that_drifts_her_identity_is_named_rather_than_retried_into_a_pass
   OK   test_a_prettier_picture_of_a_different_woman_is_a_replacement_not_a_repair
   OK   test_a_real_repair_is_accepted_and_still_left_to_the_owner
   OK   test_a_repaired_portrait_becomes_version_two_with_the_body_carried_over
   OK   test_adopting_needs_a_portrait_repair_approval_and_not_a_redesign_one
   OK   test_an_identity_comparison_that_failed_is_not_a_silent_pass
   OK   test_an_unmade_realism_check_is_not_a_passed_one
   OK   test_assess_judges_and_never_renders
   OK   test_drift_outranks_a_clean_realism_pass
   OK   test_hands_that_are_judged_and_wrong_still_count
   OK   test_it_adopts_nothing_and_leaves_the_body_pack_alone
   OK   test_it_is_bounded_when_no_candidate_ever_clears
   OK   test_it_stops_at_the_first_candidate_that_clears_both_floors
   OK   test_missing_either_image_is_not_a_finding_about_either
   OK   test_nothing_is_rendered_when_the_assessment_cannot_be_made
   OK   test_only_a_repaired_verdict_is_ever_adopted
   OK   test_reassess_recomputes_from_stored_evidence_without_spending
   OK   test_reassess_still_reports_a_drifted_candidate_as_a_different_woman
   OK   test_still_her_and_still_airbrushed_is_simply_not_repaired_yet
   OK   test_the_candidate_is_conditioned_on_her_rather_than_described
   OK   test_the_dimensions_come_from_identity_rather_than_being_retyped_here
   OK   test_the_spend_ceiling_stops_it_before_the_attempt_bound_does
== tests/test_preproduction.py
   OK   test_a_concept_shown_with_somebody_elses_photograph_is_refused
   OK   test_a_post_that_does_not_say_it_is_a_concept_is_refused
   OK   test_a_price_is_an_offer
   OK   test_every_phrase_that_promises_a_purchase_is_refused
   OK   test_interest_with_no_named_source_cannot_be_told_from_invented_interest
   OK   test_no_code_path_can_author_an_engagement_number
   OK   test_publishing_is_gated_and_the_refusals_run_anyway
   OK   test_the_generated_body_passes_its_own_check
== tests/test_product_run.py
   OK   test_a_chain_bump_is_what_unblocks_a_refused_rebuild
   OK   test_a_childrens_listing_carries_its_statements_through_the_real_chain
   OK   test_a_pipeline_upgrade_reaches_products_that_already_shipped
   OK   test_a_rebuild_that_has_already_been_refused_says_so_instead_of_looking_untried
   OK   test_a_recertified_release_rebuilds_its_listing
   OK   test_a_redesigned_product_re_enters_the_chain
   OK   test_a_stale_listing_is_rebuilt_even_when_its_release_is_unchanged
   OK   test_a_stale_listing_is_rebuilt_not_only_a_missing_one
   OK   test_attack_a_bundle_that_is_not_actually_cheaper_is_refused
   OK   test_attack_a_chart_from_a_different_size_cannot_pass_as_this_one
   OK   test_attack_a_corrupted_artifact_is_detected
   OK   test_attack_a_fake_was_price_is_refused
   OK   test_attack_a_listing_that_hides_it_is_a_pattern_is_blocked
   OK   test_attack_a_missing_artifact_is_reported_not_silently_substituted
   OK   test_attack_a_motif_the_pattern_does_not_contain_is_blocked
   OK   test_attack_a_single_wrong_stitch_in_the_motif_is_caught
   OK   test_attack_a_size_claim_the_pattern_does_not_support_is_blocked
   OK   test_attack_a_wrong_pattern_cannot_become_a_pdf
   OK   test_attack_an_agent_cannot_reach_outside_its_permissions
   OK   test_attack_an_unsupportable_listing_claim_is_blocked
   OK   test_attack_customer_text_that_drifts_from_the_pattern_is_caught
   OK   test_attack_support_cannot_edit_the_pattern
   OK   test_attack_support_will_not_guess_when_it_does_not_know
   OK   test_pricing_survives_etsy_fees_and_carries_no_fake_discount
   OK   test_storage_is_honest_that_it_is_not_durable
   OK   test_support_answers_from_the_released_version
   OK   test_the_chart_is_published_as_a_readable_repeat_not_a_pixel_field
   OK   test_the_detected_repeat_is_the_real_one_not_a_convenient_one
   OK   test_the_flagship_is_a_plausible_physical_object
   OK   test_the_flagship_uses_the_engineered_design_not_the_template
   OK   test_the_launch_plan_is_anchored_on_the_buying_window_not_the_holiday
   OK   test_the_listing_only_claims_what_the_pattern_can_support
   OK   test_the_pdf_is_real_and_hashed
   OK   test_the_rebuild_explains_its_decision
   OK   test_the_same_certified_pattern_renders_the_same_file_every_time
   OK   test_the_whole_chain_runs_unattended_with_no_unexpected_failures
== tests/test_products.py
   OK   test_a_bundle_has_no_engineered_pattern_of_its_own
   OK   test_a_class_b_design_is_marked_class_b
   OK   test_a_motif_is_identified_by_its_content
   OK   test_a_motif_of_something_other_than_ones_and_zeros_is_refused
   OK   test_a_ragged_motif_is_refused
   OK   test_a_width_the_motif_cannot_tile_is_refused
   OK   test_an_unknown_palette_is_refused
   OK   test_every_design_compiles
   OK   test_every_design_is_a_plausible_physical_object
   OK   test_every_design_survives_independent_reverse_compilation
   OK   test_every_motif_is_well_formed_and_distinct
   OK   test_motif_density_is_inside_the_band_that_makes_fabric
   OK   test_rows_are_emitted_as_repeats_not_flattened
   OK   test_the_catalogue_covers_the_release_candidates
   OK   test_the_flagship_certifies_end_to_end
   OK   test_two_designs_sharing_a_motif_are_still_different_products
== tests/test_products_adversarial.py
   OK   test_a_custom_design_is_routed_to_the_whole_chain_and_not_to_half_of_it
   OK   test_a_motif_left_out_of_the_library_is_reported_rather_than_unseen
   OK   test_a_subset_assertion_cannot_see_a_stage_that_went_missing
   OK   test_an_option_on_neither_side_of_the_line_is_refused_rather_than_cleared
   OK   test_every_texture_width_sentence_is_the_width_the_twin_measures
   OK   test_the_basket_listing_states_the_size_the_stitch_count_makes
   OK   test_the_bobble_panel_sits_the_way_round_its_own_sentence_says_it_does
   OK   test_the_cable_column_count_is_counted_rather_than_spelled_out
   OK   test_the_catalogue_is_a_partition_and_not_two_filters_that_happen_to_cover_it
   OK   test_the_coaster_listing_states_the_size_the_stitch_count_makes
   OK   test_the_diamond_lattice_really_is_continuous
   OK   test_the_library_holds_every_motif_this_module_defines
   OK   test_the_size_asked_for_is_not_the_size_made_and_the_gap_is_reachable
   OK   test_the_written_cable_pattern_never_says_which_way_the_cable_crosses
   OK   test_two_motifs_sharing_a_slug_are_refused_rather_than_one_replacing_the_other
== tests/test_profiles.py
   OK   test_a_cell_that_has_never_been_measured_has_no_capability_not_a_zero
   OK   test_a_clean_record_proposes_nothing_and_says_that_is_the_right_answer
   OK   test_a_lesson_routed_here_and_never_acted_on_is_surfaced
   OK   test_a_profile_is_assembled_from_the_rows_rather_than_stored_beside_them
   OK   test_a_proposal_from_a_review_still_has_to_pass_its_risk_tier
   OK   test_a_review_proposes_and_never_promotes
   OK   test_a_run_in_the_wrong_direction_is_noticed_where_a_single_point_is_not
   OK   test_a_stale_baseline_is_a_comparison_with_a_company_that_no_longer_exists
   OK   test_a_tactic_rejected_twice_for_the_same_reason_is_recorded_as_answered
   OK   test_an_unknown_cell_is_refused
   OK   test_direction_follows_the_cell_rather_than_the_arithmetic
   OK   test_every_cell_is_reviewed_and_the_ones_with_findings_come_first
   OK   test_movement_in_the_right_direction_proposes_nothing
   OK   test_tactics_are_split_by_what_actually_happened_to_them
   OK   test_the_commonest_real_state_is_the_one_a_review_names
   OK   test_the_profile_carries_everything_the_requirement_names
== tests/test_promotion.py
   OK   test_a_live_promotion_can_be_ended_rather_than_forgotten
   OK   test_a_promotion_must_end_and_the_end_must_be_a_date
   OK   test_all_three_numbers_the_requirement_names_are_reported
   OK   test_catalogue_dependence_is_counted_and_full_price_sales_are_not_assumed
   OK   test_contribution_compares_net_against_net
   OK   test_incrementality_is_refused_without_a_full_price_control
   OK   test_the_divergence_appears_once_a_real_per_unit_cost_exists
   OK   test_with_no_marginal_cost_revenue_and_contribution_agree
== tests/test_proof.py
   OK   test_a_rung_is_a_query_and_not_a_field
   OK   test_a_sample_that_failed_is_evidence_and_is_not_a_proof_point
   OK   test_a_testers_photograph_without_a_recorded_permission_cannot_be_published
   OK   test_an_ungranted_certificate_establishes_nothing
   OK   test_consent_required_says_why_rather_than_returning_a_boolean
   OK   test_every_rung_states_what_it_does_not_prove
   OK   test_language_is_checked_against_the_level_not_against_intention
   OK   test_nothing_established_is_level_zero_and_says_so
   OK   test_proof_accumulates_and_does_not_leapfrog
   OK   test_the_upper_rungs_are_present_and_false_rather_than_absent
== tests/test_prospecting.py
   OK   test_a_batch_asks_a_different_question_per_concept
   OK   test_a_christmas_stocking_is_buildable
   OK   test_a_concept_in_a_proven_department_but_the_wrong_occasion_is_not_credited
   OK   test_a_concept_indistinguishable_from_a_listing_is_refused
   OK   test_a_concept_that_cannot_seed_a_family_is_carried_as_a_single_product_not_cut
   OK   test_a_concept_too_close_to_the_catalogue_is_killed_with_the_neighbour_named
   OK   test_a_construction_that_cannot_build_the_form_is_killed_before_the_jury
   OK   test_a_field_is_drawn_across_arenas_rather_than_within_one
   OK   test_a_field_that_is_one_idea_five_times_keeps_one_of_them
   OK   test_a_field_the_catalogue_can_judge_reports_the_comparison
   OK   test_a_field_the_catalogue_cannot_judge_says_so
   OK   test_a_form_takes_the_fastest_lane_it_can_honestly_be_made_in
   OK   test_a_form_the_engine_cannot_build_is_reported_and_not_dropped
   OK   test_a_form_whose_floor_is_shut_is_dropped_and_not_promoted_to_a_slower_lane
   OK   test_a_gauntlet_that_passes_most_of_what_enters_says_so
   OK   test_a_metric_the_north_star_does_not_carry_is_refused
   OK   test_a_model_value_outside_the_vocabulary_is_a_structural_refusal
   OK   test_a_pods_forms_are_counted_from_observed_listings
   OK   test_a_proposition_stage_fed_below_its_floor_is_reported_not_skipped
   OK   test_a_run_that_proposed_nothing_and_spent_nothing_reports_that_it_did_not_run
   OK   test_a_saturated_form_does_not_become_another_slot
   OK   test_a_thousandth_of_movement_is_not_improvement
   OK   test_a_tournament_runs_the_stages_it_can_and_names_the_ones_it_cannot
   OK   test_a_tournament_that_kept_nothing_is_not_a_job_that_did_nothing
   OK   test_a_wide_enough_field_reaches_the_prototype_stage
   OK   test_an_arena_nothing_can_be_made_in_never_reaches_the_wheel
   OK   test_an_arena_with_no_reachable_form_is_skipped_rather_than_picked
   OK   test_an_empty_field_is_a_real_answer
   OK   test_an_event_the_vocabulary_cannot_express_is_refused_not_defaulted
   OK   test_an_expedition_reports_what_it_bought_and_what_survived
   OK   test_an_expedition_says_it_is_not_a_tournament
   OK   test_an_expedition_stops_on_the_ceiling_and_keeps_what_it_bought
   OK   test_an_expedition_with_no_viable_slot_is_refused_with_the_reasons
   OK   test_an_unlooked_pod_reports_no_forms_rather_than_one_form
   OK   test_arenas_reads_the_key_the_matrix_actually_returns
   OK   test_christmas_gets_the_share_the_compression_engine_reserves_for_it
   OK   test_christmas_maps_to_the_christmas_occasion
   OK   test_entering_the_same_arena_with_a_different_idea_is_allowed
   OK   test_every_concept_construction_either_routes_to_the_compiler_or_is_named
   OK   test_every_form_has_a_lane_floor
   OK   test_every_kill_cause_reaching_the_funnel_is_in_its_closed_vocabulary
   OK   test_everything_else_still_gets_a_turn
   OK   test_generated_variety_is_still_checked_rather_than_assumed
   OK   test_going_backwards_is_also_a_defect
   OK   test_margin_is_named_as_not_applied_rather_than_run_as_a_check_that_always_passes
   OK   test_narrowing_to_an_arena_the_evidence_does_not_name_is_refused
   OK   test_no_form_is_missing_from_the_buildability_map
   OK   test_no_gaps_against_observed_listings_is_an_error_not_an_empty_list
   OK   test_no_observation_at_all_is_an_empty_list_and_not_an_error
   OK   test_no_reachable_arena_at_all_is_a_statement_about_the_calendar
   OK   test_no_reader_carries_its_own_literal_for_the_proven_gap_key
   OK   test_not_measuring_is_never_reported_as_flat
   OK   test_one_failed_field_is_not_a_failed_expedition
   OK   test_real_movement_is_not_a_plateau
   OK   test_the_angle_gate_refuses_and_does_not_endorse
   OK   test_the_benchmark_check_states_its_own_limit
   OK   test_the_brief_is_stable_across_processes_and_not_only_within_one
   OK   test_the_capabilities_the_engine_already_has_are_not_claimed_as_missing
   OK   test_the_existing_catalogue_aims_at_no_proven_market
   OK   test_the_expedition_handler_runs_end_to_end_with_arenas_present
   OK   test_the_garment_gap_is_one_named_primitive_and_not_a_vague_difficulty
   OK   test_the_ideation_stage_is_cheap_by_routing_not_by_hope
   OK   test_the_priority_programme_sweeps_its_departments_rather_than_repeating_one
   OK   test_the_prompt_can_hold_the_field_it_asks_for
   OK   test_the_reservation_cannot_be_phase_shifted_out_of_its_own_runway
   OK   test_the_route_map_cannot_drift_from_what_the_compiler_accepts
   OK   test_the_schedule_is_reproducible
   OK   test_the_schedule_is_still_reproducible_after_the_spread
   OK   test_the_second_batch_of_a_slot_continues_rather_than_repeats
   OK   test_the_soonest_occasion_is_reached_before_the_furthest
   OK   test_the_tournament_handler_runs_end_to_end_and_names_its_arena
   OK   test_with_no_priority_arena_it_is_a_plain_rotation
== tests/test_protected_bands.py
   OK   test_a_fast_lane_steer_does_not_put_a_rebuild_ahead_of_a_waiting_customer
   OK   test_aging_does_not_let_ordinary_work_overtake_a_protected_band
   OK   test_claim_orders_protected_types_first_whatever_the_stored_priority
   OK   test_concurrent_workers_claim_every_protected_job_before_any_ordinary_one
   OK   test_steering_never_moves_a_job_into_or_across_a_protected_band
   OK   test_the_protected_bands_are_declared_and_mapped
   
   PASS: 0 failing
== tests/test_prototype.py
   OK   test_a_compiling_cir_that_describes_the_wrong_object_is_refused
   OK   test_a_construction_with_no_engine_route_is_a_named_gap_not_a_bad_concept
   OK   test_a_form_with_no_finished_size_is_refused_rather_than_guessed
   OK   test_a_garment_concept_is_authored_from_its_own_words
   OK   test_no_model_is_consulted_about_what_the_pattern_says
   OK   test_the_finished_size_is_the_input_and_the_stitch_count_is_derived
   OK   test_the_gauge_is_derived_from_the_yarn_rather_than_typed
   OK   test_the_stage_cuts_what_cannot_be_built_and_carries_what_can
== tests/test_provenance.py
   OK   test_a_configured_dependency_is_unproven_until_its_gate_probe_succeeds
   OK   test_a_dependency_with_no_recovery_strategy_is_refused
   OK   test_a_neighbouring_population_is_weaker_evidence_rather_than_worthless
   OK   test_a_number_that_cannot_say_who_it_measured_is_refused_rather_than_discounted
   OK   test_every_mapped_dependency_names_what_stops_and_how_it_returns
   OK   test_impact_is_graded_by_what_stops_not_by_vendor_prestige
   OK   test_presenting_a_foreign_or_stale_figure_as_current_canadian_demand_is_refused
   OK   test_ranking_on_usable_evidence_disagrees_with_the_headline_and_that_is_the_point
   OK   test_staleness_is_measured_against_the_topics_own_seasonality
   OK   test_the_discount_is_baked_into_the_number_rather_than_offered_beside_it
   OK   test_the_map_knows_which_recoveries_the_system_cannot_perform_itself
   OK   test_the_map_probes_configuration_where_it_can_and_says_nothing_where_it_cannot
== tests/test_provenance_backfill.py
   OK   test_a_backfilled_row_cites_the_evidence_it_was_derived_from
   OK   test_a_certificate_whose_stored_document_names_another_release_stays_unproven
   OK   test_a_dry_run_reports_without_writing
   OK   test_a_listing_with_no_release_hash_cannot_say_what_it_was_built_from
   OK   test_a_superseded_chain_reads_stale_afterwards_which_is_the_honest_reading
   OK   test_every_class_with_evidence_is_backfilled_and_every_one_without_is_counted
   OK   test_state_names_the_rules_and_the_evidence_actions
   /home/user/Project-Money/brambleloop/.venv/lib/python3.11/site-packages/fastapi/testclient.py:1: StarletteDeprecationWarning: Using `httpx` with `starlette.testclient` is deprecated; install `httpx2` instead.
     from starlette.testclient import TestClient as TestClient  # noqa
   OK   test_the_api_reports_the_estate_by_class_source_and_unknown_fields
   OK   test_the_backfill_is_idempotent_and_never_overwrites_a_recorded_row
   OK   test_the_handler_runs_the_backfill_and_audits_the_counts
   OK   test_the_lineage_columns_reach_a_database_created_before_them
   OK   test_without_an_audit_row_the_job_is_unknown_and_the_artefact_stays_unproven
== tests/test_provenance_write_path.py
   OK   test_a_backfilled_row_must_cite_its_evidence
   OK   test_a_file_artefact_carries_the_hash_of_the_file_it_is
   OK   test_a_real_run_leaves_nothing_unproven
   OK   test_assert_instrumented_only_looks_at_rows_created_since
   OK   test_before_the_backlog_is_closed_the_backstop_audits_and_lets_the_job_complete
   OK   test_design_inputs_fingerprint_the_stored_json
   OK   test_every_artefact_reads_fresh_and_the_sentinel_may_enforce
   OK   test_every_row_names_its_job_its_agent_and_its_authority
   OK   test_moving_the_stored_design_turns_the_whole_chain_stale_and_blocks_the_slug
   OK   test_record_lineage_refuses_what_it_cannot_vouch_for
   OK   test_the_backstop_excludes_the_offending_rows_when_asking_whether_to_enforce
   OK   test_the_chain_runs_green_with_the_write_path_in_place
   OK   test_the_handlers_all_go_through_record_lineage_rather_than_record
   OK   test_the_pdfs_and_charts_in_the_job_outputs_are_counted
   OK   test_the_rebuild_graph_can_follow_the_parents
   OK   test_the_recorded_design_fingerprint_is_the_one_the_sweep_compares_against
   OK   test_the_store_refuses_a_watched_class_without_lineage
   OK   test_the_store_still_stores_unwatched_bytes_and_watched_ones_with_lineage
   OK   test_the_worker_refuses_a_handler_that_writes_a_listing_without_lineage
== tests/test_provider_accounts.py
   OK   test_a_balance_is_not_a_budget_and_the_code_says_so
   OK   test_a_balance_with_auto_reload_off_is_reported_as_a_cliff
   OK   test_a_reported_balance_is_never_treated_as_a_capability
   OK   test_the_anthropic_row_keeps_both_the_report_and_what_the_probe_found
   OK   test_the_dashboard_figure_is_reconciled_against_our_own_ledger
   OK   test_the_openai_dashboard_figures_reconcile_with_each_other
   OK   test_the_three_columns_are_reported_separately
== tests/test_provider_trial.py
   OK   test_a_challenger_that_could_not_render_is_not_counted_as_tried
   OK   test_a_clean_sweep_recommends_the_switch_and_still_leaves_it_to_the_owner
   OK   test_a_completed_trial_does_stop_it_being_re_bought
   OK   test_a_funding_refusal_does_not_count_as_a_trial_already_run
   OK   test_a_render_that_would_land_exactly_on_the_ceiling_is_allowed
   OK   test_a_spent_provider_balance_is_a_refusal_rather_than_a_dead_letter
   OK   test_clearing_it_sometimes_is_reported_as_a_rate_not_as_a_win
   OK   test_clearing_the_blocker_while_breaking_structure_is_not_a_win
   OK   test_clearing_the_blocker_while_losing_product_truth_is_not_a_win
   OK   test_clearing_the_blocker_while_reading_as_a_render_is_not_a_win
   OK   test_consistency_is_measured_across_repeated_renders_of_the_same_product
   OK   test_incumbent_evidence_is_scoped_to_the_current_render_method
   OK   test_no_challenger_render_is_unproven_rather_than_a_verdict
   OK   test_the_ceiling_governs_the_experiment_not_each_challenger_run
   OK   test_the_ceiling_is_checked_before_the_render_not_after
   OK   test_the_fallback_challenger_is_the_strongest_one_not_already_spent
   OK   test_the_identity_dimension_is_stated_rather_than_silently_skipped
   OK   test_the_incumbent_is_measured_once_and_reused_for_every_challenger
   OK   test_the_method_version_is_read_from_the_challengers_own_render
   OK   test_the_trial_files_under_its_own_action_and_is_never_a_listing_asset
   OK   test_the_two_cases_cover_simple_and_hard_as_the_owner_required
   OK   test_tiling_on_the_challenger_too_is_a_finding_about_crochet_not_about_a_provider
== tests/test_publish_execution_gate.py
   ..........
   ----------------------------------------------------------------------
   Ran 10 tests in 6.068s
   
   OK
== tests/test_purchase_selection.py
   OK   test_a_budget_too_small_for_anything_stops_rather_than_overspending
   OK   test_a_budget_truncation_is_not_reported_as_having_run_out_of_things_to_learn
   OK   test_a_selection_from_nothing_is_refused_rather_than_empty
   OK   test_a_set_that_reached_its_target_names_neither
   OK   test_a_set_that_really_did_run_out_says_so_and_names_nothing_excluded
   OK   test_a_tie_goes_to_the_listing_that_shows_more_of_the_customer_experience
   OK   test_an_approved_budget_is_a_ceiling_in_code_and_the_swap_is_recorded
   OK   test_an_unknown_facet_never_counts_as_coverage
   OK   test_an_unobserved_favourite_count_is_zero_and_loses_a_tie_rather_than_winning_one
   OK   test_an_unread_deliverable_is_unknown_rather_than_unstated
   OK   test_an_unread_video_state_is_unknown_rather_than_no_video
   OK   test_every_pick_names_the_unknown_it_answers
   OK   test_every_pick_names_what_it_beat_and_what_that_would_have_taught
   OK   test_full_coverage_says_so_rather_than_claiming_a_gap
   OK   test_popularity_breaks_a_tie_inside_a_department_and_never_chooses_the_set
   OK   test_popularity_is_not_the_objective
   OK   test_richness_counts_rather_than_weights_because_the_parts_are_not_commensurable
   OK   test_ten_of_the_same_thing_stops_at_one
   OK   test_the_cost_is_expected_rather_than_quoted
   OK   test_the_last_pick_says_nothing_else_remained_rather_than_naming_a_ghost
   OK   test_the_redundant_count_answers_are_we_buying_thirteen_similar_things
   OK   test_the_same_catalogue_selects_the_same_set_twice
   OK   test_uncovered_facets_are_reported_rather_than_left_implied
   OK   test_video_is_a_facet_because_it_changes_what_the_customer_receives
   OK   test_without_a_budget_the_best_exemplar_is_taken_and_nothing_is_swapped
== tests/test_quality.py
   OK   test_a_broken_pattern_has_no_arithmetic_confidence
   OK   test_a_clean_pattern_cannot_become_a_regression_fixture
   OK   test_a_defect_becomes_a_permanent_fixture
   OK   test_a_reproducible_incident_captures_a_fixture_once
   OK   test_an_incident_whose_pattern_compiles_clean_is_recorded_as_not_reproducible
   OK   test_an_unmapped_claim_is_refused_rather_than_waved_through
   OK   test_arithmetic_is_near_total_and_physical_is_zero
   OK   test_claims_are_refused_when_their_evidence_is_missing
   OK   test_computation_can_never_raise_physical_confidence
   OK   test_every_committed_fixture_still_fails_the_way_it_should
   OK   test_every_dimension_section_three_names_is_tracked
   OK   test_loosening_a_check_is_caught_by_the_suite
   OK   test_the_certificate_carries_the_confidence_profile
   OK   test_the_fixture_stores_the_failure_not_the_fix
   OK   test_the_release_chain_runs_the_originality_gate
   OK   test_there_is_deliberately_no_single_overall_score
   OK   test_yardage_confidence_is_capped_while_uncalibrated
== tests/test_r2_autonomy_effect_intents.py
   OK   test_second_attempt_is_refused_and_applied_is_reported
   OK   test_provably_unsent_releases_the_intent
   OK   test_a_stale_worker_stops_before_the_effect
   OK   test_every_external_effect_handler_is_inventoried_and_guarded
   
   PASS: 0 failing
== tests/test_r2_autonomy_kpi_fingerprint.py
   OK   test_snapshot_ids_timestamps_and_run_ids_do_not_change_the_fingerprint
   OK   test_ten_identical_reviews_count_as_one_useful
   
   PASS: 0 failing
== tests/test_r2_autonomy_scheduler_blocks.py
   OK   test_a_blocked_department_gets_no_cadences_and_others_continue
   OK   test_never_pause_departments_keep_their_cadences_even_with_a_block_row
   OK   test_blocks_expire_after_the_default_ttl_unless_renewed
   OK   test_a_legacy_block_without_until_also_lapses
   
   PASS: 0 failing
== tests/test_r2_autonomy_scheduler_isolation.py
   OK   test_a_poisoned_cadence_is_isolated_recorded_and_the_rest_enqueue
   OK   test_the_runner_keeps_ticking_so_the_supervisor_never_exits
   OK   test_every_cadence_failing_is_still_a_scheduler_failure
   
   PASS: 0 failing
== tests/test_r2_autonomy_soak_effects.py
   OK   test_sigkill_double_apply_fails_the_soak_criterion
   OK   test_a_guarded_effect_is_not_repeated_and_the_criterion_holds
   
   PASS: 0 failing
== tests/test_r2_autonomy_useful_work.py
   OK   test_vacuous_outputs_are_noop_with_and_without_the_job_type
   OK   test_declared_work_keys_count_and_nothing_else_does
   OK   test_every_cadence_and_generatable_type_declares_its_work_keys
   OK   test_self_review_and_handoff_count_only_new_content
   OK   test_orchestrator_records_noop_missions_and_suppression_can_fire
   OK   test_slo_departments_use_the_same_judge
   
   PASS: 0 failing
== tests/test_r2_finance_close.py
   OK   test_H1_close_refuses_with_unmatched_statement_lines_never_matched
   OK   test_H1_close_runs_anomaly_detection_itself
   OK   test_H1_lock_is_written_only_after_a_fresh_scan_and_stays_irreversible
   OK   test_M4_close_blocks_on_stale_orders
   OK   test_M12_summary_blocks_immediately_on_locked_month_tamper
   OK   test_L6_late_adjustment_to_locked_month_is_never_silent
   OK   test_L7_forecast_cost_low_end_uses_actual_history
   7 passed, 0 failed
== tests/test_r2_finance_money.py
   OK   test_M1_stale_bank_cash_is_stale_and_buys_no_budget
   OK   test_M2_unmatched_bank_deposit_makes_cash_unknown_not_zero
   OK   test_M3_drill_expected_payout_matches_summary_unknown
   OK   test_L3_drill_check_compares_independent_figures
   OK   test_M5_fx_assumed_revenue_is_estimated_not_measured
   OK   test_M7_tax_pack_unknown_fees_are_none_not_zero
   OK   test_M8_duplicate_sale_for_same_receipt_with_new_external_id_is_refused
   OK   test_M9_seal_covers_every_economic_field_and_tail_deletion
   OK   test_M9_legacy_v1_rows_still_verify_under_their_own_seal
   OK   test_M10_books_cash_is_never_net_profit
   OK   test_L2_negative_or_nonfinite_cost_rows_are_refused
   OK   test_L5_sustainability_says_when_no_measured_order_backs_it
   12 passed, 0 failed
== tests/test_r2_finance_views.py
   OK   test_M4_stale_orders_are_not_measured_on_money_tab_or_books
   OK   test_M6_brief_and_recorded_spend_basis_come_from_rows
   OK   test_M11_check_spend_kind_is_validated_and_amount_must_be_finite
   OK   test_L4_money_drill_revenue_returns_the_headline_rows_when_measured
   4 passed, 0 failed
== tests/test_r2_product_catalogue_depth.py
   OK test_the_floor_is_unchanged
   OK test_basket_sizes_map_to_one_product
   OK test_launch0_reports_five_products_with_the_list_in_evidence
   OK test_a_product_outside_launch0_counts_as_itself_once
== tests/test_r2_product_client_grant.py
   OK test_a_production_string_and_owner_flag_send_nothing_without_a_grant
   OK test_a_grant_naming_no_recorded_authority_is_refused_before_the_request
   OK test_the_shadow_lane_rereads_the_phase_and_refuses_in_a_recorded_production
   OK test_the_owner_shadow_probe_lane_still_drafts_in_a_non_publishing_phase
   OK test_publish_still_requires_and_uses_the_grant
== tests/test_r2_product_listing_writes.py
   OK test_a_production_string_and_owner_flag_send_none_of_the_three_without_a_grant
   OK test_the_shadow_lane_rereads_the_phase_for_the_three_writes
   OK test_a_publication_grant_completes_only_the_draft_it_created
   OK test_an_activation_grant_names_its_listing
   OK test_the_pipeline_passes_the_grant_to_every_post_create_write
== tests/test_r2_product_policy_alias.py
   OK test_every_alias_canonicalises_to_the_declared_param
   OK test_active_reads_an_alias_payload_without_keyerror
   OK test_active_falls_back_when_the_payload_names_nothing_readable
   OK test_aliases_of_protected_names_stay_protected
   OK test_alias_values_are_still_bounds_checked
   OK test_twin_alias_keys_are_refused
   OK test_submit_with_an_alias_does_not_raise
== tests/test_r2_product_seo_unicode.py
   OK test_the_clean_baseline_still_passes
   OK test_every_evasive_tag_is_refused_by_the_seo_validator
   OK test_fullwidth_brand_ip_and_superlative_are_named_after_normalising
   OK test_evasive_title_segments_are_refused
   OK test_production_listing_schema_refuses_them_too
   OK test_plain_titles_and_allowed_marks_are_untouched
== tests/test_r2_product_store_lint.py
   OK test_every_phrase_the_audit_missed_is_caught_by_its_rule
   OK test_a_negator_in_another_clause_does_not_excuse_the_claim
   OK test_true_negative_disclosures_still_pass
   OK test_disguised_text_is_flagged_as_obfuscated
   OK test_current_shop_copy_is_still_truthful
   OK test_surface_text_reaches_titles_nested_values_and_unknown_keys
   OK test_readiness_fails_a_grid_tile_title_that_lies
== tests/test_r2_product_voice.py
   OK test_shop_copy_has_no_double_hyphen
   OK test_every_drafted_launch0_description_passes_the_voice_rule
== tests/test_r2_security_actions.py
   /home/user/Project-Money/brambleloop/.venv/lib/python3.11/site-packages/fastapi/testclient.py:1: StarletteDeprecationWarning: Using `httpx` with `starlette.testclient` is deprecated; install `httpx2` instead.
     from starlette.testclient import TestClient as TestClient  # noqa
   OK   test_publication_approve_refuses_when_evidence_is_not_ready
   OK   test_revoking_a_non_existent_or_foreign_id_is_404_and_seals_nothing
   OK   test_origin_check_compares_scheme_host_and_port
   OK   test_refusals_do_not_echo_python_exception_text
   4/4 passed in 1s
== tests/test_r2_security_department_block.py
   /home/user/Project-Money/brambleloop/.venv/lib/python3.11/site-packages/fastapi/testclient.py:1: StarletteDeprecationWarning: Using `httpx` with `starlette.testclient` is deprecated; install `httpx2` instead.
     from starlette.testclient import TestClient as TestClient  # noqa
   OK   test_block_and_pause_refuse_the_same_departments
   OK   test_orchestrator_keeps_running_never_pause_departments_even_with_a_block_row
   2/2 passed in 2s
== tests/test_r2_security_freshness.py
   /home/user/Project-Money/brambleloop/.venv/lib/python3.11/site-packages/fastapi/testclient.py:1: StarletteDeprecationWarning: Using `httpx` with `starlette.testclient` is deprecated; install `httpx2` instead.
     from starlette.testclient import TestClient as TestClient  # noqa
   OK   test_non_finite_or_non_numeric_timestamps_are_refused
   OK   test_a_purged_nonce_cannot_be_replayed
   OK   test_retention_outlives_the_freshness_window
   3/3 passed in 0s
== tests/test_r2_security_login_lockout.py
   /home/user/Project-Money/brambleloop/.venv/lib/python3.11/site-packages/fastapi/testclient.py:1: StarletteDeprecationWarning: Using `httpx` with `starlette.testclient` is deprecated; install `httpx2` instead.
     from starlette.testclient import TestClient as TestClient  # noqa
   OK   test_spoofed_forwarded_for_is_ignored_without_a_trusted_proxy
   OK   test_railway_hop_takes_the_right_most_entry
   OK   test_refusals_for_being_limited_do_not_extend_the_lockout
   OK   test_1000_wrong_attempts_from_rotating_addresses_never_succeed_and_owner_still_logs_in
   OK   test_a_stolen_device_cookie_is_still_rate_limited_per_device
   5/5 passed in 13s
== tests/test_radar.py
   OK   test_a_bundle_is_never_selected_without_the_products_it_bundles
   OK   test_a_christmas_blanket_is_bought_in_autumn_not_in_december
   OK   test_a_closed_window_is_scored_as_closed
   OK   test_a_planning_cycle_scores_against_the_date_it_was_given
   OK   test_active_events_ranks_by_urgency_not_by_calendar_distance
   OK   test_an_open_flagship_window_beats_a_distant_one
   OK   test_an_unbacked_bundle_is_held_and_says_so
   OK   test_class_c_is_penalised_because_we_cannot_verify_it_yet
   OK   test_every_competitor_profile_is_dated_and_sourced
   OK   test_every_concept_has_evidence_and_a_priced_position
   OK   test_every_selector_decision_is_explained
   OK   test_observations_cover_the_signals_pricing_depends_on
   OK   test_pool_is_not_all_blankets
   OK   test_pool_meets_section_33_breadth
   OK   test_portfolio_caps_unverifiable_products
   OK   test_portfolio_carries_a_bundle_ready_family
   OK   test_portfolio_has_a_flagship_and_fast_movers_and_an_evergreen
   OK   test_portfolio_is_between_eight_and_twelve_skus
   OK   test_portfolio_is_not_a_single_demand_pattern
   OK   test_portfolio_review_reports_drift_without_acting_on_no_evidence
   OK   test_portfolio_satisfies_every_section_33_constraint
   OK   test_portfolio_shifts_with_the_calendar
   OK   test_rejected_concepts_are_kept_not_discarded
   OK   test_score_decomposes_into_its_named_components
   OK   test_scoring_is_deterministic
   OK   test_seasonal_concepts_name_a_real_event
   OK   test_seasonal_fit_is_judged_at_our_ready_date_not_today
   OK   test_the_same_concept_rises_as_its_window_approaches
   OK   test_urgency_decays_before_the_window_and_collapses_after_it
   OK   test_we_do_not_plan_to_copy_the_discount_theatre
   OK   test_weights_sum_to_one_so_scores_are_comparable
   OK   test_window_scales_with_the_size_of_the_project
== tests/test_ranking_readiness.py
   OK   test_an_empty_shop_is_unmeasured_not_passed_and_never_blended
   OK   test_dimensions_are_independent
   OK   test_a_stale_certificate_fails_listing_quality_and_shows_stale
   OK   test_a_measured_failure_outranks_an_unmeasured_component
   OK   test_service_quality_is_measured_only_from_sent_responses
   OK   test_launch_plan_calls_the_profile
   /home/user/Project-Money/brambleloop/.venv/lib/python3.11/site-packages/fastapi/testclient.py:1: StarletteDeprecationWarning: Using `httpx` with `starlette.testclient` is deprecated; install `httpx2` instead.
     from starlette.testclient import TestClient as TestClient  # noqa
   OK   test_the_catalogue_shows_the_certificate_verdict_not_the_proxy
== tests/test_rc1_auth.py
   OK   test_A1_deployed_workers_are_built_live
   OK   test_A1_live_worker_reresolves_the_phase_per_job_and_protected_phase_is_restrictive
   OK   test_A1_owner_rollback_recorded_after_boot_stops_store_activate
   OK   test_A1_rollback_between_reservation_and_request_is_honoured_at_the_effect_boundary
   OK   test_D1_deleted_inserted_and_copied_rows_break_the_chain
   OK   test_D1_replayed_old_sealed_production_row_does_not_restore_production
   OK   test_D2_an_unsealed_inserted_revocation_revokes_and_is_reported_as_tampering
   OK   test_D2_chain_rows_are_protected_from_retention
   OK   test_D2_deleting_a_revocation_does_not_revive_the_grant_and_opens_an_incident
   OK   test_D3_client_activate_requires_a_validated_grant_object
   OK   test_D4_upward_evidence_refs_must_resolve_to_real_recent_passing_records
   11 passed, 0 failed
== tests/test_rc1_ord2.py
   OK   test_1_a_deleted_revocation_does_not_revive_the_verification
   OK   test_1_a_forged_unsealed_owner_row_is_refused
   OK   test_1_a_valid_sealed_verification_flips_fees_to_measured
   OK   test_1_an_edited_row_is_refused
   OK   test_1_an_inserted_replayed_row_breaks_the_chain_and_reverts_the_fees
   OK   test_1_changing_the_type_list_or_divisor_voids_the_verification
   OK   test_1_recording_needs_the_owner_credential
   OK   test_1_the_chain_rows_are_protected_from_retention
   /home/user/Project-Money/brambleloop/.venv/lib/python3.11/site-packages/fastapi/testclient.py:1: StarletteDeprecationWarning: Using `httpx` with `starlette.testclient` is deprecated; install `httpx2` instead.
     from starlette.testclient import TestClient as TestClient  # noqa
   OK   test_1_the_route_is_owner_only_and_records_a_sealed_row
   OK   test_2_a_listing_fee_is_unverified_until_the_mapping_is_verified
   OK   test_2_reconcile_apply_passes_listing_fees_through_the_same_rule
   OK   test_3_the_predicate_is_defined_once
   OK   test_3_unreconciled_and_voided_orders_move_no_reader
   
   PASS: 0 failing
== tests/test_rc1_order_truth.py
   OK   test_E1_a_recorded_sale_whose_receipt_turns_unreconciled_is_excluded_then_rebooked
   OK   test_E1_partially_refunded_with_no_refund_amount_is_held_not_booked
   OK   test_E2_a_cancelled_first_sale_is_not_an_order_customer_or_first_sale
   OK   test_E2_a_voided_first_sale_hands_the_record_to_the_next_live_sale
   OK   test_E3_a_sale_in_a_currency_with_no_rate_is_held_and_sales_are_not_measured
   OK   test_E4_a_partial_ledger_fee_is_partial_with_the_missing_component_modelled
   OK   test_E5_a_fee_credit_named_refund_is_unclassified_not_a_customer_refund
   OK   test_E5_a_hundredfold_fee_is_held_as_anomalous_and_raised
   OK   test_E5_a_ledger_refund_carries_the_unverified_mapping_basis
   OK   test_E5_complete_fees_are_unverified_until_the_owner_verifies_the_mapping
   OK   test_E6_a_refund_in_another_currency_is_not_read_as_the_receipts
   OK   test_E6_duplicate_transaction_ids_refuse_the_receipt_and_raise
   OK   test_G1_publication_economics_price_is_set_and_voided_orders_are_not_volume
   
   PASS: 0 failing
== tests/test_rc1_own_closer.py
   OK   test_foreign_owner_actions_stay_open
   OK   test_readiness_owned_key_whose_condition_holds_stays_open
== tests/test_rc1_own_dashboard.py
   OK   test_revenue_is_unmeasured_while_order_source_is_gated
   OK   test_measured_revenue_sums_only_reconciled_measured_rows
   OK   test_spend_counts_every_recorded_kind_and_is_labelled
   OK   test_unknown_owner_inbox_raises_an_alarm
== tests/test_rc1_own_packet.py
   OK   test_packet_verdict_equals_handler_verdict
   OK   test_packet_cannot_be_ready_without_the_off_device_proof
== tests/test_rc1_own_release.py
   OK   test_boot_guard_accepts_a_recorded_build_and_rejects_tampering
   OK   test_boot_guard_opens_and_resolves_a_p1_incident
   OK   test_boot_guard_rejects_a_red_or_unpinned_suite_record
   OK   test_deploy_sh_rollback_dry_run_pushes_nothing
   OK   test_dockerfile_ships_the_release_records_and_main_runs_the_guard
   OK   test_guard_and_boot_digests_are_the_same_function
   OK   test_rollback_refusals
   OK   test_rollback_to_a_recorded_deployed_sha_is_sanctioned_and_rehearsable
   OK   test_sqlite_refusal_is_default_on_hosted_and_outside_shadow
   OK   test_the_real_history_names_production_and_the_runbook_exists
== tests/test_rc1_own_verify.py
   OK   test_shadow_names_unchanged_and_green_when_nothing_written
   OK   test_shadow_sees_draft_writes
   OK   test_live_phase_is_not_permanently_red_and_checks_proof
   OK   test_live_phase_red_without_grant_readback_or_certificate_or_with_stranded_draft
   OK   test_verify_endpoint_uses_the_effective_phase_module
== tests/test_rc1_spend.py
   OK   test_b1_a_billed_attempt_with_no_usage_is_counted_at_the_estimate_not_zero
   OK   test_b1_a_malformed_answer_the_provider_billed_is_recorded_and_counted
   OK   test_b1_a_timeout_after_sending_is_unknown_and_counted_a_refusal_is_not_billed
   OK   test_b2_every_render_writes_an_image_cost_row_and_the_ceiling_counts_it
   OK   test_b2_image_spend_closes_the_monthly_ceiling
   OK   test_b2_the_image_probe_does_not_count_a_render_twice
   OK   test_b3_a_refused_request_is_unbilled_and_a_read_timeout_is_counted
   OK   test_b3_a_render_accepted_then_failed_is_billed_not_released_as_free
   OK   test_b3_poll_timeout_moderation_and_empty_body_are_billed
   OK   test_b4_a_refusal_is_still_recorded_once_the_lock_is_released
   OK   test_b4_concurrent_holders_never_reserve_past_the_ceiling
   OK   test_b4_the_audit_two_holder_race_grants_one
   OK   test_b4_the_database_lock_holds_across_processes_not_only_threads
   OK   test_b5_a_holders_own_open_reservations_count_against_the_ceiling
   OK   test_c1_a_product_with_unknown_creation_cost_or_no_unit_margin_blocks
   OK   test_c1_assumed_volume_cannot_grant_a_pass
   OK   test_c1_the_readiness_requirement_carries_the_basis
   OK   test_c1_the_verdict_states_its_basis_and_labels_volume_assumed
   OK   test_f1_a_cir_slug_in_job_inputs_is_checked_against_the_catalogue
   OK   test_f1_a_shared_override_inside_a_product_job_is_labelled_and_audited
   0 failing
== tests/test_reachability.py
   OK   test_a_handler_enqueued_by_a_live_handler_is_live
   OK   test_a_handler_only_a_manual_post_enqueues_is_not_live
   OK   test_a_module_behind_a_static_state_route_is_not_reached
   OK   test_a_module_called_from_a_scheduled_handler_is_reached
   OK   test_a_module_no_root_imports_is_not_reached
   OK   test_a_module_used_only_inside_an_audit_receipt_is_not_reached
   OK   test_a_route_that_computes_from_the_database_reaches_its_module
   OK   test_a_writer_whose_receipt_is_audited_is_still_reached
   OK   test_an_auth_guard_in_a_route_is_a_use
   OK   test_reach_is_transitive_through_library_helpers
   OK   test_the_real_package_still_reaches_its_handlers_libraries
   
   PASS: 0 failing
== tests/test_rebuild_graph.py
   OK   test_a_change_reaches_two_hops_downstream
   OK   test_a_cycle_is_refused_rather_than_traversed
   OK   test_a_propagation_over_an_uninstrumented_estate_reports_its_own_blindness
   OK   test_an_unrelated_change_rebuilds_nothing
   OK   test_full_coverage_says_so_plainly
   OK   test_publication_is_blocked_until_every_descendant_is_rebuilt
   OK   test_state_names_what_the_graph_does_not_cover
   OK   test_the_edges_come_from_the_provenance_rather_than_a_second_copy
   OK   test_the_order_is_parents_before_children
   OK   test_the_same_change_enqueues_once_and_a_different_change_enqueues_again
== tests/test_receipt_adversarial.py
   OK   test_O01_a_ledger_refund_the_receipt_has_not_shown_is_applied_once
   OK   test_O01_a_refund_for_an_order_we_do_not_have_joins_the_reconciliation_incident
   OK   test_O01_late_full_refund_reconciles_existing_order
   OK   test_O01_old_modified_receipt_is_not_lost_to_creation_watermark
   OK   test_O01_partial_refund_preserves_unreturned_revenue
   OK   test_O02_cancelled_receipt_creates_no_sales_revenue
   OK   test_O02_unpaid_open_receipt_creates_no_sales_revenue
   OK   test_O03_imported_old_sale_does_not_inherit_future_listing_version
   OK   test_O04_first_purchase_is_earliest_not_first_encountered
   OK   test_O05_retry_after_order_commit_repairs_version_evidence
   OK   test_O06_a_refund_moves_the_loop_counter_down
   OK   test_O07_a_later_refund_keeps_the_measured_fee
   OK   test_O07_negative_contribution_matches_negative_ledger
   OK   test_O07_reconcile_keeps_a_refunded_sales_measured_fee_as_a_loss
   OK   test_O08_a_band_that_cannot_clear_the_net_floor_is_refused
   OK   test_P15_unit_cost_contribution_is_windowed_with_the_cost
   OK   test_control_closed_gate_never_reads_feed
   OK   test_control_paid_receipt_is_idempotent
   
   PASS: 0 failing
== tests/test_reference_pack.py
   OK   test_a_bun_is_not_a_haircut
   OK   test_a_carried_portrait_that_cannot_pass_refuses_the_build_before_it_spends
   OK   test_a_clean_run_is_ready_for_approval_and_still_frozen_by_nobody
   OK   test_a_decline_with_a_reason_is_still_a_decline
   OK   test_a_face_match_above_a_changed_chest_fails
   OK   test_a_face_the_camera_was_too_far_away_to_see_is_not_a_failure_of_identity
   OK   test_a_hidden_chest_does_not_stop_approval_and_a_changed_one_does
   OK   test_a_job_asking_for_a_newer_pack_than_this_build_makes_fails_rather_than_answering
   OK   test_a_job_asking_for_an_older_pack_than_this_build_makes_is_completed_as_superseded
   OK   test_a_portrait_flawed_only_in_its_own_scene_still_builds
   OK   test_a_preserved_dimension_nothing_could_read_is_not_counted_as_unchanged
   OK   test_a_refused_render_and_an_unhelpful_one_are_told_apart
   OK   test_a_required_dimension_no_frame_can_state_stops_the_pack
   OK   test_a_revision_that_did_not_change_anything_is_not_a_revision
   OK   test_a_revision_that_makes_the_whole_woman_bigger_is_caught
   OK   test_a_torso_frame_that_cannot_read_the_chest_is_rendered_again
   OK   test_a_verdict_about_different_bytes_does_not_block_a_replaced_portrait
   OK   test_a_verdict_on_a_dimension_no_frame_could_state_is_not_a_verdict
   OK   test_an_insisting_retry_builds_on_its_best_attempt_rather_than_the_approved_body
   OK   test_an_insisting_retry_changes_the_hand_as_well_as_the_anchor
   OK   test_an_obscured_chest_is_unverifiable_and_never_a_pass
   OK   test_an_unchecked_portrait_builds_exactly_as_it_always_did
   OK   test_bust_and_torso_are_required_rather_than_counted
   OK   test_each_dimension_is_pinned_from_the_frame_that_can_see_it
   OK   test_every_image_the_owner_is_asked_to_approve_survives_a_restart
   OK   test_every_scene_is_conditioned_on_all_three_reference_frames
   OK   test_hair_that_actually_changed_still_fails_the_revision
   OK   test_hair_that_moved_with_no_change_of_arrangement_is_unexplained
   OK   test_hair_worn_up_is_not_a_different_woman
   OK   test_one_close_fitting_frame_must_read_chest_torso_and_waist_together
   OK   test_the_approval_question_reopens_while_a_ready_pack_is_waiting
   OK   test_the_bridge_is_checked_where_the_answer_is_readable
   OK   test_the_bust_direction_is_the_owners_revision
   OK   test_the_frame_whose_job_the_bust_is_decides_whether_the_bust_changed
   OK   test_the_hair_question_is_only_asked_when_hair_moved
   OK   test_the_owner_action_is_rewritten_on_every_build_rather_than_written_once
   OK   test_the_owners_candidate_is_a_generated_concept_and_the_rules_still_hold
   OK   test_the_reference_bridge_counts_as_continuity_evidence
   OK   test_the_reference_is_three_frames_and_the_portrait_is_carried
   OK   test_the_retry_only_insists_after_it_has_measured_a_failure
   OK   test_the_torso_retry_chooses_on_the_revision_and_not_only_on_clarity
   OK   test_the_tournament_does_not_run_once_the_owner_has_chosen_a_candidate
   OK   test_the_two_reference_frames_are_checked_against_each_other
   OK   test_the_validation_frame_is_controlled_rather_than_commercial
== tests/test_rehearsal_stall.py
   OK   busy worker: store.publish settled after 1620.0 s
   OK   chain-only detector would have stalled (1440s unchanged)
   OK   heartbeating job is progress; cap ends the run at 900.0 s
   OK   wedged runtime stalls after 330.0 s with queue evidence
== tests/test_release_versions.py
   OK   test_no_content_change_keeps_a_released_version
   OK   test_the_check_catches_a_claims_change_under_the_same_version
   OK   test_the_check_catches_a_content_change_under_the_same_version
   OK   test_the_pt_redesigns_carry_a_new_version
== tests/test_reliability.py
   OK   test_a_floor_asked_once_is_not_classified_from_a_single_ask
   OK   test_a_floor_failing_every_time_it_was_asked_is_systematic_in_a_large_sample
   OK   test_a_floor_failing_some_of_the_times_it_was_asked_is_stochastic
   OK   test_a_gallery_that_exhausted_its_attempts_is_unreliable_not_uneconomic
   OK   test_a_gallery_with_no_attempts_at_all_is_a_failure_not_a_free_pass
   OK   test_a_pipeline_that_works_and_cannot_be_afforded_is_uneconomic
   OK   test_a_rate_is_withheld_below_the_sample_floor
   OK   test_an_asset_marked_usable_with_a_failed_floor_is_unsafe_whatever_the_rate
   OK   test_cost_per_usable_gallery_divides_spend_by_usable_galleries_not_by_attempts
   OK   test_measure_counts_only_the_current_method
   OK   test_measure_groups_the_filed_sequences_into_galleries_by_release
   OK   test_measure_on_an_empty_log_measures_nothing_rather_than_reporting_zero
   OK   test_measure_separates_the_same_product_at_two_releases
   OK   test_more_attempts_than_the_budget_allows_is_over_budget_even_when_it_wins
   OK   test_no_floors_recorded_anywhere_does_not_manufacture_a_systematic_failure
   OK   test_nothing_attempted_is_not_a_measurement
   OK   test_the_happy_path_reports_a_rate_and_names_the_standard_it_was_judged_against
== tests/test_reliability_ledger.py
   OK   test_close_refuses_without_all_three_and_accepts_with_them
   OK   test_material_delay_found_by_the_waiter_opens_a_ledger_entry
   OK   test_open_is_idempotent_by_signature_and_kinds_are_closed
   OK   test_registry_ack_accounts_idle_time_through_the_waiter
   OK   test_the_board_prints_open_reliability_incidents_and_waste
   OK   test_the_ledger_cli_refuses_a_bare_close
   OK   test_the_registry_cli_ack_goes_through_the_waiter
   
   PASS: 0 failing
== tests/test_remerchandising.py
   OK   test_a_bundle_of_one_product_is_a_product
   OK   test_a_catalogue_with_no_complements_says_that_about_itself
   OK   test_a_move_nobody_asked_about_is_unmeasurable_rather_than_unavailable
   OK   test_a_move_that_changes_the_pattern_is_a_new_product_and_is_refused
   OK   test_a_pair_with_no_stated_reason_is_refused
   OK   test_a_pod_with_no_readable_language_does_not_claim_the_move
   OK   test_a_product_is_never_bundled_with_itself_in_another_colour
   OK   test_a_product_whose_form_is_unknown_is_never_paired_on_a_guess
   OK   test_a_recorded_sale_makes_a_candidate_proven
   OK   test_a_review_computes_its_own_capabilities
   OK   test_an_available_capability_makes_its_move_ready
   OK   test_an_empty_catalogue_says_so_rather_than_proposing_moves
   OK   test_an_invented_move_is_refused
   OK   test_an_uncertified_product_is_not_a_candidate_at_all
   OK   test_changing_presentation_is_allowed_and_counts_as_nothing_new
   OK   test_every_move_names_what_it_is_waiting_on
   OK   test_every_proposed_pair_says_why_a_buyer_wants_both
   OK   test_proven_stays_false_until_both_halves_have_sold
   OK   test_search_positioning_is_available_because_the_language_map_is_readable
   OK   test_the_add_on_is_the_faster_half
   OK   test_the_image_moves_read_a_recorded_generation_rather_than_a_variable
   OK   test_the_plan_computes_availability_rather_than_being_told
   OK   test_the_plan_never_reports_catalogue_growth
   OK   test_the_release_hash_is_immutable_because_it_is_what_a_buyer_downloaded
   OK   test_with_no_sales_nothing_is_proven_and_the_report_says_so
== tests/test_render.py
   OK   test_it_refuses_a_scale_too_small_to_show_a_stitch
   OK   test_loop_targeting_changes_the_drawing
   OK   test_smoothing_interpolates_and_never_moves_a_control_point
   OK   test_the_broken_lighting_helpers_are_absent_rather_than_shipped_broken
   OK   test_the_curve_file_carries_the_fabrics_own_yarn_radius
   OK   test_the_curve_file_draws_the_whole_yarn_by_default
   OK   test_the_cut_instrument_mode_still_refuses_the_long_segments
   OK   test_the_height_field_is_greyscale_and_matches_the_raster_geometry
   OK   test_the_plied_staging_differs_from_the_committed_one_only_in_what_it_admits
   OK   test_the_plied_writer_draws_the_certified_strands_and_nothing_else
   OK   test_the_plied_writer_moves_no_control_point
   OK   test_the_raster_is_deterministic_for_a_given_seed
   OK   test_the_scene_states_which_yarn_layers_it_does_not_reproduce
   OK   test_the_stitch_aspect_comes_from_the_gauge
   OK   test_the_yarn_is_one_strand_with_exactly_two_ends_where_the_yarn_starts_and_stops
   OK   test_the_yarn_runs_on_through_the_joins_and_ends_only_at_the_hops
   OK   test_two_fabrics_compared_under_this_scene_get_the_same_camera_and_lights
   
   PASS: 0 failing
== tests/test_repeat.py
   OK   test_a_recommendation_never_points_at_what_the_buyer_owns
   OK   test_an_unknown_product_is_refused
   OK   test_future_season_is_a_season_still_ahead_and_not_the_one_bought_for
   OK   test_no_orders_is_a_refusal_not_a_zero
   OK   test_state_separates_what_runs_today_from_what_waits
   OK   test_windows_are_measured_at_the_floor_and_unmeasured_below_it
   6 passing, 0 failing
== tests/test_replication.py
   OK   test_a_catalogue_of_one_has_no_best_seller
   OK   test_a_credible_winner_is_credible
   OK   test_a_dimension_almost_nothing_differs_on_separates_nothing
   OK   test_a_dimension_both_held_and_changed_is_two_plans
   OK   test_a_dimension_the_catalogue_varies_on_is_testable
   OK   test_a_launch_is_not_a_trend
   OK   test_a_lead_under_the_multiple_is_a_good_week
   OK   test_a_proposal_that_changes_nothing_is_the_same_product
   OK   test_a_proposal_that_holds_nothing_is_about_a_different_product
   OK   test_a_second_colourway_answers_nothing
   OK   test_a_shop_where_only_one_product_sells_is_a_different_finding
   OK   test_a_study_returns_the_capacity_on_its_end_date_answered_or_not
   OK   test_a_study_with_no_end_is_a_permanent_bet_nobody_made
   OK   test_a_winner_that_is_the_only_example_of_everything_explains_nothing
   OK   test_an_adjacent_proposal_says_what_it_tests
   OK   test_an_unrecorded_dimension_says_so_rather_than_scoring_zero
   OK   test_capacity_does_not_move_to_a_rank
   OK   test_it_is_just_better_is_not_a_dimension
   OK   test_state_names_the_floors_and_the_ceilings
   OK   test_substantial_is_not_most
   OK   test_the_best_seller_of_three_may_have_sold_twice
== tests/test_response.py
   OK   test_a_complete_run_reaches_measurement
   OK   test_a_failed_gate_stops_the_run_rather_than_marking_it_amber
   OK   test_a_generic_finished_object_characteristic_may_be_preserved
   OK   test_a_seasonal_answer_that_references_the_source_is_refused
   OK   test_a_stage_cannot_run_before_the_one_it_depends_on
   OK   test_answering_only_the_palette_is_a_recolour_with_a_seasons_name_on_it
   OK   test_anything_that_only_makes_sense_as_a_reference_to_their_product_is_refused
   OK   test_entering_on_parity_is_refused_through_the_competitive_door_too
   OK   test_must_consider_is_satisfied_by_a_recorded_refusal_and_not_by_silence
   OK   test_preserved_characteristics_is_a_closed_list
   OK   test_the_boundary_is_stated_where_somebody_can_read_it
   OK   test_the_owners_christmas_cardigan_example_runs_as_a_fixture_not_a_special_case
   OK   test_the_pipeline_names_every_stage_and_its_gate
== tests/test_reverse.py
   OK   test_a_dropped_piece_or_a_wrong_make_count_is_caught
   OK   test_a_flipped_loop_is_a_mismatch_not_a_nuance
   OK   test_a_hold_and_its_resume_are_read_back
   OK   test_a_row_cycle_is_read_inside_its_own_piece
   OK   test_declared_count_mutation_is_caught
   OK   test_dropped_row_is_caught
   OK   test_mosaic_round_trips_clean
   OK   test_repeat_count_mutation_is_caught
   OK   test_sphere_round_trips_clean
   OK   test_stitch_run_length_mutation_is_caught
   OK   test_stitch_substitution_is_caught
   OK   test_the_benchmark_back_loop_rib_round_trips
   OK   test_the_loop_is_written_and_read_back_in_both_terminologies
   OK   test_to_end_repeat_is_written_and_parsed
   OK   test_turning_chain_removal_is_caught
   OK   test_uk_terminology_round_trips
   OK   test_unparseable_instruction_is_reported_not_ignored
   OK   test_written_output_is_human_readable
== tests/test_reviews.py
   OK   test_a_category_nobody_named_is_refused
   OK   test_a_distribution_over_three_reviews_is_refused_rather_than_caveated
   OK   test_a_misunderstanding_is_usually_a_missing_disclosure
   OK   test_a_misunderstanding_with_no_disclosure_behind_it_goes_to_support
   OK   test_a_real_base_reads
   OK   test_a_reply_that_just_helps_passes
   OK   test_a_support_reply_that_asks_for_a_rating_is_refused
   OK   test_a_theme_below_the_floor_is_one_buyers_experience
   OK   test_a_wish_is_a_question_about_what_to_make_next
   OK   test_every_mapped_misunderstanding_points_at_a_real_disclosure
   OK   test_every_way_of_asking_is_caught
   OK   test_praise_is_what_the_listing_may_say_because_they_said_it_first
   OK   test_something_that_is_not_a_star_rating_is_refused
   OK   test_state_names_all_three_prohibited_verbs
   OK   test_themes_stay_readable_when_the_average_is_not
== tests/test_risk_matrix.py
   OK   test_a_closed_stuffed_form_is_class_c_and_a_declared_c_is_never_lowered
   OK   test_a_full_make_request_is_never_priced_as_a_swatch
   OK   test_a_stated_finished_size_outside_tolerance_of_the_twin_blocks_certification
   OK   test_a_swatch_never_licenses_a_made_by_a_tester_claim
   OK   test_class_a_meets_the_automated_threshold_without_any_physical_test
   OK   test_class_b_certifies_but_its_live_sale_requirement_is_a_partial_test_not_a_full_make
   OK   test_class_c_is_blocked_on_a_bound_swatch_and_granted_on_a_bound_full_make
   OK   test_every_launch0_and_garment_size_statement_is_inside_tolerance
   OK   test_evidence_classes_are_distinct_and_only_a_full_make_contains_a_partial
   OK   test_first_customer_tier_requires_the_class_its_risk_needs
   OK   test_graded_garments_are_at_least_class_b
   OK   test_launch0_tiers_are_derived_from_features_not_typed
   OK   test_readiness_states_the_risk_based_requirement_blocked_on_a_tester_with_a_spend_spec
   OK   test_runtime_full_make_unblocks_class_c_and_a_material_change_queues_one_retest
   OK   test_runtime_swatch_without_scope_is_recorded_partial_and_does_not_unblock_class_c
   OK   test_scope_maps_to_a_class_and_a_full_make_must_be_measured
   OK   test_the_parked_sample_request_is_a_tester_spend_approval_not_owner_crochet
== tests/test_roi.py
   OK   test_a_candidate_that_cannot_say_what_would_count_as_working_is_refused
   OK   test_a_catalogue_of_designs_drawing_on_nothing_is_visible_as_restarting
   OK   test_a_change_promoted_this_morning_is_too_early_not_a_failure
   OK   test_a_design_cannot_cite_knowledge_the_company_does_not_have
   OK   test_a_design_that_drew_on_nothing_is_recorded_not_forbidden
   OK   test_a_free_change_with_real_expected_impact_outranks_a_paid_one
   OK   test_a_promotion_whose_metric_did_not_move_is_a_cost_with_no_return
   OK   test_compounding_is_unmeasurable_until_designs_record_what_they_drew_on
   OK   test_designs_standing_on_accumulated_lessons_are_counted_as_such
   OK   test_direction_follows_the_cell_not_the_arithmetic
   OK   test_nothing_promoted_says_so_rather_than_reporting_a_hit_rate
   OK   test_production_measuring_better_than_the_baseline_is_a_return
   OK   test_production_measuring_worse_than_the_baseline_is_a_regression
   OK   test_the_sandbox_number_that_won_the_promotion_is_not_read_as_the_return
== tests/test_roles.py
   OK   test_a_busy_swarm_that_moved_nothing_totals_zero
   OK   test_a_judge_may_not_rule_on_its_own_proposal
   OK   test_a_judging_role_cannot_propose
   OK   test_a_meta_agent_may_run_nothing_but_its_own_job_type
   OK   test_a_pass_by_an_agent_that_is_not_a_role_is_refused
   OK   test_a_permitted_trade_passes
   OK   test_a_proposal_that_weakens_a_gate_is_refused_by_the_existing_boundary
   OK   test_a_rejected_proposal_scores_zero_and_never_negative
   OK   test_a_role_that_proposed_and_judged_would_be_refused_at_construction
   OK   test_a_role_without_judging_power_cannot_judge
   OK   test_activity_cannot_become_a_score
   OK   test_an_invented_role_is_refused
   OK   test_an_open_trade_vocabulary_is_refused
   OK   test_every_registered_handler_is_runnable_by_some_agent
   OK   test_every_role_has_a_cadence_and_the_cadence_names_the_role_as_its_agent
   OK   test_every_role_has_an_agent_and_every_meta_agent_has_a_role
   OK   test_every_role_is_measured_by_an_uplift_and_not_a_count
   OK   test_every_role_reports_unmeasured_on_an_empty_database_rather_than_activity
   OK   test_every_role_says_what_it_reads
   OK   test_every_role_the_requirement_names_exists
   OK   test_kept_but_unrealised_is_pending_rather_than_zero_uplift
   OK   test_more_kept_than_proposed_is_refused
   OK   test_no_role_both_proposes_and_judges
   OK   test_no_role_may_trade_deterministic_validation
   OK   test_nothing_proposed_is_unmeasured_rather_than_a_failure
   OK   test_state_lists_the_refusals_and_the_modules_it_operates
   OK   test_the_cost_optimiser_may_not_buy_its_savings_from_reliability
   OK   test_the_count_is_reported_and_stated_to_be_excluded
   OK   test_the_creative_critic_only_annotates
   OK   test_the_evaluator_may_rule_on_somebody_elses_proposal
   OK   test_the_meta_agents_are_green_and_cheap
   OK   test_the_only_permitted_job_types_without_handlers_are_the_declared_ones
   OK   test_the_reliability_engineer_may_not_buy_uptime_from_the_business
   OK   test_the_report_names_unstaffed_roles_rather_than_omitting_them
   OK   test_the_two_opposed_roles_guard_against_each_other
== tests/test_rollforward.py
   OK   test_a_roll_forward_prefers_the_soonest_occasion_that_can_repay_it
   OK   test_an_occasion_holds_both_while_a_lane_is_open
   OK   test_an_occasion_in_the_past_never_receives_anything
   OK   test_an_occasion_past_the_last_make_date_holds_neither
   OK   test_an_unnamed_capacity_is_refused
   OK   test_engineering_leaves_before_marketing_does
   OK   test_engineering_may_not_roll_inside_the_preparation_lead
   OK   test_engineering_may_not_roll_into_an_occasion_with_no_open_lane
   OK   test_marketing_may_not_leave_while_the_buyer_can_still_finish
   OK   test_marketing_may_not_roll_into_an_occasion_already_past
   OK   test_marketing_rolls_into_an_occasion_engineering_cannot
   OK   test_nothing_leaves_an_occasion_that_still_holds_it
   OK   test_past_the_floor_demand_is_zero_by_construction_not_by_measurement
   OK   test_rolling_an_occasion_into_itself_is_refused
   OK   test_state_credits_the_module_that_already_did_most_of_this
   OK   test_the_ledger_names_the_gap_between_the_clocks
   OK   test_the_plan_keeps_its_refusals_rather_than_filtering_them
   OK   test_the_real_calendar_today_has_an_occasion_in_the_gap
   OK   test_the_structural_floor_is_computed_and_the_decay_is_not
== tests/test_route_auth_default_deny.py
   /home/user/Project-Money/brambleloop/.venv/lib/python3.11/site-packages/fastapi/testclient.py:1: StarletteDeprecationWarning: Using `httpx` with `starlette.testclient` is deprecated; install `httpx2` instead.
     from starlette.testclient import TestClient as TestClient  # noqa
   OK   test_every_mutating_route_has_the_gate_or_a_written_exemption
   OK   test_the_allow_lists_name_real_routes
   OK   test_refusal_status_matches_each_routes_contract
   OK   test_every_gated_route_refuses_and_changes_nothing
   OK   test_the_audit_routes_work_with_the_credential
   OK   test_operator_gets_refuse_without_the_credential
   OK   test_public_reads_stay_public
   7/7 passed in 75s
== tests/test_rowcycle.py
   OK   test_a_cycle_is_never_claimed_where_the_rows_differ
   OK   test_a_cycle_that_would_save_too_little_is_not_worth_it
   OK   test_a_deleted_repeat_instruction_is_caught
   OK   test_a_nonsensical_repeat_instruction_is_refused
   OK   test_a_pattern_that_prints_every_row_still_says_so
   OK   test_a_pattern_with_no_repetition_has_no_cycle
   OK   test_a_repeat_pointing_at_rows_that_were_never_printed_is_refused
   OK   test_a_short_pattern_is_left_alone
   OK   test_a_single_further_pass_reads_as_once_more
   OK   test_a_tampered_repeat_count_is_caught
   OK   test_a_tampered_repeat_range_is_caught
   OK   test_a_tampered_row_inside_the_repeated_block_is_caught_in_every_pass
   OK   test_an_expanded_row_keeps_its_skips
   OK   test_every_design_collapses_and_reverse_compiles_clean
   OK   test_expanding_a_cycle_whose_rows_are_missing_is_an_error
   OK   test_expansion_restores_exactly_the_rows_that_were_collapsed
   OK   test_rows_that_differ_only_in_their_loop_are_not_one_instruction
   OK   test_the_flagship_has_a_real_cycle
   OK   test_the_flagship_prints_a_fraction_of_its_rows
   OK   test_the_instruction_gives_the_maker_a_checkpoint
   OK   test_the_listing_does_not_promise_a_printed_line_for_every_row
   OK   test_the_reader_understands_what_the_writer_wrote
== tests/test_run_tests_script.py
   OK   test_a_dirty_tree_is_recorded_as_dirty_and_refused_under_require_clean
   OK   test_a_filtered_run_executes_only_the_named_suites_and_an_unknown_name_runs_nothing
   OK   test_a_json_run_record_and_a_full_log_copy_are_written_where_the_log_says
   OK   test_a_second_identical_run_reports_the_running_one_and_exits_without_running
   OK   test_a_stale_lock_from_a_dead_process_is_taken_over_and_said
   OK   test_an_interrupted_run_is_recorded_as_interrupted_and_releases_its_lock
   OK   test_only_a_full_clean_green_run_on_an_unmoved_head_can_be_release_eligible
   OK   test_the_log_opens_and_closes_with_sha_tree_state_utc_times_and_totals
   OK   test_then_full_chains_into_the_unfiltered_run_when_the_targeted_suites_pass
   OK   test_then_full_does_not_start_the_full_run_when_the_targeted_suites_fail
== tests/test_runrate.py
   OK   test_a_cost_with_no_job_stays_unattributed_rather_than_spread
   OK   test_a_production_plan_cannot_be_priced_from_an_assumed_unit_cost
   OK   test_a_working_listing_nobody_sees_is_a_traffic_constraint
   OK   test_agent_minutes_are_reported_as_well_as_dollars
   OK   test_allowable_cac_is_set_against_contribution_not_revenue
   OK   test_an_artefact_produced_by_uncosted_work_is_not_reported_as_cheap
   OK   test_both_of_the_ratios_31_names_are_reported_even_when_one_side_is_zero
   OK   test_contribution_rate_can_reverse_a_revenue_per_visitor_ranking
   OK   test_impressions_that_do_not_become_visits_are_the_thumbnail
   OK   test_required_visits_come_only_from_an_observed_conversion_rate
   OK   test_rising_defects_outrank_every_commercial_term
   OK   test_spending_with_no_contribution_is_reported_as_burning
   OK   test_the_binding_term_cannot_be_named_from_terms_nobody_measured
   OK   test_the_dearer_product_wins_and_the_conversion_ranking_disagrees
   OK   test_the_target_is_four_companies_rather_than_one_plan
== tests/test_scale.py
   OK   test_a_scenario_built_on_an_assumed_rate_is_never_evidence_supported
   OK   test_a_sophisticated_system_that_has_sold_nothing_reports_unmeasured
   OK   test_an_early_fluke_cannot_become_a_plan
   OK   test_an_empty_portfolio_is_not_a_diversified_one
   OK   test_every_count_satisfied_and_one_condition_missing_still_closes_the_gate
   OK   test_every_scenario_states_both_gross_and_contribution
   OK   test_no_caller_can_argue_the_model_upward_without_orders_in_the_ledger
   OK   test_required_visits_account_for_repeat_and_off_platform_orders
   OK   test_seventy_five_percent_is_unreachable_while_the_evidence_standard_is_unmet
   OK   test_the_acquisition_rung_is_read_from_traffic_rather_than_claimed
   OK   test_the_binding_constraint_is_ranked_by_share_rather_than_by_gap
   OK   test_the_gate_opening_is_what_finally_allows_a_high_number
   OK   test_the_ladder_is_a_minimum_so_one_fatal_layer_cannot_be_averaged_away
== tests/test_schematic.py
   OK   test_a_garment_pdf_explains_its_construction_before_the_instructions
   OK   test_a_one_piece_product_has_no_schematic
   OK   test_every_join_between_pieces_is_an_arrow_with_its_measured_length
   OK   test_every_label_is_the_footprints_own_number
   OK   test_the_pdf_carries_a_schematic_page_for_a_multi_piece_design
   
   PASS: 0 failing
== tests/test_search_certificate_integrity.py
   OK   test_every_required_check_must_have_explicit_evidence
   OK   test_malformed_or_unknown_checks_cannot_pass
   0 failed
== tests/test_search_hero_publish.py
   OK   test_certify_assets_seo_grant_publish_creates_exactly_one_draft_with_no_forced_verdict 80.0s
   OK   test_no_certified_listing_set_means_no_hero_pass_and_publish_makes_no_request 4.9s
   OK   test_a_failing_hero_refuses_and_publish_makes_no_request 7.3s
   OK   test_a_superseded_set_or_an_edited_listing_makes_the_stored_pass_stale 0.1s
   4/4 passing
== tests/test_search_truth.py
   OK   test_a_keyword_dump_description_is_refused
   OK   test_a_long_title_is_a_soft_readability_finding_not_a_block
   OK   test_a_non_english_tag_is_refused_without_a_translation_record
   OK   test_a_parent_of_a_valid_deeper_node_is_refused
   OK   test_a_recency_only_renewal_is_refused
   OK   test_a_seasonal_product_sets_its_holiday_and_an_evergreen_one_does_not
   OK   test_a_stuffed_title_is_refused_and_build_title_never_repeats_a_word
   OK   test_a_tag_edit_after_certification_makes_the_search_gate_refuse
   OK   test_a_tag_or_taxonomy_edit_changes_the_claims_the_certificate_is_bound_to
   OK   test_a_tree_with_no_crochet_pattern_node_is_unknown
   OK   test_an_unruled_property_leaves_the_attributes_incomplete
   OK   test_assumed_phrases_are_labelled_and_excluded_from_the_evidence_share
   OK   test_attribute_truth_rejects_irrelevant_occasion_foreign_colour_and_wrong_skill
   OK   test_easy_is_never_tagged_on_an_intermediate_pattern_nor_finished_item_phrasing
   OK   test_every_catalogue_seed_gets_thirteen_truthful_tags
   OK   test_every_property_of_the_node_is_set_or_explicitly_not_applicable
   OK   test_fewer_than_thirteen_tags_block_unless_a_limitation_is_recorded
   OK   test_listing_seo_drafts_thirteen_tags_and_records_an_unknown_category_without_a_snapshot
   OK   test_no_snapshot_is_unknown_and_never_taxonomy_66
   OK   test_parent_category_phrases_count_as_covered_by_the_category_field
   OK   test_publish_refuses_when_search_is_not_certified
   OK   test_subjective_words_move_out_of_the_title
   OK   test_tags_never_repeat_a_phrase_the_structured_fields_supply
   OK   test_the_coverage_matrix_names_the_supplying_field_for_every_query
   OK   test_the_deepest_crochet_pattern_node_is_chosen_per_product
   OK   test_the_description_opens_with_key_phrases_without_copying_the_title
   OK   test_the_filter_audit_shows_the_filters_entered_and_lost
   OK   test_the_refresh_is_an_honest_noop_while_the_etsy_api_gate_is_closed
   OK   test_the_refresh_stores_a_snapshot_from_recorded_responses_and_confirms_it_after
   OK   test_the_search_certificate_refuses_an_unknown_category_and_pends_on_the_hero
   OK   test_the_taxonomy_cadence_is_scheduled_handled_and_permitted
   OK   test_with_a_snapshot_listing_seo_chooses_the_node_and_writes_the_property_payload
   
     32 passing, 0 failing
   The following objects are still open and will now be closed: [<PdfDocument 0x7f9fc5c65810 from <bytes object at 0x18aa5d10>>, <PdfDocument 0x7f9fc5ce84d0 from <bytes object at 0x18aa5d10>>]
== tests/test_search_visibility.py
   OK   test_intake_refuses_without_a_live_listing_and_refuses_unknown_listings
   OK   test_a_code_change_never_clears_only_a_later_complete_reading_does
   OK   test_a_still_listed_item_is_not_cleared
   /home/user/Project-Money/brambleloop/.venv/lib/python3.11/site-packages/fastapi/testclient.py:1: StarletteDeprecationWarning: Using `httpx` with `starlette.testclient` is deprecated; install `httpx2` instead.
     from starlette.testclient import TestClient as TestClient  # noqa
   OK   test_the_route_is_operator_guarded
   OK   test_the_watch_is_inert_in_shadow_and_daily_for_seven_days_after
== tests/test_seasonal_cycle.py
   OK   test_a_buyer_who_cannot_finish_in_time_fails_the_cycle_however_green_the_rest
   OK   test_a_cycle_that_completes_says_so_only_when_the_buyer_arithmetic_holds
   OK   test_a_gated_step_is_named_and_never_simulated
   OK   test_a_launch_date_that_has_passed_cannot_satisfy_launched_early_enough
   OK   test_a_model_frames_floors_are_reported_as_themselves
   OK   test_an_asset_maker_closes_the_link_and_the_endpoint_never_gets_one
   OK   test_an_unobserved_benchmark_cannot_start_a_cycle
   OK   test_our_own_unfinished_work_fails_the_cycle_instead_of_gating_it
   OK   test_the_assets_step_evidences_this_cycles_product_and_never_another
   OK   test_the_cycle_runs_every_link_it_can_and_names_the_ones_it_cannot
   OK   test_the_deploy_re_ask_stops_asking_once_the_chain_closes
   OK   test_the_makers_own_refusal_outranks_the_structural_guess
   OK   test_the_proof_job_hands_the_cycle_a_gateway_and_refuses_when_it_cannot
   OK   test_the_verdict_is_the_weakest_link_rather_than_a_count_of_green_ticks
   OK   test_with_no_generator_the_cycle_stops_and_says_which_capability
== tests/test_seasonal_incidents.py
   OK   test_a_calendar_row_closes_when_the_occasion_passes_or_nothing_targets_it
   OK   test_a_genuinely_late_product_still_raises_the_calendar_and_evidence_closes_it
   OK   test_a_product_is_scheduled_only_against_the_occasion_it_is_for
   OK   test_an_at_risk_row_is_restated_the_next_day_and_closes_as_missed_with_the_next_window
   OK   test_preparation_is_overdue_only_without_evidence_and_closes_when_it_starts
   OK   test_preparation_with_evidence_is_never_raised
== tests/test_seasonal_transform.py
   OK   test_a_complete_engineered_transformation_passes
   OK   test_a_flagship_transformation_still_owes_a_wow_mechanism
   OK   test_a_motif_a_trim_or_a_companion_is_a_pattern
   OK   test_a_motif_outside_the_seasons_grammar_does_the_seasons_work_for_nobody
   OK   test_a_palette_change_is_a_photograph_not_a_pattern
   OK   test_a_presentation_only_transformation_has_no_child_concept
   OK   test_a_season_with_no_motif_grammar_is_refused
   OK   test_a_transformation_with_no_layers_is_a_season_name
   OK   test_a_transformation_with_problems_cannot_become_a_concept
   OK   test_a_variant_built_only_from_the_saturated_motifs_is_named_as_the_commodity
   OK   test_an_engineered_variant_with_no_emotional_promise_is_refused
   OK   test_gift_context_and_collection_story_change_the_listing_not_the_object
   OK   test_listing_copy_is_not_an_execution
   OK   test_motifs_cannot_be_smuggled_into_a_presentation_only_transformation
   OK   test_one_object_changing_layer_makes_the_whole_transformation_an_engineering_job
   OK   test_the_engine_turns_a_concept_the_jury_kills_into_one_it_does_not
   OK   test_the_ladder_puts_the_cheap_transformations_first
   OK   test_the_striped_cardigan_example_produces_three_photographs_and_one_product
   OK   test_the_survey_covers_every_season_the_company_can_describe
== tests/test_secret_scan.py
   OK   test_a_credential_inside_a_compressed_pdf_stream_is_found
   OK   test_a_finding_never_contains_the_matched_value
   OK   test_each_credential_family_is_detected_by_its_pattern
   OK   test_every_allow_list_entry_still_matches_something_so_the_list_cannot_rot
   OK   test_no_credential_shaped_string_in_tracked_files_evidence_or_generated_artefacts
   OK   test_placeholders_and_templated_headers_are_not_findings
   OK   test_the_scan_includes_untracked_and_generated_files_not_only_what_git_tracks
== tests/test_serp.py
   OK   test_a_query_captured_recently_is_not_read_again
   OK   test_a_snapshot_records_rank_price_images_and_its_basis
   OK   test_an_undeclared_ordering_or_an_unscoped_search_is_refused
   OK   test_changes_report_entrants_exits_and_directional_movement
   OK   test_no_credential_captures_nothing_and_says_why
   OK   test_search_behaviour_is_fed_as_a_labelled_proxy_once_a_query_has_moved
   OK   test_target_queries_come_from_the_pod_vocabulary
   OK   test_the_handler_reports_blocked_without_a_credential
   OK   test_the_search_endpoint_is_allowlisted_on_the_api_key_alone
   OK   test_thumbnails_are_refused_without_demonstrated_vision
   OK   test_top_thumbnails_are_judged_one_per_call_and_stored_as_composition
== tests/test_shadow.py
   OK   test_a_concept_whose_maths_fails_dies_at_compile
   OK   test_a_modified_shared_cycle_is_refused_rather_than_silently_read
   OK   test_a_product_that_stops_certifying_has_its_listing_withdrawn
   OK   test_audit_trail_covers_the_whole_chain
   OK   test_full_product_runs_end_to_end_without_intervention
   OK   test_open_incident_halts_certification
   OK   test_scheduler_is_idempotent_within_a_window
   OK   test_shadow_mode_refuses_to_publish
   OK   test_worker_denies_a_job_an_agent_may_not_run
   OK   test_worker_survives_a_handler_that_explodes
== tests/test_shadow_rehearsal.py
   [               PASS] boot: {'mode': 'in-process Worker (fast)', 'phase': 'shadow', 'note': 'fast mode: the production start command was NOT booted'}
   [               PASS] chain.jobs: {'jobs': 8, 'wait': None}
   [               PASS] cir.compile: {'job': 1, 'status': 'done', 'last_error': ''}
   [               PASS] gate.certify: {'job': 2, 'status': 'done', 'last_error': ''}
   [               PASS] assets.build: {'job': 5, 'status': 'done', 'last_error': ''}
   [               PASS] listing.seo: {'job': 7, 'status': 'done', 'last_error': ''}
   [REFUSED_AS_EXPECTED] store.publish[shadow]: {'job': 10, 'status': 'dead', 'last_error': 'capability not enabled: store.publish is a production capability; the system is in SHADOW mode and has no live Etsy
   [               PASS] network[shadow]: {'guard_installed': True, 'refused_attempts': 0}
   [            BLOCKED] owner_publication_grant: ValueError: certified listing taxonomy UNKNOWN; default fallback prohibited
   [            BLOCKED] store.publish[past-shadow]: {'job': 11, 'status': 'dead', 'last_error': 'capability not enabled: store.publish is a production capability; the system is in SHADOW mode and has no live Etsy
   [               PASS] network[past-shadow]: {'refused_attempts': 0, 'fake_requests': 0}
   [               PASS] orders.ingest: {'job': {'id': 12, 'status': 'done', 'last_error': ''}, 'orders': 1, 'feed_calls': 1, 'receipt_listing_id': 'rehearsal-unpublished-listing', 'version_mapped': F
   [               PASS] support.case: {'triage_job': {'id': 14, 'status': 'done', 'last_error': ''}, 'reply_jobs': [{'id': 15, 'job_type': 'support.reply', 'status': 'done', 'last_error': '', 'input
   [               PASS] ledger: {'sale_entries': 1, 'reconcile_job': {'id': 16, 'status': 'done', 'last_error': ''}}
   OK   test_complete_means_every_required_step_passed_or_refused_as_designed
   OK   test_every_required_step_has_an_outcome_and_db_proof
   OK   test_order_support_and_ledger_run_on_the_rehearsed_product
   OK   test_the_past_shadow_outcome_is_honest_either_way
   OK   test_the_shadow_chain_certifies_builds_and_is_refused_at_publish
== tests/test_shaping.py
   OK   test_a_bind_off_that_claims_missing_stitches_is_refused
   OK   test_a_bind_off_with_a_held_shoulder_compiles_and_is_resumed
   OK   test_a_taper_lands_exactly_on_its_target_and_compiles
   OK   test_a_taper_round_trips_through_the_written_pattern
   OK   test_distribute_is_exact_and_even
   OK   test_geometry_measure_reads_a_taper_worked_in_rounds
   OK   test_impossible_tapers_are_refused
   OK   test_the_twin_sees_a_flat_taper_as_a_shaped_outline
   
   PASS: 0 failing
== tests/test_shop_package.py
   OK   test_a_licence_that_stops_answering_the_craft_fair_question_is_caught
   OK   test_a_missing_policy_section_is_caught_by_the_storefront_check
   OK   test_a_primary_claim_must_have_been_read_and_not_merely_cited
   OK   test_a_surface_written_by_hand_is_caught
   OK   test_every_primary_claim_keeps_the_sentence_it_rests_on
   OK   test_the_about_is_checked_on_substance_rather_than_length
   OK   test_the_ai_disclosure_is_a_storefront_policy_section
   OK   test_the_ai_disclosure_is_the_gates_disclosure_and_not_a_friendlier_one
   OK   test_the_api_can_write_five_fields_and_a_person_types_the_rest
   OK   test_the_claims_that_need_a_lawyer_say_so_rather_than_being_answered
   OK   test_the_delivery_policy_answers_when_it_arrives
   OK   test_the_finished_item_question_is_first_and_answered_in_the_decided_words
   OK   test_the_package_has_nothing_wrong_with_it_and_says_what_it_measured
   OK   test_the_research_says_how_old_it_is
   OK   test_the_returns_policy_says_the_word_before_the_sale
   OK   test_the_shop_shows_the_licence_that_was_decided
   OK   test_the_tax_position_is_a_threshold_somebody_watches_not_a_guess
   OK   test_the_three_surfaces_agree_on_all_five_axes
== tests/test_specification.py
   OK   test_a_back_neck_wider_than_the_cross_back_is_refused_when_the_body_is_known
   OK   test_a_benchmark_may_be_as_incomplete_as_its_source
   OK   test_a_brambleloop_design_must_state_its_join_targets
   OK   test_a_brambleloop_design_must_state_panel_orientation
   OK   test_a_bridging_chain_needs_no_chain_gauge_because_it_adds_no_width
   OK   test_a_design_with_width_adding_chains_must_state_a_chain_gauge
   OK   test_a_plain_rectangle_of_the_benchmark_sleeves_width_is_not_a_match
   OK   test_a_raglan_whose_neck_is_most_of_its_chest_is_refused
   OK   test_any_one_identifying_benchmark_piece_is_refused_on_its_own
   OK   test_authorship_defaults_to_being_held_to_the_standard
   OK   test_certification_and_grading_refuse_a_template_that_ships_a_wide_neck
   OK   test_every_existing_catalogue_product_is_reconstructible
   OK   test_no_catalogue_product_matches_a_benchmark
   OK   test_no_genuine_brambleloop_design_is_a_false_positive
   OK   test_renaming_the_pieces_does_not_launder_the_counts
   OK   test_the_benchmark_itself_passes_because_it_is_what_it_says_it_is
   OK   test_the_benchmark_relabelled_as_brambleloop_is_refused_at_every_size
   OK   test_the_benchmarks_gaps_are_exactly_the_two_its_pattern_leaves_to_a_photograph
   OK   test_the_counts_tier_survives_relabelling_the_stitch
   OK   test_the_firewall_thresholds_are_stated
   OK   test_the_gate_refuses_an_underspecified_brambleloop_design
   OK   test_the_neck_derivation_walks_real_increases_back_to_the_neck
   OK   test_the_same_design_authored_by_brambleloop_is_refused
   OK   test_trimming_or_padding_a_few_rows_does_not_evade_the_firewall
   
   PASS: 0 failing
== tests/test_spend_governance.py
   OK   test_a_batch_checks_each_call_against_what_the_batch_has_already_spent
   OK   test_a_breached_daily_ceiling_still_records_what_was_spent
   OK   test_a_caller_that_bills_every_call_is_unaffected
   OK   test_a_container_replaced_on_the_same_commit_is_a_restart
   OK   test_a_deploy_is_not_counted_as_a_restart
   OK   test_a_dimension_nothing_writes_says_so_instead_of_reading_as_sloppiness
   OK   test_a_disk_with_no_room_for_the_next_write_is_degraded
   OK   test_a_genuine_defect_is_still_a_defect
   OK   test_a_large_disk_that_is_ninety_percent_used_is_not_a_fault
   OK   test_a_lease_nobody_is_refreshing_is_still_taken_over
   OK   test_a_long_session_keeps_its_lease_by_saying_it_is_alive
   OK   test_a_paused_scope_still_degrades_the_spend_signal
   OK   test_a_row_written_before_the_columns_existed_still_attributes_from_detail
   OK   test_a_stand_aside_is_a_refusal_everywhere_or_nowhere
   OK   test_an_agent_inside_its_ceiling_is_not_reported_as_over
   OK   test_an_agent_over_its_daily_ceiling_degrades_the_spend_signal
   OK   test_an_expired_lease_is_reclaimed_while_there_is_still_pending_work
   OK   test_an_orphan_that_keeps_dying_still_dead_letters_rather_than_spinning
   OK   test_an_unreadable_lease_does_not_wedge_every_session_after_it
   OK   test_an_unreported_disk_is_unknown_rather_than_healthy
   OK   test_boots_outside_the_window_are_not_counted
   OK   test_counts_are_counted_by_the_database_rather_than_loaded_into_python
   OK   test_department_is_read_from_the_column_the_single_writer_actually_writes
   OK   test_every_dimension_says_where_its_number_came_from
   OK   test_modelled_unknown_and_unbilled_spend_all_count_against_the_ceiling
   OK   test_no_configured_scope_is_not_evidence_that_the_ceilings_are_on
   OK   test_spend_by_a_name_that_is_not_an_agent_is_reported_rather_than_dropped
   OK   test_spend_today_is_reported_beside_the_ceiling_it_is_supposed_to_respect
   OK   test_the_container_counts_the_temporary_directories_its_own_handlers_left
   OK   test_the_daily_window_is_the_utc_day_not_the_hosts_local_one
   OK   test_the_headroom_it_reports_is_the_headroom_after_the_batch
   OK   test_the_holder_re_acquiring_is_not_refused_its_own_lease
   OK   test_the_refusal_itself_is_unchanged
   OK   test_the_spend_signal_reports_the_ceiling_that_is_actually_live
   OK   test_the_spend_signal_says_what_it_cannot_see
   OK   test_two_sessions_cannot_both_hold_the_lease
== tests/test_spend_policy.py
   OK   test_a_call_with_no_reservation_is_counted_separately_from_a_variance_of_zero
   OK   test_a_ceiling_is_not_a_target_and_the_policy_says_so
   OK   test_a_cheap_tier_task_survives_being_asked_why
   OK   test_a_downgrade_argued_from_cost_is_refused_by_name
   OK   test_a_purpose_that_can_run_away_stops_at_its_share
   OK   test_a_purpose_with_no_allocation_is_not_capped
   OK   test_an_escalation_carries_all_six_fields_the_owner_asked_for
   OK   test_an_unknown_priority_is_refused_rather_than_waved_through
   OK   test_an_untroubled_month_asks_for_nothing
   OK   test_every_dimension_the_owner_asked_for_is_a_column_rather_than_a_json_key
   OK   test_every_priority_the_owner_named_records_what_may_not_be_traded
   OK   test_no_module_hardcodes_a_ceiling_literal
   OK   test_stopping_at_the_cap_names_the_constrained_work_rather_than_degrading
   OK   test_the_cap_returns_rather_than_raising_because_the_caller_is_a_drain_loop
   OK   test_the_ceiling_is_written_once_and_everything_else_reads_it
   OK   test_the_environment_may_lower_the_ceiling_and_never_raise_it
   OK   test_the_escalation_fires_before_the_first_refusal_rather_than_at_it
   OK   test_the_gallery_task_is_not_on_the_cheap_tier
   OK   test_the_judgements_that_decide_what_ships_are_on_the_deep_tier
   OK   test_the_projection_says_it_is_arithmetic_rather_than_a_forecast
   OK   test_the_report_answers_by_every_dimension
   OK   test_the_reservation_is_kept_beside_the_bill
   OK   test_unknown_spend_is_counted_rather_than_dropped
   OK   test_waste_is_refused_at_any_budget_and_is_not_a_saving
== tests/test_stitch_identity.py
   OK   an sc twin builds single crochets
   OK   and not one of them is a half double
   OK   a single crochet names no third loop
   OK   every built stitch carries exactly the stitch the CIR cell ordered
   OK   the hdc cardigan still builds half doubles
   OK   with 25 stitches and 4 turns on the 5x5, as before
   OK   and every half double names its third loop
   OK   a dc twin is refused by name
   OK   a tr twin is refused by name
   OK   an increase is refused by name rather than drawn as two plain stitches
   OK   a piece worked in the round is refused rather than laid as flat rows
   OK   sc 5x5 at Launch-0 basket gauge: every stitch linked
   OK   sc 5x5 at Launch-0 basket gauge: every stitch shaped like a single crochet
   OK   sc 5x5 at Launch-0 basket gauge: clear of the contact floor
   OK   sc 5x5 at Launch-0 basket gauge: the validator passes it
   OK   sc 5x5 at a loose sc gauge: every stitch linked
   OK   sc 5x5 at a loose sc gauge: every stitch shaped like a single crochet
   OK   sc 5x5 at a loose sc gauge: clear of the contact floor
   OK   sc 5x5 at a loose sc gauge: the validator passes it
   OK   a correctly built sc has no shape complaint
   OK   an 'sc' that names a third loop is called a half double wearing the wrong label
   OK   an hdc relabelled 'sc' is caught: it names a third loop a single crochet cannot have
   OK   with the hdc cell reinstated for sc, the shape check rejects every stitch as a relabel
   OK   the certified flat, with itself as reference, passes in the carried frame and names it
   OK   a rigid 40-degree rotation changes nothing physical and both frames say so
   OK   a third loop lifted 0.35H is caught in the carried frame -- the rigid fit over the whole stitch cannot hide one loop that moved
   OK   and in the neighbour frame too
   OK   THE DEFECT, PINNED: on a folded fabric of intact stitches the neighbour frame reports eversions that are not there, and the carried frame reports none
   OK   `rigid_rotation` is a proper rotation that recovers a known one
   
     29 passing, 0 failing
== tests/test_storefront_fb4.py
   OK   test_the_drafted_storefront_passes_its_seo_check
   OK   test_a_stuffed_tagline_fails
   OK   test_a_category_silent_tagline_fails
   OK   test_a_keyword_stuffed_about_fails_and_readiness_reads_it
   OK   test_the_opening_grid_refuses_uncleared_and_legacy_filler
   OK   test_season_first_then_strongest_first_with_the_basis_labelled
   OK   test_the_first_screen_shows_more_than_one_price_rung
   OK   test_an_empty_grid_and_an_unjudgeable_grid_are_not_ready
   OK   test_grid_coherence_is_run_on_the_visible_window
   OK   test_readiness_registers_the_new_storefront_requirements
   OK   test_the_simulated_icon_is_legible_at_40_and_70_px
   OK   test_a_wordmark_at_the_left_edge_is_cut_by_the_phone_crop
   OK   test_the_announcement_opening_must_fit_a_phone
   OK   test_the_preview_uses_certified_frames_and_never_claims_live_inspection
   OK   test_legal_identity_is_unknown_and_never_invented
   OK   test_an_unsourced_difference_is_refused_and_a_cited_one_must_be_on_file
   OK   test_the_storefront_check_refuses_a_stale_identity
== tests/test_style_learning.py
   OK   test_a_generated_style_cannot_be_preferred_for_a_proof_frame
   OK   test_a_promotion_that_changes_product_truth_policy_or_identity_is_refused
   OK   test_a_seeded_database_measures_every_metric_by_style
   OK   test_a_style_on_too_few_listings_is_unmeasured_however_many_impressions
   OK   test_an_empty_database_is_unmeasured_with_reasons_and_minimums
   OK   test_impossible_outcomes_are_refused
   OK   test_promotion_records_a_measured_winner_as_a_preference
   OK   test_tagging_is_deterministic_from_the_frame_record
   OK   test_the_daily_pass_promotes_only_the_measured_winner
   OK   test_the_loser_is_not_promoted_and_nothing_is_promoted_without_data
   OK   test_the_minimum_n_boundary_n_minus_one_refuses_and_n_measures
== tests/test_substitution.py
   OK   test_a_colourway_nobody_stated_in_hex_is_unmeasurable_rather_than_fine
   OK   test_a_pattern_with_no_gauge_gets_no_substitution_guidance
   OK   test_across_fibres_it_gives_a_direction_and_refuses_a_number
   OK   test_contrast_is_checked_on_lightness_because_a_thumbnail_is_nearly_greyscale
   OK   test_gauge_decides_which_weights_substitute_not_the_name_on_the_band
   OK   test_the_guidance_block_is_computed_from_the_pattern_and_not_written_about_it
   OK   test_the_obvious_yardage_arithmetic_is_the_wrong_one
== tests/test_swarm.py
   OK   test_a_band_is_never_traded_away_for_value
   OK   test_an_idle_agent_takes_the_backlog_rather_than_polling_or_stopping
   OK   test_fan_out_is_bounded_by_money_rather_than_by_a_headcount_constant
   OK   test_retirement_preserves_what_a_cell_learned_before_retiring_it
   OK   test_three_identical_observations_stop_the_loop
   OK   test_unowned_work_is_a_query_with_a_name
== tests/test_swarm_runtime.py
   OK   test_a_lane_whose_ceiling_is_spent_is_inactive_and_the_backlog_skips_it
   OK   test_an_idle_queue_takes_the_highest_value_standing_items_once
   OK   test_every_agent_has_a_quality_metric_and_a_retirement_condition
   OK   test_every_runnable_job_type_has_a_band_decided_rather_than_defaulted
   OK   test_orphaned_work_is_reassigned_or_surfaced_with_evidence
   OK   test_the_allocation_is_recorded_per_lane_and_bounded_by_the_ceiling
   OK   test_the_backlog_is_idempotent_within_a_window
   OK   test_the_queue_claims_by_band_when_the_band_is_the_priority
   OK   test_the_review_handler_reads_job_outcomes_and_applies_the_condition
   /home/user/Project-Money/brambleloop/.venv/lib/python3.11/site-packages/fastapi/testclient.py:1: StarletteDeprecationWarning: Using `httpx` with `starlette.testclient` is deprecated; install `httpx2` instead.
     from starlette.testclient import TestClient as TestClient  # noqa
   OK   test_the_runtime_routes_report_what_the_handlers_decided
== tests/test_takeover.py
   OK   test_a_listed_surface_that_says_nothing_is_refused
   OK   test_a_takeover_left_up_after_its_occasion_is_named
   OK   test_a_takeover_that_changes_the_wordmark_is_refused
   OK   test_a_takeover_with_no_event_is_refused
   OK   test_a_valid_plan_carries_its_schedule_and_what_it_held_constant
   OK   test_an_overdue_transition_is_named_rather_than_counted
   OK   test_every_takeover_has_an_end_date_scheduled_with_its_start
   OK   test_policy_text_is_an_invariant_because_it_is_a_promise
   OK   test_surfaces_do_not_all_transition_on_the_same_date
   OK   test_the_calendar_rolls_up_what_is_overdue_across_events
   OK   test_the_dates_come_from_the_collection_calendar_not_from_taste
== tests/test_teams.py
   OK   test_a_fourth_team_brings_rows_rather_than_enthusiasm
   OK   test_a_priority_programme_with_neither_a_team_nor_a_reason_is_refused
   OK   test_a_team_whose_occasion_has_passed_releases_its_capacity_by_itself
   OK   test_a_team_with_no_capacity_is_refused_as_an_org_chart_entry
   OK   test_an_unearned_team_is_named_in_the_allocation_rather_than_dropped
   OK   test_capacity_released_by_one_occasion_is_available_to_the_next
   OK   test_evergreen_work_keeps_its_reserve
   OK   test_every_team_holds_a_share_and_the_shares_fit
   OK   test_overlapping_occasions_scale_rather_than_overrun
   OK   test_teams_that_would_overrun_the_company_are_refused
   OK   test_the_named_events_have_standing_teams
   OK   test_the_priority_programme_keeps_the_largest_share
== tests/test_teardown.py
   OK   test_a_finding_with_no_action_is_refused_because_that_is_a_review
   OK   test_a_reader_cannot_walk_out_of_the_library
   OK   test_an_observation_that_is_really_the_competitors_pattern_is_refused
   OK   test_intake_infers_what_it_can_and_asks_only_for_what_it_cannot
   OK   test_intake_never_opens_a_file_it_only_hashes_it
   OK   test_parity_with_the_composite_is_refused_as_a_position
   OK   test_pattern_generation_cannot_read_the_benchmark_library
   OK   test_the_composite_refuses_to_be_one_sellers_product_with_extra_steps
   OK   test_the_delight_question_is_answered_from_drivers_not_from_the_mean
   OK   test_the_improvement_queue_leads_with_what_the_competitor_does_best
   OK   test_the_manifest_is_generated_and_says_what_the_files_are_not_for
   OK   test_the_promise_audit_judges_only_what_filenames_can_settle
== tests/test_teardown_audits.py
   OK   test_a_critical_dimension_left_unscored_cannot_pass_the_challenge_by_omission
   OK   test_a_deliberate_tradeoff_unblocks_the_gate_only_when_it_names_what_was_gained
   OK   test_a_finding_becomes_a_hypothesis_owned_by_a_cell_and_never_twice
   OK   test_a_finding_cannot_smuggle_a_gate_weakening_past_the_improvement_boundary
   OK   test_a_mechanism_that_is_really_the_competitors_pattern_is_refused
   OK   test_a_partial_schedule_is_refused_rather_than_averaged
   OK   test_a_strength_with_no_answer_is_recorded_as_unanswered_rather_than_invented
   OK   test_an_audit_the_product_never_promised_is_refused_not_scored_zero
   OK   test_an_extreme_score_with_no_mechanism_is_refused_and_a_competent_one_is_not
   OK   test_an_undeclared_surface_or_a_missing_way_back_is_refused_before_the_work
   OK   test_an_unrun_challenge_blocks_the_release_rather_than_passing_it
   OK   test_every_audit_is_a_closed_schedule_feeding_a_dimension_that_already_exists
   OK   test_every_dimension_has_an_accountable_improvement_cell
   OK   test_materially_inferior_on_a_critical_dimension_blocks_the_release
   OK   test_the_audits_feed_the_composite_standard_rather_than_a_second_one
   OK   test_the_challenge_is_shaped_so_launch_readiness_can_block_on_it
   OK   test_the_funnel_counts_measured_improvements_rather_than_filed_findings
   OK   test_the_manifest_answers_what_filenames_can_settle
   OK   test_the_publishing_standard_is_absent_rather_than_lenient_before_a_purchase
   OK   test_the_publishing_standard_takes_the_best_benchmark_and_requires_beating_it
   OK   test_the_summary_reports_the_weakest_element_as_well_as_the_mean
== tests/test_teardown_proof_run.py
   OK   test_a_dimension_absent_from_the_fixture_is_named_rather_than_counted_as_proven
   OK   test_it_drives_every_stage_on_real_documents
   OK   test_it_reports_what_it_read_rather_than_that_it_ran
   OK   test_it_says_what_it_does_not_prove
   OK   test_readiness_blocks_the_purchase_until_the_chain_has_been_driven
   OK   test_the_cross_set_step_needs_more_than_one_document
   OK   test_the_shaped_fixture_exercises_shaping
== tests/test_teardown_reader.py
   OK   test_a_promise_a_pdf_cannot_settle_is_unverifiable_rather_than_kept
   OK   test_a_seamless_construction_is_not_missing_the_pieces_it_never_needed
   OK   test_a_section_it_did_not_find_in_a_document_it_could_not_read_is_withheld
   OK   test_a_topic_mentioned_in_prose_is_not_a_section
   OK   test_an_unknown_form_is_unverifiable_rather_than_wrong
   OK   test_analysis_has_three_verdicts_and_unmeasurable_is_one_of_them
   OK   test_it_reads_every_page_through_the_quarantine
   OK   test_nothing_it_returns_is_a_substring_of_the_document
   OK   test_our_own_pattern_now_tells_the_maker_how_to_finish_it
   OK   test_pieces_come_from_headings_rather_than_from_prose
   OK   test_the_quarantine_still_refuses_generation_and_path_escape
   OK   test_the_self_test_is_the_proof_and_it_runs_the_whole_path
== tests/test_teardown_readiness.py
   OK   test_every_capability_the_owner_listed_is_covered
   OK   test_it_still_reports_not_ready_when_nothing_can_read_a_page
   OK   test_readiness_is_checked_rather_than_declared
   OK   test_the_four_blocking_capabilities_are_now_backed_by_a_run
   OK   test_the_halves_that_do_work_are_not_talked_down
   OK   test_the_owner_is_not_asked_to_buy_while_the_laboratory_cannot_read_a_page
   OK   test_the_two_empty_capabilities_are_reported_empty_rather_than_ticked
== tests/test_texture.py
   OK   test_a_blank_hero_is_refused_even_though_its_text_is_not_blank
   OK   test_a_bobble_is_priced_as_five_double_crochets_not_as_a_default
   OK   test_a_claim_about_floats_needs_a_row_that_works_more_than_one_colour
   OK   test_a_crossing_consumes_four_stitches_and_produces_four
   OK   test_a_missing_font_is_a_blocking_problem_rather_than_ugly_output
   OK   test_a_name_claiming_a_technique_the_fabric_does_not_work_is_refused
   OK   test_a_name_claiming_nothing_technical_is_left_alone
   OK   test_a_single_colour_textured_fabric_is_visible
   OK   test_all_three_certify
   OK   test_every_catalogue_note_survives_the_claim_check_it_is_now_subject_to
   OK   test_every_texture_design_round_trips
   OK   test_mosaic_needs_more_than_one_colour
   OK   test_post_stitches_cost_the_compiler_nothing_and_buy_ribbing
   OK   test_the_bobble_pillow_actually_bobbles_and_is_square
   OK   test_the_cable_throw_actually_crosses
   OK   test_the_certificate_reads_the_designer_notes_not_only_the_title
   OK   test_the_certificate_runs_the_technique_check
   OK   test_the_container_installs_the_fonts_the_renderer_needs
   OK   test_the_reader_refuses_a_crossing_over_the_wrong_number_of_stitches
   OK   test_the_real_heroes_are_not_flat
   OK   test_the_rebuilt_products_pass_the_check_that_blocked_them
   OK   test_the_ribbed_scarf_is_ribbed_and_is_a_scarf
   OK   test_the_shape_check_is_not_run_on_prose_and_the_reason_is_measured
   OK   test_the_writer_says_how_many_stitches_a_crossing_consumes
   OK   test_the_written_patterns_stay_readable
== tests/test_tiers.py
   OK   test_a_change_is_graded_by_its_riskiest_surface
   OK   test_a_change_that_will_not_say_what_it_touches_cannot_be_graded
   OK   test_a_second_promotion_inside_the_cooldown_is_refused
   OK   test_a_spend_change_described_as_a_scoring_tweak_is_still_a_spend_change
   OK   test_an_unknown_surface_is_graded_upward_rather_than_downward
   OK   test_declaring_a_higher_tier_than_required_is_allowed
   OK   test_each_tier_requires_the_evidence_its_failure_mode_needs
   OK   test_one_tier_spending_its_week_does_not_block_another
   OK   test_promotions_older_than_a_week_do_not_count_against_the_ceiling
   OK   test_the_ceilings_get_tighter_as_the_surface_gets_riskier
   OK   test_the_cooldown_expires
   OK   test_the_gate_tier_never_promotes_without_a_person
   OK   test_the_state_report_counts_rows_rather_than_intentions
   OK   test_the_weekly_ceiling_stops_a_company_rewriting_itself_faster_than_it_can_look
   OK   test_we_tested_it_is_not_a_kind_of_evidence
== tests/test_tools.py
   OK   test_a_flow_sent_to_everybody_measures_the_people_who_were_buying_anyway
   OK   test_a_holdout_makes_the_difference_the_flows
   OK   test_a_segment_built_on_an_open_is_built_on_a_mail_client
   OK   test_a_tool_nobody_named_is_refused
   OK   test_a_tool_that_asks_before_it_answers_is_a_capture_form
   OK   test_a_tool_with_no_path_to_anything_is_a_gift
   OK   test_all_six_flows_the_requirement_names_exist
   OK   test_an_address_after_the_answer_is_fine_and_says_so
   OK   test_every_send_goes_through_the_casl_gate
   OK   test_every_tool_names_where_its_arithmetic_lives
   OK   test_five_of_the_six_tools_are_arithmetic_this_system_already_runs
   OK   test_nobody_over_the_cap_is_reported_plainly
   OK   test_segments_come_from_something_the_subscriber_did_or_said
   OK   test_state_names_what_it_refuses_to_be_judged_on
   OK   test_the_frequency_cap_counts_the_person_rather_than_the_flow
   OK   test_there_is_no_open_rate_to_optimise
== tests/test_topology_adversarial.py
   adversarial topology
   OK   the honest fabric carries no finding except the known interpenetration
   OK   and that one finding is present, not silently gone
   OK   rejects two strands in the same place
   OK   rejects a break visible only in depth
   OK   rejects stitches lifted out of their anchors
   OK   rejects correct stitches linked to the wrong anchor
   OK   rejects front-loop geometry where the CIR says back loop
   OK   rejects rows that are not joined into one piece
   OK   rejects a straight rod substituted for a stitch
   OK   rejects a knitted loop substituted for a crochet stitch
   
   adversarial shape
   OK   rejects a single crochet substituted for a half double
   OK   rejects a stitch that stands at double crochet height
   OK   rejects a top V folded so its legs run the same way
   OK   rejects a top V with no opening between its loops
   OK   rejects a stitch that hangs instead of standing
   OK   rejects a break of two pitches between neighbouring stitches
   OK   the break is measured at the joins, not as a largest step
   OK   the honest fabric is shaped like half double crochet
   OK   the linkage verdict does not depend on the size of the fictitious closure
   OK   the derived closure is long enough that yarn cannot round its end
   OK   the closure follows the fabric's local down rather than a global axis
   OK   every verdict is invariant under rigid rotation about x
   OK   every verdict is invariant under rigid rotation about y
   OK   every verdict is invariant under rigid rotation about z
   OK   no stitch is unmeasurable for want of a frame, foundation row included
   OK   the benchmark fabric actually exercises single-loop encirclement
   OK   every single-loop stitch of an honest fabric is found linked
   OK   a strand passing beside the loop is not reported as encircling it
   
     28 passing, 0 failing
== tests/test_trajectory.py
   OK   test_a_compounding_term_dominates_a_one_off_one
   OK   test_a_different_night_is_a_different_draw
   OK   test_a_measured_model_reports_its_probability_inside_its_provenance
   OK   test_a_point_outside_its_own_range_is_a_typo_that_answers_confidently
   OK   test_a_term_left_out_is_refused_rather_than_assumed_silently
   OK   test_a_term_nobody_named_cannot_join_the_model
   OK   test_a_value_with_no_source_cannot_be_told_from_a_measurement
   OK   test_an_unmeasured_model_states_no_probability_at_all
   OK   test_sensitivity_ranks_what_the_answer_is_hostage_to
   OK   test_state_says_what_the_module_refuses_to_say
   OK   test_the_floor_is_a_share_of_the_model_rather_than_a_feeling
   OK   test_the_nightly_run_refuses_and_names_the_constraint_anyway
   OK   test_the_probability_is_never_returned_as_a_bare_number
   OK   test_the_run_carries_its_sensitivity_with_it
   OK   test_two_reads_of_the_same_night_agree
== tests/test_trust.py
   OK   test_a_finished_shop_with_counted_proof_clears_the_sequence
   OK   test_a_response_time_cannot_be_revised
   OK   test_a_sent_timing_after_a_draft_timing_is_the_lifecycle_not_a_revision
   OK   test_a_testimonial_with_no_row_behind_it_is_refused
   OK   test_an_unmeasured_rung_is_not_a_cleared_one
   OK   test_an_untimed_case_is_counted_as_untimed_rather_than_dropped
   OK   test_canonical_and_escalated_targets_are_kept_apart
   OK   test_no_timed_case_is_no_service_level_rather_than_a_bad_one
   OK   test_paid_traffic_is_blocked_by_the_shop_rather_than_by_the_budget
   OK   test_proof_is_counted_from_rows_rather_than_claimed
   OK   test_proof_pointing_at_a_row_that_does_not_exist_is_refused
   OK   test_real_proof_records_what_it_points_at
   OK   test_the_refund_claim_is_reported_unmeasurable_rather_than_assumed
== tests/test_trust_wiring.py
   OK   test_a_complete_draft_has_no_finding_and_an_unwritten_one_is_unmeasured
   OK   test_a_draft_missing_an_owed_disclosure_gets_a_finding
   OK   test_an_unrecorded_buyer_is_handed_off_not_guessed_at
   OK   test_no_recorded_policy_reading_states_a_case_window_in_days
   OK   test_support_readings_carry_confusion_and_an_unknown_case_window
   OK   test_the_correction_notice_reads_affected_buyers_from_the_table
   OK   test_the_digital_disclosure_belongs_in_the_title
   OK   test_the_order_path_writes_the_version_and_support_answers_from_it
== tests/test_twin.py
   OK   test_a_cable_crossing_side_is_front_back_or_unstated_and_only_on_cables
   OK   test_flat_twin_carries_a_cumulative_height_at_the_top_of_every_row
   OK   test_twin_cell_count_matches_compiled_stitches
   OK   test_twin_chart_grid_shape_matches_row_counts
   OK   test_twin_computes_dimensions_from_gauge
   OK   test_twin_estimates_yardage_per_colour
   OK   test_twin_refuses_to_model_a_broken_pattern
   OK   test_twin_reports_colours_actually_present
== tests/test_uncertainty.py
   OK   test_a_flagship_christmas_project_genuinely_is_closed
   OK   test_a_long_christmas_project_is_high_risk_rather_than_impossible
   OK   test_a_near_event_still_closes_the_heavy_lanes
   OK   test_impossible_requires_the_optimistic_bound_to_have_passed
   OK   test_only_samples_narrow_the_interval_and_it_never_reaches_a_point
   OK   test_samples_move_the_verdict_because_that_is_the_only_thing_that_should
   OK   test_the_calendar_reads_a_window_as_a_gradient_rather_than_a_cliff
   OK   test_the_interval_is_wide_while_nobody_has_been_timed
   OK   test_the_plan_carries_its_interval_so_a_reader_cannot_see_only_the_point
   OK   test_the_sample_count_comes_from_passed_physical_tests
== tests/test_universe.py
   OK   test_a_missed_milestone_is_a_portfolio_failure_rather_than_an_amber_row
   OK   test_a_shop_that_only_sells_in_december_is_closed_for_eleven_months
   OK   test_a_tournament_dominated_by_one_construction_explored_one_construction
   OK   test_a_wave_of_only_flagships_is_a_portfolio_that_looks_busy
   OK   test_christmas_spans_a_taxonomy_rather_than_a_keyword
   OK   test_cohorts_rather_than_a_running_total
   OK   test_depth_is_cells_covered_rather_than_a_product_count
   OK   test_every_milestone_says_why_it_matters
   OK   test_four_metrics_are_computable_today_and_seven_need_customers
   OK   test_popularity_is_not_an_argument_for_imitation
   OK   test_the_context_list_is_people_and_places_both
   OK   test_the_mechanism_transfers_and_the_theme_does_not
   OK   test_white_space_is_mined_from_complaints_not_from_the_category
== tests/test_upgrades.py
   OK   test_a_gate_tier_proposal_never_auto_promotes_however_complete
   OK   test_a_hypothesis_nobody_could_disagree_with_is_refused
   OK   test_a_judging_role_may_not_open_a_proposal
   OK   test_a_pre_authorised_change_is_not_queued_for_a_person
   OK   test_a_pre_authorised_proposal_missing_evidence_is_held_not_promoted
   OK   test_a_pre_authorised_proposal_with_its_evidence_may_promote_itself
   OK   test_a_proposal_that_weakens_the_gate_it_touches_is_refused_by_the_boundary
   OK   test_a_proposal_with_no_declared_scope_is_not_bounded
   OK   test_a_run_inside_the_scope_is_fine
   OK   test_a_run_touching_a_surface_outside_the_scope_is_refused
   OK   test_a_surface_the_classifier_does_not_know_is_refused
   OK   test_a_vague_rollback_is_refused
   OK   test_an_owner_is_not_asked_to_be_the_check
   OK   test_every_vague_word_is_caught
   OK   test_evidence_must_name_the_version_it_describes
   OK   test_evidence_of_an_unrecognised_kind_is_refused
   OK   test_evidence_with_no_run_reference_is_refused
   OK   test_revising_a_proposal_invalidates_the_evidence_about_the_old_one
   OK   test_revising_a_proposal_with_no_evidence_yet_says_so
   OK   test_stale_evidence_cannot_be_attached_after_the_content_moved
   OK   test_state_names_what_it_builds_on_rather_than_reimplementing_it
   OK   test_the_card_carries_exact_impact_cost_and_rollback
   OK   test_the_card_does_not_require_owner_approval_as_evidence_of_itself
   OK   test_the_tier_decides_the_lane_and_the_proposal_has_no_say
   OK   test_there_is_no_field_a_proposal_can_set_to_reach_the_fast_lane
== tests/test_v11_accounting_controller.py
   OK   test_growth_spend_violating_margin_and_cash_policy_is_blocked_by_finance
   OK   test_budget_availability_is_never_permission
   OK   test_month_end_close_checklist_blocks_until_clean_then_locks
   OK   test_tax_pack_is_preparation_only_cad_canada_with_questions
   OK   test_human_accountant_handoff_export_is_self_describing
   OK   test_guardrails_the_package_has_no_money_moving_capability
   OK   test_controller_cycle_is_idempotent_and_next_work_follows_the_contract
   OK   test_the_cycle_runs_as_a_worker_job
   OK   test_package_docstring_names_every_module
   9 passed, 0 failed
== tests/test_v11_accounting_drill.py
   OK   test_displayed_profit_traces_to_orders_fees_spend_and_corrections
   OK   test_every_dashboard_metric_drills_and_sums
   OK   test_profitability_by_every_dimension_sums_to_the_company_total
   OK   test_cost_attribution_by_product_release_department_provider
   OK   test_drill_never_shows_a_stale_zero_for_unposted_source_rows
   5 passed, 0 failed
== tests/test_v11_accounting_ledger.py
   OK   test_unbalanced_and_off_chart_entries_are_refused
   OK   test_entries_are_idempotent_by_key_and_balanced_to_the_micro
   OK   test_posted_records_are_immutable_through_the_orm
   OK   test_raw_sql_tampering_is_detected_by_the_seal
   OK   test_a_correction_is_a_reversal_plus_a_new_version_never_an_edit
   OK   test_duplicate_source_rows_are_refused_not_summed
   OK   test_locked_period_never_moves_late_changes_book_in_the_next_open_period
   OK   test_held_and_unreconciled_orders_are_not_posted_but_raised
   OK   test_assumed_fx_is_posted_as_modelled_not_measured
   OK   test_ledger_agrees_with_the_books_on_a_realistic_shadow_dataset
   10 passed, 0 failed
== tests/test_v11_accounting_money.py
   OK   test_empty_database_is_unknown_never_zero_and_never_raises
   OK   test_provider_accepts_a_bare_sqlalchemy_session
   OK   test_disconnecting_the_order_source_turns_money_unknown_not_zero
   OK   test_a_stale_source_is_labelled_stale
   OK   test_accrual_and_cash_are_separate_bases_and_cash_is_unknown_without_a_bank
   OK   test_cash_position_reserves_safe_budget_and_runway
   OK   test_forecast_is_a_range_with_assumptions_never_a_booked_point
   OK   test_summary_items_label_actual_vs_estimated
   OK   test_held_orders_make_sales_a_lower_bound
   9 passed, 0 failed
== tests/test_v11_accounting_reconciliation.py
   OK   test_a_replayed_statement_is_imported_once
   OK   test_injected_duplicate_fee_payment_and_refund_are_detected_and_not_double_counted
   OK   test_payout_matches_bank_deposit_and_unmatched_lines_become_exceptions
   OK   test_charged_fee_that_disagrees_with_the_books_is_a_mismatch
   OK   test_etsy_ledger_entries_import_through_the_shared_type_mapping
   OK   test_anomalies_fee_rate_refunds_deposits_duplicates_and_chain
   OK   test_resolving_an_exception_needs_an_explanation
   7 passed, 0 failed
== tests/test_v11_ads_challenge.py
   OK   test_ceiling_enforced_even_with_owner_authority
   OK   test_finance_allow_cannot_lift_the_hard_ceiling
   OK   test_finance_cleared_proposal_becomes_gated_owner_item_not_spend
   OK   test_finance_errors_and_unrecognised_answers_fail_closed
   OK   test_governor_anomaly_hold_blocks_spend_proposal
   OK   test_lane_e_allow_routes_to_owner_with_its_checker_recorded
   OK   test_lane_e_escalated_routes_to_owner_with_reasons_preserved
   OK   test_not_ready_listing_never_reaches_owner_even_if_finance_allows
   OK   test_owner_cash_on_modelled_economics_escalates_with_uncertainty
   OK   test_proposal_requires_hypothesis_and_stop_condition
   OK   test_revoked_authority_refuses_on_rechallenge
   OK   test_s95_fallback_margin_policy_blocks_growth_spend
   OK   test_s95_lane_e_check_spend_block_is_obeyed
   OK   test_s95_real_lane_e_check_spend_blocks_growth_spend_unmocked
   OK   test_unknown_economics_proposal_is_blocked
   15 passing, 0 failing
== tests/test_v11_ads_no_execution.py
   OK   test_confidence_reaches_adequate_only_at_floor
   OK   test_db_kpis_blend_nothing_and_never_authorise
   OK   test_full_flow_runs_with_network_disabled_and_spends_nothing
   OK   test_no_function_named_like_an_executor
   OK   test_no_network_or_integration_imports
   OK   test_no_spend_enqueue_or_http_calls
   OK   test_roas_uses_only_evidence_attributed_ads_revenue
   OK   test_roas_without_measured_spend_is_unknown_not_zero_or_infinite
   8 passing, 0 failing
== tests/test_v11_ads_readiness.py
   OK   test_countdown_never_grants_eligibility_and_dedupes_owner_action
   OK   test_eligibility_evidence_expires_and_is_not_authority
   OK   test_fully_evidenced_listing_is_ready_with_modelled_basis
   OK   test_future_or_blank_evidence_refused
   OK   test_next_work_contract
   OK   test_offsite_exposure_is_modelled_and_labelled
   OK   test_summary_contract_on_empty_and_populated_db
   OK   test_trust_gate_unreadable_is_unknown_not_pass
   OK   test_uncertified_or_unpublished_or_truth_incident_blocks
   OK   test_unknown_economics_is_never_ready
   OK   test_unknown_gates_never_count_as_pass
   11 passing, 0 failing
== tests/test_v11_autonomy_kpis.py
   OK   test_an_empty_database_reads_unknown_never_zero
   OK   test_duplicate_and_noop_outputs_cannot_farm_the_useful_count
   OK   test_a_refused_job_voids_every_kpi_of_its_department
   OK   test_customer_truth_breach_voids_support_in_shadow
   OK   test_product_truth_breach_voids_product_truth
   OK   test_department_review_persists_snapshot_and_routes_a_lesson_once
   OK   test_fingerprint_ignores_volatile_keys_only
   
   PASS: 0 failing
== tests/test_v11_autonomy_orchestrator.py
   OK   test_eleven_charters_are_valid_and_cover_every_wired_job_type
   OK   test_every_charter_has_kpis_with_guardrails_and_a_generator
   OK   test_no_protected_job_type_is_ever_generatable_and_coo_is_structurally_forbidden
   OK   test_the_orchestrator_is_a_scheduled_cadence_with_a_permitted_agent
   OK   test_every_idle_department_is_given_evidence_backed_work
   OK   test_a_busy_department_is_left_alone
   OK   test_handoff_evidence_outranks_routine_work
   OK   test_completed_missions_are_measured_and_the_next_tick_moves_on
   OK   test_protected_work_becomes_one_owner_approval_never_a_job
   OK   test_the_enqueue_boundary_refuses_protected_and_out_of_charter_work
   OK   test_blocked_and_failing_departments_do_not_stop_the_others
   OK   test_repeated_noop_missions_are_suppressed_from_measured_outcomes
   OK   test_an_empty_queue_wakes_the_orchestrator_immediately
   OK   test_the_orchestrate_job_runs_through_the_worker_and_permission_layer
   
   PASS: 0 failing
== tests/test_v11_autonomy_overnight.py
   OK   test_an_unattended_night_produces_useful_work_across_departments
   
   PASS: 0 failing
== tests/test_v11_autonomy_recovery.py
   OK   test_sigkilled_orchestrator_is_reclaimed_without_duplicate_effects
   OK   test_same_named_workers_cannot_complete_each_others_attempt
   OK   test_the_worker_presents_its_token_end_to_end
   
   PASS: 0 failing
== tests/test_v11_autonomy_timeline.py
   OK   test_providers_never_raise_on_an_empty_database_and_say_unknown
   OK   test_summary_reports_every_department_with_wake_and_blockers
   OK   test_timeline_records_and_merges_sources_newest_first
   OK   test_memory_and_timeline_writes_are_idempotent_on_their_key
   OK   test_the_autonomy_map_is_generated_from_live_wiring
   OK   test_the_committed_map_matches_the_generator
   
   PASS: 0 failing
== tests/test_v11_cc_actions.py
   /home/user/Project-Money/brambleloop/.venv/lib/python3.11/site-packages/fastapi/testclient.py:1: StarletteDeprecationWarning: Using `httpx` with `starlette.testclient` is deprecated; install `httpx2` instead.
     from starlette.testclient import TestClient as TestClient  # noqa
   OK   test_activation_grant_via_command_center_then_revoke_before_execution_refuses
   OK   test_publication_grant_is_revoked_by_the_publishing_pause
   OK   test_department_pause_stops_the_worker_authorising_its_jobs_but_not_monitoring
   OK   test_spend_pause_refuses_spend_and_resume_leaves_breach_pauses_alone
   OK   test_kill_switch_records_shadow_and_pauses_the_company
   OK   test_improvement_approval_routes_through_cells
   OK   test_authority_refusals_are_audited
   7/7 passed in 2s
== tests/test_v11_cc_auth.py
   /home/user/Project-Money/brambleloop/.venv/lib/python3.11/site-packages/fastapi/testclient.py:1: StarletteDeprecationWarning: Using `httpx` with `starlette.testclient` is deprecated; install `httpx2` instead.
     from starlette.testclient import TestClient as TestClient  # noqa
   OK   test_route_enumeration_covers_the_contract
   OK   test_every_non_public_route_refuses_without_a_session_and_audits
   OK   test_operator_bearer_alone_is_not_an_owner_session
   OK   test_unauthenticated_high_impact_approval_is_refused_and_audited
   OK   test_mutating_routes_need_csrf_nonce_and_same_origin
   OK   test_replayed_nonce_is_refused
   OK   test_consequential_actions_need_step_up_but_pausing_does_not
   OK   test_failed_step_ups_revoke_the_session
   OK   test_login_failures_are_rate_limited_and_audited
   OK   test_login_is_json_and_same_origin_only
   OK   test_cookie_flags_and_session_listing_and_revocation
   OK   test_totp_is_required_when_configured
   OK   test_unset_operator_credential_closes_the_command_center
   OK   test_login_closed_when_no_passphrase_hash_is_configured
   OK   test_passphrase_hash_is_salted_and_never_stored_in_sessions
   OK   test_refusals_never_echo_secrets
   16/16 passed in 5s
== tests/test_v11_cc_views.py
   /home/user/Project-Money/brambleloop/.venv/lib/python3.11/site-packages/fastapi/testclient.py:1: StarletteDeprecationWarning: Using `httpx` with `starlette.testclient` is deprecated; install `httpx2` instead.
     from starlette.testclient import TestClient as TestClient  # noqa
   OK   test_money_is_unknown_not_zero_when_the_accountant_is_absent
   OK   test_the_real_accountant_passes_through_and_never_shows_unknown_as_zero
   OK   test_money_is_unknown_when_the_accounting_source_disconnects
   OK   test_provider_output_passes_through_with_provenance
   OK   test_home_and_morning_brief_come_from_real_database_state
   OK   test_approval_cards_carry_the_f885_fields
   OK   test_notifications_suppress_routine_noise_and_surface_real_incidents
   OK   test_security_notification_counts_attacks_not_expired_tabs
   OK   test_ask_why_is_a_product_blocked_is_grounded_in_gate_records
   OK   test_ask_answers_unknown_rather_than_inventing
   OK   test_timeline_and_drill_down_carry_provenance
   OK   test_every_tab_answers_and_carries_status_envelopes
   OK   test_no_fixture_or_demo_data_in_production_paths
   13/13 passed in 21s
== tests/test_v11_learn_loops.py
   OK  regression -> rollback executed, verified at the consumer, incident opened
   OK  persisted lesson stops the rolled-back value being re-proposed (state MEMORY_SKIPPED)
   OK   test_a_regressing_promotion_is_rolled_back_verified_and_remembered
   OK  a trial-metric promotion is left to runner.monitor_trials (D-B1)
   OK   test_capability_monitor_no_longer_reverts_a_trial_promotion_on_paper
   OK  anti-gaming guardrail and cross-agent challenge refuse a gamed win
   OK   test_guardrail_kpi_and_cross_agent_challenge_refuse_a_gamed_win
   OK  predictor loop: visual gate outcomes -> promoted precheck -> next_work item
   OK   test_predictor_loop_promotes_from_visual_gate_outcomes
   OK  12 protected/undeclared/out-of-bounds proposals refused, recorded and audited; nothing reached the registry
   OK  executor and consumer read both re-check the invariant guard
   OK   test_proposals_touching_protected_thresholds_are_refused_and_audited
   OK  empty database: UNKNOWN with a reason, never zeros; next_work instruments
   OK  populated: measured loop, promotion with baseline/result, lessons, DEGRADED because four loops have no outcomes yet
   OK   test_provider_contract_on_empty_and_populated_databases
   OK  proposal -> sandbox -> independent judge -> promotion recorded
   OK  later run behaves differently: the promoted threshold is what listing.seo reads
   OK   test_seo_loop_closes_end_to_end_and_the_next_listing_decides_differently
== tests/test_v11_pwa_browser.py
   OK login: labelled passphrase field
   OK login: wrong passphrase refused with message
   OK login: session cookie is HttpOnly (invisible to JS)
   OK home: UNMEASURED/UNKNOWN revenue and profit render Unknown
   OK home: counts rendered (measured zero stays 0)
   OK tabbar: Laura + 4 primary tabs + More
   OK tabbar: fits the phone width without horizontal overflow
   OK tabbar: tap targets >= 44px
   OK home: renders without error state
   OK home: no horizontal scroll
   OK home: no console errors
   OK home: buttons meet tap-size floor
   OK approvals: renders without error state
   OK approvals: no horizontal scroll
   OK approvals: no console errors
   OK approvals: buttons meet tap-size floor
   OK money: renders without error state
   OK money: no horizontal scroll
   OK money: no console errors
   OK money: buttons meet tap-size floor
   OK store: renders without error state
   OK store: no horizontal scroll
   OK store: no console errors
   OK store: buttons meet tap-size floor
   OK operations: renders without error state
   OK operations: no horizontal scroll
   OK operations: no console errors
   OK operations: buttons meet tap-size floor
   OK learn: renders without error state
   OK learn: no horizontal scroll
   OK learn: no console errors
   OK learn: buttons meet tap-size floor
   OK insights: renders without error state
   OK insights: no horizontal scroll
   OK insights: no console errors
   OK insights: buttons meet tap-size floor
   OK notifications: renders without error state
   OK notifications: no horizontal scroll
   OK notifications: no console errors
   OK notifications: buttons meet tap-size floor
   OK timeline: renders without error state
   OK timeline: no horizontal scroll
   OK timeline: no console errors
   OK timeline: buttons meet tap-size floor
   OK ask: renders without error state
   OK ask: no horizontal scroll
   OK ask: no console errors
   OK ask: buttons meet tap-size floor
   OK account: renders without error state
   OK account: no horizontal scroll
   OK account: no console errors
   OK account: buttons meet tap-size floor
   OK emergency: renders without error state
   OK emergency: no horizontal scroll
   OK emergency: no console errors
   OK emergency: buttons meet tap-size floor
   OK more: renders without error state
   OK more: no horizontal scroll
   OK more: no console errors
   OK more: buttons meet tap-size floor
   OK company: renders without error state
   OK company: no horizontal scroll
   OK company: no console errors
   OK company: buttons meet tap-size floor
   OK completion: renders without error state
   OK completion: no horizontal scroll
   OK completion: no console errors
   OK completion: buttons meet tap-size floor
   OK company: every department listed
   OK company: active/sleeping/blocked states shown
   OK company: UNKNOWN department shows Unknown, not a time or 0
   OK company: null incidents count renders Unknown, never 0
   OK company: Talk to Laura link present
   OK completion: lanes listed, unknown rows-closed shown as Unknown
   OK money: estimate drift card shows status, detail and Unknown (never 0%)
   OK learn: Rule #1 defects and evaluated counts shown
   OK learn: unevaluated department reads Unknown, never 0
   OK learn: Rule #1 card shows as-of
   OK learn: agents show status, current work, useful output, blockers
   OK learn: every section shows a freshness timestamp
   OK account: authority grants rendered with as-of
   OK account: empty DAG reads UNKNOWN with its reason
   OK account: authority views are read-only (no actions)
   OK completion: launch packet shows verdict, commit and as-of
   OK completion: packet lists products with open gates
   OK completion: owner action with null cost reads Unknown, never CA$0.00
   OK completion: launch packet is read-only
   OK money: UNKNOWN revenue renders 'Unknown'
   OK money: UNMEASURED fees render 'Unknown'
   OK money: no unknown tile shows a dollar amount
   OK money: measured zero renders CA$0.00 labelled Actual
   OK money: estimated figure visibly labelled Estimated
   OK money: modelled figure visibly labelled Modelled
   OK money: recorded (unreconciled) spend labelled Recorded
   OK money: source-health warning shown
   OK money: drill-through shows source rows
   OK money-drill: no horizontal scroll
   OK approvals: every card shows all F-885 fields
   OK approvals: evidence listed on card
   OK approvals: card without evidence cannot be approved
   OK approvals: max_spend_cad null renders Unknown
   OK approvals: nothing sent before confirmation
   OK approvals: step-up passphrase requested for consequential action
   OK approvals: confirm disabled until step-up + reason entered
   OK approvals: cancel sends nothing
   OK approvals: step-up performed before action
   OK approvals: action sent with CSRF + nonce + timestamp
   OK approvals: action carries params + reason
   OK approvals: nonce fresh per request
   OK emergency: pause needs confirmation but no step-up
   OK ask: answer has source links
   OK ask: unanswerable question shown as UNKNOWN
   OK notifications: deep link opens the approval card
   OK pwa: shell cached by service worker
   OK pwa: no /api response in Cache Storage
   OK pwa: no session/money data in localStorage
   OK offline: previously loaded view labelled stale
   OK offline: offline indicator shown
   OK offline: reloaded shell says offline and shows no figures
   OK theme: dark scheme applied
   OK home-dark: no horizontal scroll
   SUMMARY passes=121 failures=0 screenshots=0
== tests/test_v11_pwa_static.py
   OK manifest: file exists
   OK manifest: has name
   OK manifest: has short_name
   OK manifest: has start_url
   OK manifest: has scope
   OK manifest: has display
   OK manifest: has icons
   OK manifest: has theme_color
   OK manifest: has background_color
   OK manifest: app-like display mode
   OK manifest: start_url inside relative scope (/cc/)
   OK manifest: theme_color is hex
   OK manifest: icons listed
   OK manifest: icon icons/icon-192.png exists
   OK manifest: icons/icon-192.png is really 192x192
   OK manifest: icon icons/icon-512.png exists
   OK manifest: icons/icon-512.png is really 512x512
   OK manifest: icon icons/icon-512.png exists
   OK manifest: icons/icon-512.png is really 512x512
   OK manifest: icon icons/icon.svg exists
   OK manifest: 192 and 512 PNG icons
   OK manifest: maskable icon present
   OK manifest: shortcuts are in-scope deep links
   OK manifest: linked from index.html
   OK html: pages found
   OK html: index.html loads its script from a file
   OK html: index.html has no inline script/handler/style
   OK js: modules found
   OK js: no innerHTML/outerHTML/document.write/eval/string-timer sinks
   OK js: dom helper inserts text as text nodes
   OK js: href/src pass through safeUrl
   OK external: files scanned
   OK external: no CDN, font or third-party URL shipped
   OK external: API is same-origin relative
   OK external: fetches use same-origin credentials
   OK sw: recognises /api/ requests
   OK sw: /api/ requests return before respondWith (never intercepted)
   OK sw: non-GET requests never intercepted
   OK sw: cross-origin requests never intercepted
   OK sw: cache.put only for listed shell paths
   OK sw: SHELL list present
   OK sw: SHELL list non-empty
   OK sw: SHELL contains no API path
   OK sw: every SHELL entry exists
   OK sw: every shipped asset is in the offline shell
   OK sw: no page script writes the Cache API
   OK api: contract header names
   OK api: every POST carries CSRF + fresh nonce + timestamp
   OK api: exactly one mutating fetch site (rawPost)
   OK api: step-up retry path present
   OK api: step-up retry re-sends via rawPost (fresh nonce)
   OK api: only app.js touches storage (theme preference)
   OK api: the single persisted key is the theme
   OK structure: tabs declared
   OK structure: all required tabs present
   OK structure: view laura exports render
   OK structure: view home exports render
   OK structure: view approvals exports render
   OK structure: view money exports render
   OK structure: view store exports render
   OK structure: view company exports render
   OK structure: view completion exports render
   OK structure: view operations exports render
   OK structure: view learn exports render
   OK structure: view insights exports render
   OK structure: view notifications exports render
   OK structure: view timeline exports render
   OK structure: view ask exports render
   OK structure: view account exports render
   OK structure: view more exports render
   OK structure: view drill exports render
   OK structure: view emergency exports render
   OK structure: relative imports found
   OK structure: every relative import resolves
   OK structure: no mock/fixture file shipped
   OK structure: shipped code never references the mock
   OK structure: static bundle under 400 KB
   OK money: Unknown wording constant
   OK money: formatMoney returns Unknown for unknown values
   OK money: contract value_cad null never coerced
   OK money: no `value ?? 0` / `amount || 0` coercion anywhere
   81 passed, 0 failed
== tests/test_v11_reliability_gateway.py
   OK   test_a_dearer_fallback_is_not_used_when_it_would_cross_the_ceiling
   OK   test_a_down_model_half_opens_after_cooldown
   OK   test_a_malformed_answer_is_not_an_outage
   OK   test_a_total_outage_raises_and_corrupts_nothing
   OK   test_an_identical_cacheable_request_is_served_without_a_call
   OK   test_compiler_tasks_are_refused_not_routed
   OK   test_deep_task_with_its_model_down_parks_rather_than_degrading
   OK   test_end_to_end_failover_records_attempts_and_bills_only_the_billed_call
   OK   test_failover_picks_the_healthy_approved_model_when_primary_is_down
   OK   test_fallbacks_only_go_up_and_deep_has_none
   OK   test_healthy_primary_is_chosen_and_unknown_is_not_down
   OK   test_routing_parks_when_the_month_cannot_afford_the_call
   OK   test_routing_respects_the_agent_daily_permission
   OK   test_status_is_unknown_without_attempts
== tests/test_v11_reliability_recovery.py
   OK   test_a_request_id_cannot_be_reused_for_a_different_action
   OK   test_actions_work_inside_a_callers_session
   OK   test_actor_and_request_id_are_required
   OK   test_recent_lists_the_trail_newest_first
   OK   test_release_stale_lease_only_when_expired
   OK   test_rerun_cycle_enqueues_once_and_refuses_a_double_run
   OK   test_rerun_redrives_a_defect_dead_letter_but_never_a_refusal
   OK   test_rerun_refuses_an_unknown_cadence
   OK   test_restart_brings_a_backed_off_failure_forward
   OK   test_restart_refuses_a_job_on_a_live_lease_and_audits_the_refusal
   OK   test_restart_refuses_done_and_unknown_jobs
   OK   test_restart_stuck_job_is_idempotent_and_audited
== tests/test_v11_reliability_slo.py
   OK   test_a_backed_off_retry_is_measured_from_its_due_time_not_creation
   OK   test_a_full_unattended_soak_passes_except_for_unprobed_availability
   OK   test_a_just_started_company_is_not_judged_against_a_full_day
   OK   test_a_short_soak_is_incomplete_never_pass
   OK   test_an_owner_or_development_session_driving_work_fails_the_soak
   OK   test_availability_counts_intervals_and_breaches_on_a_failed_interval
   OK   test_availability_needs_an_external_probe_not_a_process_heartbeat
   OK   test_availability_with_thin_coverage_is_unknown_not_up
   OK   test_cadence_freshness_flags_a_cadence_that_stopped_completing
   OK   test_department_useful_work_counts_useful_hours_and_alerts_on_breach
   OK   test_empty_database_is_unknown_never_zero_or_met
   OK   test_empty_soak_is_not_a_pass
   OK   test_error_budget_states_and_unknown
   OK   test_lease_single_holder_expiry_and_release
   OK   test_no_scheduler_evidence_is_unknown_not_stale
   OK   test_prune_removes_only_old_samples
   OK   test_queue_latency_fraction_and_percentiles
   OK   test_recovery_time_from_resolved_platform_incidents
   OK   test_scheduler_freshness_sli_from_heartbeats
   OK   test_scheduler_heartbeat_takes_precedence_and_has_a_tighter_threshold
   OK   test_self_observing_jobs_are_never_useful_work
   OK   test_soak_cannot_end_in_the_future
   OK   test_stale_scheduler_from_cadence_jobs_raises_and_then_resolves_an_incident
   OK   test_summary_accepts_an_open_session_too
   OK   test_watchdog_records_probe_heartbeat_and_runs_the_check
   OK   test_worker_stall_detected_when_due_work_waits_and_nothing_starts
== tests/test_v11_seo_cycle.py
   OK   test_a_bare_sqlalchemy_session_is_accepted
   OK   test_measurement_is_unknown_without_stats_and_honest_with_them
   OK   test_new_evidence_re_evaluates_and_supersedes
   OK   test_next_work_contract
   OK   test_run_cycle_is_idempotent
   OK   test_summary_after_a_cycle_is_degraded_modelled_and_honest
   OK   test_summary_is_unknown_on_an_empty_db_and_never_raises
   OK   test_the_seo_cycle_handler_registers_and_runs
   
     8 passing, 0 failing
== tests/test_v11_seo_proposals.py
   OK   test_a_proposal_diffs_against_the_current_draft_and_audits_it
   OK   test_attributes_are_true_of_the_pattern
   OK   test_every_launch0_proposal_passes_etsy_field_limits
   OK   test_every_proposal_is_truthful_and_traceable
   OK   test_measured_evidence_moves_slots_but_never_overrides_truth
   OK   test_proposals_never_write_to_etsy
   OK   test_the_limits_cited_are_the_ones_the_repo_records
   OK   test_with_no_measured_evidence_every_tag_is_labelled_modelled
   
     8 passing, 0 failing
== tests/test_v11_seo_taxonomy.py
   OK   test_a_snapshot_not_written_by_an_etsy_read_does_not_confirm
   OK   test_an_etsy_read_snapshot_confirms_the_deepest_truthful_node
   OK   test_empty_db_marks_every_launch0_category_gated_on_etsy_api
   OK   test_open_gate_without_a_snapshot_is_pending_refresh
   
     4 passing, 0 failing
== tests/test_v11_seo_truth.py
   OK   test_a_product_type_the_cir_does_not_make_is_rejected_at_listing_level
   OK   test_competitor_names_from_the_database_are_rejected
   OK   test_competitor_shop_names_are_rejected_in_any_spelling
   OK   test_etsy_limits_are_enforced_by_the_validator
   OK   test_protected_ip_is_rejected
   OK   test_stuffed_listing_is_rejected
   OK   test_truthful_terms_pass_with_a_trace_to_their_facts
   OK   test_untraceable_terms_are_rejected
   OK   test_untrue_difficulty_and_finished_item_claims_are_misleading
   
     9 passing, 0 failing
== tests/test_v11_store_foundation.py
   OK test_every_surface_present
   OK test_every_surface_has_a_verdict
   OK test_current_content_has_no_failures_and_is_not_claimed_ok
   OK test_truth_lint_catches_fabrication
   OK test_truth_lint_respects_true_negatives
   OK test_all_customer_copy_is_truthful
   OK test_fabricated_about_fails_and_blocks
   OK test_limits_are_labelled_never_invented
   OK test_opening_grid_counts_products_not_sizes
   OK test_basket_naming_is_an_owner_decision
   OK test_long_listing_title_fails
   OK test_assets_deterministic_on_palette
   OK test_trust_signals_need_evidence
   OK test_disclosures_carry_render_phrase_and_ai
   OK test_privacy_casl_pipeda_and_legal_review
   OK test_returns_must_say_non_returnable
   OK test_about_is_paste_ready
   OK test_faq_covers_first_purchase_questions
   OK test_drafted_listing_row_is_preferred
   OK test_settings_checklist_is_owner_login_and_unknown
== tests/test_v11_store_preview.py
   OK test_summary_contract_without_db
   OK test_summary_contract_with_empty_db
   OK test_summary_never_raises_on_broken_db
   OK test_summary_accepts_bare_session
   OK test_preview_is_labelled_safe_and_self_contained
   OK test_preview_is_deterministic
   OK test_invalid_viewport_falls_back_to_mobile
   OK test_preview_escapes_database_text
   OK test_preview_shows_no_fabricated_social_proof
   OK test_preview_shows_every_surface
   OK test_listing_images_verified_or_withheld
   OK test_unverified_frame_is_withheld_not_shown
   OK test_summary_with_image_verification
== tests/test_v11_wiring.py
   OK   test_create_all_registers_every_v11_table
   OK   test_continuity_labels_memory_and_ledger_non_rederivable_and_excludes_live_sessions
   OK   test_an_export_carries_the_ledger_and_never_a_live_owner_session
   OK   test_every_wired_job_type_has_cadence_handler_permission_band_and_department
   OK   test_the_four_jobs_run_under_the_real_worker_with_zero_spend
   OK   test_providers_feed_the_orchestrator_internal_work_only
   OK   test_a_provider_item_naming_a_protected_or_foreign_job_is_never_queued
   OK   test_a_broken_provider_costs_only_its_own_candidates
   OK   test_a_provider_does_not_re_ask_for_a_job_that_just_succeeded
   OK   test_scheduler_and_worker_heartbeats_are_durable_rows_the_slo_reads
   scheduler looks stale (last scheduler tick 3600s ago (threshold 900s)); exiting if still stale at the next check
   embedded scheduler stale (last scheduler tick 3600s ago (threshold 900s)); exiting so the platform restarts the container
   OK   test_stale_scheduler_self_exit_is_conservative
   OK   test_self_exit_opt_out
   OK   test_one_fx_assumption_everywhere
   OK   test_w_b1_decisions_carry_their_subject
   
   PASS: 0 failing
== tests/test_v11_wiring_cc.py
   /home/user/Project-Money/brambleloop/.venv/lib/python3.11/site-packages/fastapi/testclient.py:1: StarletteDeprecationWarning: Using `httpx` with `starlette.testclient` is deprecated; install `httpx2` instead.
     from starlette.testclient import TestClient as TestClient  # noqa
   OK   test_store_preview_is_owner_only_and_never_cached_or_indexed
   OK   test_recovery_routes_need_stepup_and_refuse_unsafe_cases
   OK   test_soak_report_route_is_read_only_and_validates_input
   OK   test_department_block_without_stepup_unblock_with_and_the_orchestrator_obeys
   OK   test_new_mutating_routes_refuse_without_a_session
   
   PASS: 0 failing
== tests/test_vacuity.py
   OK   test_a_constant_table_is_exempt_but_a_computed_view_of_it_is_not
   OK   test_a_loop_asserting_over_an_unchecked_iterable_is_flagged
   OK   test_a_non_emptiness_assertion_or_a_literal_clears_the_loop
   OK   test_a_pragma_without_a_reason_does_not_exempt
   OK   test_a_variable_named_like_a_view_is_still_a_root
   OK   test_no_new_vacuous_risk_loop_anywhere_in_the_suite
   OK   test_the_baseline_only_shrinks
   OK   test_the_scan_sees_the_suite
== tests/test_value_stack.py
   OK   test_a_bigger_object_and_a_longer_make_both_move_the_price
   OK   test_a_single_colour_pattern_has_nothing_to_merge
   OK   test_flat_milestones_read_the_twins_per_row_height_rather_than_an_even_share
   OK   test_price_cannot_be_derived_from_page_count
   OK   test_print_safety_is_measured_on_lightness_because_home_printers_are_greyscale
   OK   test_progress_milestones_state_a_number_a_maker_can_count
   OK   test_the_price_is_anchored_on_what_the_market_charges
   OK   test_video_is_named_as_gated_rather_than_promised
== tests/test_version_immutability.py
   OK   test_a_claims_change_with_an_identical_design_is_refused
   OK   test_changed_content_under_a_certified_version_is_refused
   OK   test_recertifying_identical_content_is_still_allowed
== tests/test_veto.py
   OK   test_a_handful_of_predictions_settles_nothing
   OK   test_a_prediction_dated_after_the_ruling_has_demonstrated_nothing
   OK   test_a_reason_outside_the_vocabulary_cannot_be_counted
   OK   test_a_recorded_veto_carries_what_the_reason_means
   OK   test_a_single_missed_veto_holds_it_however_good_the_rate
   OK   test_an_empty_memory_reports_nothing_rather_than_health
   OK   test_both_error_counts_are_reported_on_either_path
   OK   test_different_reasons_do_not_add_up_to_one_finding
   OK   test_one_veto_is_a_product_that_missed
   OK   test_over_vetoing_alone_does_not_hold_the_veto_while_agreement_clears_the_bar
   OK   test_perfect_agreement_over_enough_predictions_retires_the_veto
   OK   test_state_says_the_veto_is_held_and_why_there_is_nothing_to_retire_it_with
   OK   test_the_memory_is_the_thing_chat_feedback_never_produces
   OK   test_the_third_repetition_is_a_finding_about_the_evaluator
   OK   test_the_veto_reaches_only_what_the_requirement_grants_it
   OK   test_there_is_no_argument_that_retires_the_veto
   OK   test_two_is_still_not_a_finding
== tests/test_video.py
   OK   test_a_clip_goes_stale_when_the_design_it_was_cut_from_moves
   OK   test_a_clip_with_no_canonical_source_is_refused
   OK   test_a_module_or_platform_nobody_named_is_refused
   OK   test_a_reported_problem_with_no_question_behind_it_is_refused
   OK   test_a_reveal_is_what_a_short_is_actually_for
   OK   test_a_troubleshooting_clip_must_say_what_it_covers
   OK   test_a_troubleshooting_clip_needs_a_problem_makers_actually_had
   OK   test_a_twelve_minute_explanation_is_not_a_short
   OK   test_every_module_names_its_shape_and_where_that_shape_fits
   OK   test_every_planned_module_is_on_a_platform_its_shape_fits
   OK   test_neither_measure_can_be_taken_yet
   OK   test_nothing_reported_often_enough_is_a_finding_about_the_observation
   OK   test_state_says_a_module_is_a_plan_rather_than_a_file
   OK   test_the_canonical_module_is_the_one_that_needs_no_source
   OK   test_the_plan_only_answers_problems_that_recur
   OK   test_the_problems_are_the_search_clusters_own
== tests/test_visual.py
   OK   test_a_gallery_must_do_both_of_its_jobs
   OK   test_a_generated_hero_must_be_disclosed_and_must_survive_realism_checks
   OK   test_an_asset_from_a_previous_release_is_stale_rather_than_merely_old
   OK   test_an_incomplete_reference_pack_cannot_be_frozen
   OK   test_drift_with_no_reference_pack_is_unavailable_and_never_a_pass
   OK   test_each_frame_is_judged_by_the_job_it_was_given
   OK   test_no_candidate_becomes_canonical_by_being_first
   OK   test_replacing_the_canonical_model_is_a_separate_owner_decision
   OK   test_the_escalation_ladder_never_includes_lowering_the_standard
   OK   test_the_model_is_not_forced_into_products_that_sell_better_without_her
== tests/test_visual_inspection.py
   OK   test_a_brief_from_one_listing_is_an_instruction_to_make_that_product_again
   OK   test_a_chart_cannot_be_the_finished_result_frame
   OK   test_a_check_outside_the_ten_is_refused
   OK   test_a_description_with_holes_is_refused
   OK   test_a_failed_call_leaves_every_check_unmade_rather_than_green
   OK   test_a_frame_with_no_marks_is_not_blocked_for_them
   OK   test_a_garment_claim_needs_somebody_wearing_it
   OK   test_a_primitive_nobody_could_read_is_absent_rather_than_neutral
   OK   test_a_third_opinion_on_a_realism_check_is_refused
   OK   test_an_open_description_vocabulary_is_refused
   OK   test_an_unreadable_frame_communicates_nothing_whatever_it_shows
   OK   test_applying_an_inspection_leaves_unmade_checks_unmade
   OK   test_construction_is_learnable_and_depiction_is_not
   OK   test_containment_reuses_the_mechanism_word_list_rather_than_a_second_copy
   OK   test_every_vision_call_site_routes_through_a_declared_task
   OK   test_motif_density_is_a_quantity_and_never_a_description
   OK   test_no_module_names_a_model_string_outside_the_routing_table
   OK   test_somebody_elses_brand_in_the_frame_blocks_the_asset
   OK   test_the_construction_vocabulary_has_nowhere_to_put_a_subject
   OK   test_the_describer_is_asked_about_props_not_only_the_product
   OK   test_the_gate_has_three_outcomes_because_two_would_have_to_lie
   OK   test_the_model_is_never_shown_the_caption
   OK   test_unclear_leaves_a_check_unmade_rather_than_passing_it
   OK   test_work_in_progress_does_not_satisfy_a_finished_result_claim
== tests/test_w3_b2_canonical_assets.py
   OK test_registry_matches_the_owner_files
   OK test_tampered_copy_fails_closed
   OK test_missing_file_or_sums_fails_closed
   OK test_replacement_needs_an_owner_decision_naming_the_bytes
   OK test_a_higher_scoring_challenger_is_refused_everywhere
   OK test_hierarchy_owner_raster_is_the_hero
   OK test_micro_mark_only_where_the_artwork_is_measured_illegible
   OK test_owner_files_read_from_the_repo_not_a_session_scratchpad
   OK test_banner_assessment_is_honest
   OK test_owner_review_is_recorded_and_covers_this_banner_only
   OK test_navigation_shows_only_populated_categories
   OK test_etsy_evidence_is_recorded_with_sources
   OK test_unknown_alone_blocks_publication
   OK test_identity_block_is_measured_not_declared
   OK test_candidates_are_owner_review_only_and_change_no_owner_pixel
   OK test_committed_evidence_matches_the_code
   OK test_preview_is_built_around_the_owner_files
   OK test_visual_judges_target_the_canonical_assets
   OK all 18 tests
== tests/test_w3_brand_comparison.py
   OK test_finalists_follow_judge_ranking
   OK test_icons_render_non_blank_at_real_sizes
   OK test_monochrome_non_blank_both_grounds
   OK test_measurements_complete_and_bounded
   OK test_storefront_mock_no_external_urls
   OK test_banner_at_etsy_recommended_size
   OK test_owner_raster_shown_as_supplied
   OK test_evidence_small_and_bounded
   OK test_full_owner_original_not_in_repo
   OK test_no_recommendation_in_summary_doc
   FAILS 0
== tests/test_w3_brand_identity.py
   OK   test_fonts_open_licence_and_bundled
   OK   test_icon_roles_pass_non_text_contrast
   OK   test_icons_distinct_from_each_other_and_from_clip_art
   OK   test_icons_render_non_blank_at_40_and_70
   OK   test_interface_shape
   OK   test_judge_winner_matches_interface
   OK   test_mono_variant_is_one_ink
   OK   test_old_store_mark_still_renders
   OK   test_svgs_deterministic
   OK   test_svgs_valid_and_self_contained
   OK   test_text_roles_pass_wcag_aa
   OK   test_three_to_five_distinct_directions
   OK   test_typeset_outlines
   OK   test_winner_survives_tiny_sizes
== tests/test_w3_brand_owner_identity.py
   OK committed_masters_match_code 20
   OK evidence_small 6
   OK fonts_open_licence
   OK interface_compatible_with_lane_b
   OK micro_mark_vs_raw_concept {'px': 40, 'ink_coverage': 0.315, 'ink_at_3to1_share': 0.655, 'contrast_median': 4.91} {'px': 40, 'ink_coverage': 0.316, 'ink_at_3to1_share': 0.422, 'contrast_median': 2.44}
   OK micro_mark_contrast_and_ink_at_small_sizes {40: {'px': 40, 'ink_coverage': 0.315, 'ink_at_3to1_share': 0.655, 'contrast_median': 4.91}, 48: {'px': 48, 'ink_coverage': 0.299, 'ink_at_3to1_share': 0.719, 'contrast_median': 5.91}, 70: {'px': 70, 'ink_coverage': 0.272, 'ink_at_3to1_share': 0.834, 'contrast_median': 8.11}}
   OK micro_mark_distinct
   OK micro_mark_is_the_same_B
   OK micro_mark_passes_judge_gates_and_roles
   OK palette re-sampled from owner files: ['banner', 'logo']
   OK palette_fidelity_to_concept
   OK primary_is_owner_concept
   OK research_directions_still_available
   OK svgs_valid_self_contained_deterministic 38
   OK text_roles_and_reversed_contrast
   FAILS 0
== tests/test_w3_decision_index.py
   OK   test_runtime_readers_fall_back_to_the_index_when_the_log_is_absent
   OK   test_the_index_carries_no_session_state
   OK   test_the_index_matches_the_log
== tests/test_w3_deploy_evidence.py
   OK   test_every_boot_appends_a_boot_verdict_row_proven_or_not
   OK   test_the_history_ships_in_the_image
   OK   test_the_known_good_predecessor_comes_from_the_shipped_deployed_history
== tests/test_w3_etsy_constraints.py
   OK test_every_verified_constraint_quotes_a_recorded_etsy_source
   OK test_no_constraint_rests_on_a_third_party_size_guide
   OK test_unknown_constraints_carry_no_number_and_refuse_to_be_read
   OK test_a_verified_constraint_without_a_quote_cannot_be_written
   OK test_the_published_numbers
   OK test_staleness_is_visible
   OK test_summary_is_json_and_counts_every_basis
   OK test_image_info_reads_png_jpeg_and_transparency
   OK test_banner_and_logo_at_etsy_sizes_pass_and_below_minimum_fail
   OK test_profile_photo_must_be_square_and_logo_transparency_is_refused
   OK test_listing_image_rules
   OK test_digital_file_rules
   OK test_text_rules
   OK test_reconcile_runs_and_every_status_is_known
   OK test_client_constants_now_agree_with_etsy
   OK test_shop_title_row_tracks_the_real_length
   OK test_client_refuses_a_webp_listing_image_before_sending
== tests/test_w3_etsy_upload_readback.py
   OK test_the_images_and_file_are_within_etsys_published_rules
   OK test_upload_attach_and_read_back_confirm_what_was_sent
   OK test_read_back_catches_a_dropped_alt_text_a_cropped_image_and_an_extra_image
   OK test_a_size_not_yet_processed_is_pending_never_verified
   OK test_a_scaled_copy_of_an_oversized_image_is_recognised_as_the_same_image
   OK test_a_failed_read_is_unverified
   OK test_a_file_name_etsy_cannot_hold_is_refused_before_any_request
   OK test_publish_preflight_stops_before_the_create_so_no_orphan_draft_is_left
   OK test_the_verification_state_is_still_locally_tested_not_verified_against_etsy
== tests/test_w3_final_master_gate.py
   OK   test_a_label_the_rules_do_not_support_is_an_integrity_violation_and_blocks
   OK   test_a_lowered_target_is_honoured_only_on_a_structural_row
   OK   test_an_absent_snapshot_is_unknown_never_ready
   OK   test_an_orphaned_partial_is_named_by_both_the_adjudicator_and_the_runtime
   OK   test_an_override_needs_a_reason_and_an_accepting_integrator
   OK   test_complete_needs_a_named_producer_and_consumer
   OK   test_executor_reports_parked_work_split_by_kind_and_the_final_master
   OK   test_only_an_explicit_keyed_gate_takes_work_out_of_open
   OK   test_post_launch_rows_never_block_and_launch_is_ready_only_with_zero_open
   OK   test_the_ladder_keeps_every_rung_distinct_and_unknown_rungs_are_open
   OK   test_the_launch_readiness_gate_consumes_the_closure
   OK   test_the_runtime_recomputes_every_verdict_and_agrees_with_the_adjudicator
   OK   test_the_shipped_snapshot_is_exactly_the_projection_of_the_committed_matrix
== tests/test_w3_hq_independence.py
   OK   test_every_allowance_is_still_needed
   OK   test_no_runtime_module_reads_a_checkout_path_the_image_does_not_contain
   OK   test_the_image_contents_are_read_from_the_dockerfile
   OK   test_the_maturity_check_falls_back_to_the_shipped_projection
== tests/test_w3_k10_learn.py
   OK   test_f801_finishing_seaming_blocking_and_gauge_change_are_topics
   OK   test_f801_real_launch0_pattern_creates_finishing_gaps_through_scan
   OK   test_f801_toy_cir_without_components_is_unchanged
   OK   test_f805_clean_swatch_is_accepted_and_served_written_from_cir
   OK   test_f805_wrong_row_total_is_refused
   OK   test_f805_edited_swatch_text_is_refused_by_reverse_compiler
   OK   test_f805_swatch_must_work_taught_stitch_and_match_assumptions
   OK   test_f805_uk_swatch_reverse_compiles_in_uk_terms
   OK   test_f805_tampered_stored_swatch_loses_eligibility
   OK   test_f806_every_supported_diagram_verifies_and_is_deterministic
   OK   test_f806_dc_diagram_drawn_as_sc_fails
   OK   test_f806_wrong_insertion_point_wrong_post_and_orientation_fail
   OK   test_f806_unsupported_stitch_gets_no_diagram
   OK   test_f806_lesson_assets_refuse_photos_generic_images_and_other_stitch_diagrams
   /home/user/Project-Money/brambleloop/.venv/lib/python3.11/site-packages/fastapi/testclient.py:1: StarletteDeprecationWarning: Using `httpx` with `starlette.testclient` is deprecated; install `httpx2` instead.
     from starlette.testclient import TestClient as TestClient  # noqa
   OK   test_f806_public_route_serves_only_verified_declared_diagram
   OK   test_f806_human_visual_attestation_is_still_required
   OK   test_f826_draft_without_source_backed_gap_is_refused_422
   OK   test_f826_scan_never_generates_and_watches_when_all_covered
   OK   test_f799_department_metrics_are_derived_from_rows
   OK   test_f799_learn_is_an_improvement_cell_measured_nightly
   OK   test_f799_runtime_consumers_carry_learn_metrics
   OK   test_f799_metrics_route_is_editor_only
   OK   test_learn_constants_are_protected_from_self_improvement
   23 passing, 0 failing
== tests/test_w3_k11_authority.py
   OK   test_f669_the_eleven_classes_and_every_runtime_job_type_is_classified
   OK   test_f669_unlisted_consequential_names_are_gated_fail_closed
   OK   test_f669_a_runtime_widened_gated_grant_is_refused_at_dispatch
   OK   test_f669_the_worker_dead_letters_a_silent_expansion_as_a_refusal
   OK   test_f497_build_and_operate_planes_are_separate
   OK   test_f497_a_build_runtime_never_operates_and_deploy_is_owner_only
   OK   test_f703_agents_never_self_grant_and_the_owner_grant_needs_step_up_and_decision
   OK   test_f703_irreversible_classes_never_climb
   OK   test_f703_the_ladder_needs_measured_safe_history_and_is_shadow_first_and_demotes
   OK   test_f702_f721_awaiting_approval_blocks_only_dependants
   OK   test_f721_a_failed_dependency_blocks_its_branch_only
   OK   test_f658_the_dag_persists_across_restart_and_recomputes_ready
   OK   test_f658_the_orchestrator_tick_runs_the_dag_and_records_missions_and_approvals
   OK   test_f700_every_clause_names_an_importable_enforcer
   OK   test_f700_evaluate_blocks_each_per_action_clause_and_fails_closed
   OK   test_f700_laura_and_the_dag_are_held_to_the_constitution
   OK   test_f708_protected_authorities_cannot_be_changed_by_improvement
   OK   test_f743_canonical_identity_cannot_drift_through_learning
   
   PASS: 0 failing
== tests/test_w3_k12_model_photography.py
   OK   test_f212_receipt_proves_reference_bytes_are_in_the_request_body 0.0s
   OK   test_f212_generate_attaches_receipt_and_refuses_unprovable_conditioning 1.0s
   OK   test_f212_reference_proven_needs_a_receipt 0.5s
   OK   test_f213_invalid_and_unmeasured_trials_are_never_a_score 0.0s
   OK   test_f219_borderline_enters_review_obvious_drift_is_refused 0.0s
   OK   test_f219_review_queue_through_the_rnd_door 5.9s
   OK   test_f677_final_image_gate_is_deterministic_and_the_proxy_can_only_fail 7.5s
   OK   test_f677_and_f732_rnd_door_overrides_caller_pass 7.1s
   OK   test_f877_paid_experiments_carry_a_complete_plan 0.6s
   OK   test_f877_provider_trial_runs_under_its_plan 0.0s
   10/10 passing
== tests/test_w3_k1_search.py
   OK   test_a_listing_reads_ctr_and_conversion_as_unmeasured_without_periods
   OK   test_a_material_change_to_search_guidance_invalidates_earlier_certificates
   OK   test_a_requested_sale_reaches_the_listing_only_through_the_promotion_rules
   OK   test_a_tag_starting_with_a_hyphen_or_apostrophe_is_refused_on_the_draft_path
   OK   test_an_infographic_hero_is_excepted_only_by_a_remembered_measured_test
   OK   test_ascii_foreign_words_are_caught_and_bait_translations_refused
   OK   test_chosen_tags_cover_distinct_intents_and_never_repeat_a_meaning
   OK   test_gallery_jobs_apply_per_category_and_a_worn_view_must_be_real
   OK   test_match_eligibility_and_rank_readiness_are_separate_stages
   OK   test_onsite_ads_thresholds_are_read_from_the_watched_advertising_reading
   OK   test_paid_traffic_is_blocked_by_search_rungs_when_trust_is_green
   OK   test_search_limits_rest_on_a_dated_watched_reading_that_agrees_with_the_code
   OK   test_semantic_duplicates_are_found_where_lexical_comparison_sees_three_strings
   OK   test_the_copy_gate_blocks_a_late_differentiator_when_asked
   OK   test_the_dashboard_on_an_empty_shop_is_unknown_not_zero
   OK   test_the_description_leads_with_value_and_carries_yarn_and_fibre
   OK   test_the_query_field_matrix_is_served_per_listing
   OK   test_the_search_evidence_route_is_registered
   OK   test_the_strongest_differentiator_is_placed_early_on_every_seed_title
   OK   test_the_taxonomy_reads_with_the_app_keystring_alone_and_nothing_else
== tests/test_w3_k4_launch_verdict.py
   OK   test_F275_demand_capture_plan_names_every_gap_and_gates_the_transition
   OK   test_F276_christmas_checkpoints_compress_never_relax
   OK   test_F281_learning_plan_is_predefined_and_reviews_snapshot_once
   OK   test_F286_success_needs_every_signal_not_live
   OK   test_F288_recommendations_refuse_vague_and_incomplete
   OK   test_F288_routing_follows_the_acceptance_tests_and_from_stats_is_validated
   OK   test_F289_F287_visibility_provider_contract_and_separate_sources
   OK   test_F300_every_upward_step_requires_ready_and_ready_must_be_true
   OK   test_F300_owner_authority_and_cheap_checks_run_before_readiness
   OK   test_F300_phase_changed_during_evaluation_is_refused
   OK   test_F300_real_readiness_evaluated_at_transition_refuses_shadow_to_staging
   OK   test_F300_rollback_to_shadow_never_requires_readiness
   OK   test_F300_six_questions_group_without_changing_the_verdict
   OK   test_F300_verdict_is_sealed_into_the_chain
   OK   test_packet_renders_the_six_questions
   /home/user/Project-Money/brambleloop/.venv/lib/python3.11/site-packages/fastapi/testclient.py:1: StarletteDeprecationWarning: Using `httpx` with `starlette.testclient` is deprecated; install `httpx2` instead.
     from starlette.testclient import TestClient as TestClient  # noqa
   OK   test_routes_are_owner_only_and_registered_operator_gets
   16 passed, 0 failed
== tests/test_w3_k7_ops_truth.py
   OK F-343 executing/completed/observer-waiting/blocked/unknown; a waiter is not progress
   OK F-167 backfill split launch-relevant/retired/other: {'launch_relevant': 0, 'retired': 4, 'other': 4}
   OK F-623/F-665 provider via Command Center; drill exposes the full evidence envelope
   OK F-161 coverage numerator/denominator by class; F-162 per-class graduation blocks
   OK F-338 completed-but-unobserved / blocked / duplicated told apart, output preserved
   OK F-337 3x rolling median flagged, diagnosed first, nothing restarted (via ops.health)
   OK runtime: the ops.health cadence handler runs the K7 sweep end to end
   OK F-195 incidents carry last-confirmed, applicability and remediation owner/path
   OK F-392 learning required (root cause/prevention/regression); recurrence surfaced
   OK F-124 postconditions read back; DONE-without-outputs is VIOLATED, never assumed
   OK F-199 a past ready verdict the current standard no longer supports fails re-proof
   OK F-115 4 legacy artefact(s) of a re-engineered design invalidated
   OK F-176 baseline digest recorded once; missing named: ['code_sha', 'tests', 'restore_proof']
   OK F-154 controls probed functionally; configured-but-unproven reported unavailable
   OK F-168 halts stay per product; systemic evidence escalates company-wide and back
   OK F-127/F-122/F-121/F-203 shared non-values, rate, claim contract, snapshot window
   16 passed, 0 failed
== tests/test_w3_k7_owner_queue.py
   OK F-174 17 data-gated rows listed; pre-launch COMPLETE refused
   OK F-204 empty queue is PROVEN-EMPTY only with a fresh assessment and live gates
   OK F-180 Command Center defer parks the action (active queue -> parked, audited)
   OK F-180 a bare done flag is closed_unclassified, never credited as satisfied
   OK F-180 explicit states with timestamps/reasons; history kept; expiry sweep
   OK F-870/F-173 every card carries a packet; inventory of 12 gates
   OK F-197 physical proof routes to an independent tester and links roster status
   OK F-180 a lifecycle move needs a known state and a reason
   OK F-180 satisfied leaves the one queue; parked listed apart; F-623 rank/urgency
   OK F-870 1 spend gate(s) with no stated ceiling read UNKNOWN, not free
   10 passed, 0 failed
== tests/test_w3_laura_cc_access.py
   /home/user/Project-Money/brambleloop/.venv/lib/python3.11/site-packages/fastapi/testclient.py:1: StarletteDeprecationWarning: Using `httpx` with `starlette.testclient` is deprecated; install `httpx2` instead.
     from starlette.testclient import TestClient as TestClient  # noqa
   OK   test_anonymous_and_operator_token_cannot_reach_laura
   OK   test_owner_posts_need_csrf_nonce_and_same_origin
   OK   test_revoked_session_is_refused
   OK   test_portrait_is_owner_only_and_labelled_internal
   OK   test_store_preview_variant_passthrough_is_owner_gated
   5/5 passed in 17s
== tests/test_w3_laura_cc_delegation.py
   /home/user/Project-Money/brambleloop/.venv/lib/python3.11/site-packages/fastapi/testclient.py:1: StarletteDeprecationWarning: Using `httpx` with `starlette.testclient` is deprecated; install `httpx2` instead.
     from starlette.testclient import TestClient as TestClient  # noqa
   OK   test_parser_reads_department_task_count_and_antecedent
   OK   test_banner_delegation_needs_confirmation_then_becomes_an_audited_department_job
   OK   test_protected_delegation_routes_to_the_owner_and_never_becomes_a_job
   OK   test_spend_identity_and_canonical_brand_changes_are_refused_outright
   OK   test_unknown_department_is_unknown_and_blocked_department_is_not_routed_around
   5/5 passed in 1s
== tests/test_w3_laura_cc_followon.py
   /home/user/Project-Money/brambleloop/.venv/lib/python3.11/site-packages/fastapi/testclient.py:1: StarletteDeprecationWarning: Using `httpx` with `starlette.testclient` is deprecated; install `httpx2` instead.
     from starlette.testclient import TestClient as TestClient  # noqa
   OK   test_green_follow_on_becomes_an_orchestrator_mission
   OK   test_protected_follow_on_needs_step_up_and_never_becomes_a_job
   OK   test_unknown_or_tampered_proposals_are_refused
   OK   test_blocked_department_is_not_routed_around
   4/4 passed in 4s
== tests/test_w3_laura_cc_integration.py
   /home/user/Project-Money/brambleloop/.venv/lib/python3.11/site-packages/fastapi/testclient.py:1: StarletteDeprecationWarning: Using `httpx` with `starlette.testclient` is deprecated; install `httpx2` instead.
     from starlette.testclient import TestClient as TestClient  # noqa
   OK   test_identity_is_lane_d_verified_record
   OK   test_working_on_cites_laura_executive_priorities
   OK   test_memory_is_cited_and_follow_ons_are_remembered
   OK   test_constitution_can_block_laura_follow_on
   OK   test_unverifiable_identity_blocks_every_follow_on
   5/5 passed in 3s
== tests/test_w3_laura_cc_private.py
   /home/user/Project-Money/brambleloop/.venv/lib/python3.11/site-packages/fastapi/testclient.py:1: StarletteDeprecationWarning: Using `httpx` with `starlette.testclient` is deprecated; install `httpx2` instead.
     from starlette.testclient import TestClient as TestClient  # noqa
   OK   test_opening_needs_a_fresh_step_up_and_status_is_non_content
   OK   test_owner_notes_and_messages_round_trip_and_no_reply_is_generated
   OK   test_other_sessions_logout_and_close_end_access
   OK   test_refusals_are_security_events_with_class_name_only
   OK   test_no_key_is_503_and_nothing_else_is_affected
   OK   test_business_paths_never_read_the_private_context_even_while_it_is_open
   OK   test_only_private_context_imports_the_private_api_in_the_command_center_and_agency
   7/7 passed in 15s
== tests/test_w3_laura_cc_providers.py
   /home/user/Project-Money/brambleloop/.venv/lib/python3.11/site-packages/fastapi/testclient.py:1: StarletteDeprecationWarning: Using `httpx` with `starlette.testclient` is deprecated; install `httpx2` instead.
     from starlette.testclient import TestClient as TestClient  # noqa
   OK   test_provider_resolution_uses_lane_d_provider_module
   OK   test_identity_verifies_with_lane_d_ensure_without_any_repin
   OK   test_visibility_and_search_evidence_tolerate_absence
   OK   test_launch_verdict_reads_the_newest_assessment_honestly
   OK   test_visual_rnd_governance_section_never_reads_as_empty_ok
   OK   test_k8_estate_routes_are_mounted_and_customer_data_is_operator_only
   OK   test_phrasing_uses_the_spend_lane_task_and_one_prompt
   7/7 passed in 4s
== tests/test_w3_laura_cc_talk.py
   /home/user/Project-Money/brambleloop/.venv/lib/python3.11/site-packages/fastapi/testclient.py:1: StarletteDeprecationWarning: Using `httpx` with `starlette.testclient` is deprecated; install `httpx2` instead.
     from starlette.testclient import TestClient as TestClient  # noqa
   OK   test_unknown_when_evidence_is_missing
   OK   test_money_unknown_is_never_zero_and_never_answered
   OK   test_classification_routes_owner_questions
   OK   test_grounded_answers_cite_their_rows
   OK   test_fallback_uses_ask_company_grounding
   OK   test_turns_are_durable_and_served_by_the_api
   OK   test_identity_is_truthful
   OK   test_phrasing_goes_through_gateway_and_never_changes_facts
   OK   test_no_private_register_in_business_conversation
   9/9 passed in 3s
== tests/test_w3_laura_cc_wiring.py
   /home/user/Project-Money/brambleloop/.venv/lib/python3.11/site-packages/fastapi/testclient.py:1: StarletteDeprecationWarning: Using `httpx` with `starlette.testclient` is deprecated; install `httpx2` instead.
     from starlette.testclient import TestClient as TestClient  # noqa
   OK   test_listing_outcomes_operator_route
   OK   test_listing_outcomes_owner_route_needs_session_csrf_and_refuses_bad_exports
   OK   test_brand_fonts_served_allow_listed
   OK   test_store_tab_surfaces_seo_w3
   OK   test_memory_principal_only_from_verified_session
   5/5 passed in 3s
== tests/test_w3_laura_core_constitution.py
   OK   test_safe_delegation_passes_and_out_of_authority_work_is_blocked
   OK   test_finance_blocks_spend_and_records_its_challenge
   OK   test_a_finance_challenge_blocks_her_tick_until_finance_resolves_it
   OK   test_product_truth_halt_blocks_product_forward_work_only
   OK   test_an_explicit_product_truth_challenge_scoped_to_a_job_type
   OK   test_security_blocks_all_but_monitoring_and_respects_pauses
   OK   test_only_the_three_constitutional_blockers_can_challenge
   
   PASS: 0 failing
== tests/test_w3_laura_core_continuity.py
   OK   test_continuity_across_model_swap_restart_scheduler_and_context_reset
   OK   test_same_state_same_decisions_whichever_model_is_configured
   
   PASS: 0 failing
== tests/test_w3_laura_core_executive.py
   OK   test_tick_from_real_state_sets_priorities_delegates_and_reviews
   OK   test_empty_queue_gets_safe_useful_work
   OK   test_an_unchanged_company_is_an_honest_noop
   OK   test_weak_work_is_challenged_failed_work_reworked_once_then_escalated
   OK   test_protected_work_becomes_an_owner_action_never_a_job
   OK   test_the_tick_is_a_scheduled_cadence_run_by_the_real_worker
   OK   test_results_wake_laura_when_the_coo_closes_her_mission
   
   PASS: 0 failing
== tests/test_w3_laura_core_identity.py
   OK   test_genesis_is_frozen_and_d_fb_14_is_a_recorded_owner_amendment
   OK   test_public_record_holds_nothing_from_the_private_register
   OK   test_genesis_is_written_once_and_verified_on_every_load
   OK   test_a_database_holding_only_the_original_genesis_gains_the_d_fb_14_version
   OK   test_recorded_amendment_fails_closed_if_unlogged_or_unauthorised
   OK   test_agents_and_laura_herself_cannot_change_her_identity_or_authority
   OK   test_an_authorised_owner_amendment_is_a_new_chained_version
   OK   test_identity_history_is_append_only_and_tampering_is_detected
   OK   test_code_drift_of_the_genesis_record_is_refused
   OK   test_laura_agent_is_green_zero_ceiling_and_structurally_bounded
   OK   test_public_voice_lint_holds_the_register
   
   PASS: 0 failing
== tests/test_w3_laura_core_wiring.py
   OK   test_each_wired_job_has_handler_cadence_grant_and_band
   OK   test_visual_rnd_tables_are_created_by_create_all
   OK   test_visual_provider_feeds_internal_green_work_only
   OK   test_visual_cycle_work_count_is_honest_and_paid_execution_is_refused
   OK   test_period_pack_calls_tax_pack_and_handoff_idempotently_and_writes_no_file
   OK   test_k15_provider_modules_are_reachable_from_the_runtime_roots
   
   PASS: 0 failing
== tests/test_w3_laura_memory_canonical.py
   OK test_seed_writes_the_recorded_rulings_once_and_never_overwrites
   OK test_agents_cannot_write_or_overwrite_canonical
   OK test_owner_must_explicitly_supersede_and_history_keeps_every_revision
   OK test_generated_summary_can_never_be_a_canonical_fact
   OK test_generated_summary_cannot_replace_a_recorded_fact_in_any_tier
   OK test_context_answers_with_canonical_facts_and_shadows_lower_tier_collisions
== tests/test_w3_laura_memory_isolation.py
   OK test_the_watch_itself_detects_a_memory_read
   OK test_store_preview_never_reads_laura_memory
   OK test_ask_company_without_an_owner_principal_never_reads_laura_memory
   OK test_support_drafts_never_read_laura_memory
   OK test_even_if_a_surface_tried_its_principal_gets_nothing
== tests/test_w3_laura_memory_permissions.py
   OK test_tiers_are_exactly_the_five_business_tiers
   OK test_write_matrix
   OK test_read_matrix
   OK test_public_and_customer_read_nothing_anywhere
   OK test_no_private_tier_exists_in_this_api
   OK test_owner_principal_needs_a_live_owner_session
   OK test_departments_must_be_chartered_and_cannot_touch_others_entries
   OK test_relationship_namespaces_policies_are_owner_approved
   OK test_refusals_are_audited_on_the_company_timeline_without_values
== tests/test_w3_laura_memory_persistence.py
   OK test_survives_a_process_restart_and_a_model_swap
   OK test_memory_path_never_imports_a_model_client
== tests/test_w3_laura_memory_provenance.py
   OK test_invented_sources_are_refused
   OK test_real_records_resolve
   OK test_an_entry_cannot_cite_itself_into_existence
   OK test_owner_statements_are_attributed_to_the_verified_session
   OK test_every_entry_and_revision_is_source_linked
   OK test_experience_tier_reuses_existing_lessons_read_only
== tests/test_w3_laura_presence.py
   /home/user/Project-Money/brambleloop/.venv/lib/python3.11/site-packages/fastapi/testclient.py:1: StarletteDeprecationWarning: Using `httpx` with `starlette.testclient` is deprecated; install `httpx2` instead.
     from starlette.testclient import TestClient as TestClient  # noqa
   OK   test_default_capabilities_text_active_voice_and_live_gated_with_needs
   OK   test_voice_input_is_refused_without_stt_and_records_nothing
   OK   test_spoken_turn_is_the_same_laura_same_evidence_same_history
   OK   test_visible_identity_shows_only_verified_owner_approved_frames_labelled_internal
   4/4 passed in 3s
== tests/test_w3_laura_voice_selection.py
   /home/user/Project-Money/brambleloop/.venv/lib/python3.11/site-packages/fastapi/testclient.py:1: StarletteDeprecationWarning: Using `httpx` with `starlette.testclient` is deprecated; install `httpx2` instead.
     from starlette.testclient import TestClient as TestClient  # noqa
   OK   test_scorecard_covers_d_fb_18_and_perception_is_never_auto_scored
   OK   test_selection_needs_owner_listening_decision_and_locks_a_durable_identity
   OK   test_listening_owner_action_states_paid_trial_and_unknown_cost
   OK   test_voice_and_live_presence_are_required_gated_never_cancelled
   4/4 passed in 2s
== tests/test_w3_laura_voice_spec.py
   OK   test_spec_covers_every_owner_dimension_and_is_pinned
   OK   test_v2_carries_the_owner_d_fb_18_direction
   OK   test_a_conforming_measured_voice_qualifies
   OK   test_drift_on_any_single_dimension_fails
   OK   test_estimates_descriptions_and_thin_samples_never_pass
   OK   test_real_person_clone_needs_consent_and_private_register_is_gated
   OK   test_promotion_is_never_automatic_and_public_view_hides_private_detail
   7/7 passed in 0s
== tests/test_w3_lint_handmade_aspiration.py
   OK test_aspirational_uses_pass
   OK test_product_claims_still_fail
   OK test_a_product_claim_beside_the_aspiration_is_still_caught
   OK test_the_exemption_covers_only_the_word_handmade
== tests/test_w3_overrides_proposed.py
   OK   test_a_dry_run_of_the_proposal_raises_no_problem_closes_every_row_and_writes_nothing
   OK   test_a_maturity_override_is_a_claim_capped_by_the_evidence
   OK   test_a_wave_item_outside_the_registry_is_unclassified_scope
   OK   test_only_overrides_json_can_be_applied_without_dry_run
   OK   test_the_proposal_covers_exactly_lane_ks_structural_rows_and_is_unaccepted
   OK   test_the_unaccepted_proposal_applied_for_real_changes_nothing
== tests/test_w3_priv_access.py
   OK test_every_non_private_principal_is_refused
   OK test_forged_and_subclassed_principals_are_refused
   OK test_opening_requires_flag_live_session_and_fresh_stepup
   OK test_revoked_or_expired_session_ends_access_immediately
   OK test_grant_expiry_close_and_session_revocation_of_grants
   OK test_refusals_are_logged_privately_without_content
   OK test_principal_does_not_leak_through_repr_or_serialisation
== tests/test_w3_priv_continuity.py
   OK test_restart_and_model_swap_keep_the_same_context
   OK test_after_restart_without_the_key_nothing_is_readable
   OK test_sealed_backup_restores_into_a_fresh_database_with_the_same_key
== tests/test_w3_priv_firewall.py
   OK test_firewall_refuses_tagged_private_input_however_nested
   OK test_guard_decorator_blocks_private_arguments
   OK test_the_import_scanner_detects_private_imports
   OK test_protected_modules_never_import_the_private_store
   OK test_only_allowed_modules_import_the_private_api_or_reveal
   OK test_runtime_imports_of_protected_modules_load_nothing_private
   OK test_business_memory_never_imports_the_private_store
== tests/test_w3_priv_leak.py
   OK test_the_sql_watch_detects_a_private_read
   OK test_private_operations_write_nothing_to_business_tables_logs_or_stdio
   OK test_continuity_export_carries_no_private_table_or_content
   OK test_store_preview_and_its_provider_never_touch_private_context
   OK test_command_center_tabs_ask_company_and_providers_never_touch_private_context
   OK test_support_drafts_seo_and_ads_never_touch_private_context
   OK test_timeline_audit_and_business_memory_hold_nothing_private
== tests/test_w3_priv_provenance.py
   OK test_generated_or_unknown_provenance_is_refused
   OK test_owner_supplied_cites_nothing_and_needs_real_text
   OK test_interaction_facts_must_quote_existing_turns_verbatim
   OK test_laura_turns_must_answer_a_live_owner_turn_once
   OK test_history_cannot_be_backfilled_from_another_conversation
   OK test_no_parameter_accepts_a_past_date_or_author
   OK test_refusal_messages_carry_no_content
== tests/test_w3_priv_store.py
   OK test_roundtrip_returns_private_values
   OK test_content_is_encrypted_at_rest
   OK test_missing_key_refuses_and_writes_nothing
   OK test_weak_or_malformed_keys_are_refused
   OK test_tampered_ciphertext_and_metadata_are_refused
   OK test_a_different_key_cannot_read
   OK test_private_values_never_stringify_serialise_or_pickle
   OK test_tables_are_separate_from_business_memory_and_base
== tests/test_w3_reachability_dynamic.py
   OK   test_a_dotted_literal_in_a_module_without_a_dynamic_import_is_not_an_edge
   OK   test_provider_modules_are_reached_by_ordinary_imports_even_without_the_rule
   OK   test_provider_table_modules_are_reached_from_a_live_root
== tests/test_w3_seo_constraints.py
   OK   test_constructor_refuses_a_secondary_source_labelled_verified
   OK   test_every_row_cites_url_and_date_and_has_a_known_status
   OK   test_no_numeric_taxonomy_id_is_asserted
   OK   test_openapi_facts_recorded
   OK   test_secondary_evidence_is_never_verified_and_says_how_to_close
   OK   test_status_exposes_constraints_and_owner_item
   OK   test_verified_rows_are_primary_and_quoted
   OK   test_working_limits_agree_with_repo_constants
   
     8 passing, 0 failing
== tests/test_w3_seo_learning.py
   OK   test_clicked_is_conversion_with_measured_rates
   OK   test_empty_db_everything_unknown_never_zero
   OK   test_low_exposure_is_matching_not_ctr
   OK   test_shop_recommendation_checks_clean_and_catches_bad_copy
   OK   test_shown_but_not_clicked_is_ctr
   OK   test_status_summary_carries_learning_unknown
   OK   test_thresholds_are_labelled_modelled
   
     7 passing, 0 failing
== tests/test_w3_seo_strategy.py
   OK   test_category_and_attributes_gated
   OK   test_demand_is_modelled_not_measured_without_evidence
   OK   test_description_natural_and_honest
   OK   test_every_product_passes_every_check
   OK   test_existing_validator_agrees
   OK   test_five_products_and_baskets_are_one_listing_with_sizes
   OK   test_funnel_stages_are_separate
   OK   test_no_stem_stuffing
   OK   test_product_licences_trace_to_source_text
   OK   test_thirteen_tags_within_limits_and_charset
   OK   test_titles_buyer_first_no_repeats_under_limit
   OK   test_untrue_words_are_blocked
   
     12 passing, 0 failing
== tests/test_w3_spend_attribution.py
   OK   test_every_row_has_one_closed_economic_class
   OK   test_product_creation_cost_is_split_by_stage
   OK   test_escalation_collects_what_is_constrained
   OK   test_binding_ceiling_and_vocabulary_are_in_the_governance_reading
   
   PASS: 0 failing
== tests/test_w3_spend_gateway_w8.py
   OK   test_job_gateway_is_an_ordinary_gateway_on_the_decided_order
   OK   test_a_cached_decision_never_hands_a_handler_a_none_gateway
   OK   test_park_is_raised_as_a_retryable_error
   OK   test_spend_stays_single_path_through_job_gateway
   OK   test_the_four_release_handlers_use_job_gateway
   
   PASS: 0 failing
== tests/test_w3_spend_hygiene.py
   OK   test_quiet_ledger_opens_nothing_and_says_hourly_is_unmeasurable
   OK   test_retry_storm_is_an_incident
   OK   test_hourly_spike_against_a_week_of_ordinary_hours
   OK   test_unattributed_spend_over_tolerance_and_oversized_input
   OK   test_identical_request_bought_by_several_jobs_is_flagged
   OK   test_provider_billing_discrepancy_is_an_incident_only_when_current
   
   PASS: 0 failing
== tests/test_w3_spend_laura_phrase.py
   OK   test_the_task_is_cheap_small_and_never_escalates
   OK   test_no_provider_returns_the_deterministic_sentence_and_spends_nothing
   OK   test_a_reworded_answer_is_billed_once_then_served_from_cache
   OK   test_an_invented_figure_is_refused_and_the_plain_sentence_kept
   OK   test_a_spent_allocation_stops_before_any_call
   OK   test_the_month_ceiling_parks_instead_of_paying
   
   PASS: 0 failing
== tests/test_w3_spend_paid_calls.py
   OK   test_outside_a_job_nothing_changes
   OK   test_a_retried_attempt_replays_the_paid_answer_and_is_not_billed_again
   OK   test_a_declined_call_may_be_asked_again_but_an_unknown_one_is_not
   OK   test_a_stale_worker_stops_before_it_pays
   OK   test_a_render_is_replayed_from_disk_and_a_billed_failure_is_not_rebought
   OK   test_a_budget_refusal_survives_the_callers_rollback
   OK   test_runtime_sigkill_after_payment_replays_and_completes
   OK   test_runtime_sigkill_during_the_call_is_not_blindly_restarted
   
   PASS: 0 failing
== tests/test_w3_store_copy_routing.py
   OK test_content_surfaces_render_from_copy_v2
   OK test_sections_follow_owner_nav_and_never_show_empty_shelves
   OK test_shop_package_renders_from_copy_v2_and_keeps_its_checks
   OK test_licence_lives_in_faq_not_the_eu_only_field
   OK test_storefront_tagline_and_seo_check_pass
   OK test_readiness_never_fails_a_copy_surface
   OK test_settings_checklist_carries_creativity_classification
== tests/test_w3_store_copy_surfaces.py
   OK test_every_surface_is_exported_and_non_empty
   OK test_every_customer_string_is_lint_clean_truth_and_voice
   OK test_owner_tagline_is_chosen_and_lint_clean
   OK test_lengths_within_recorded_constraints
   OK test_banned_technical_terms_absent_above_the_fold
   OK test_implementation_vocabulary_absent_from_all_customer_copy
   OK test_about_leads_with_patterns_then_laura_then_process
   OK test_no_laura_human_claims_anywhere
   OK test_laura_is_brand_face_not_account_holder
   OK test_the_lint_still_refuses_human_laura_copy
   OK test_renders_and_no_sample_are_said_where_it_matters
   OK test_policies_carry_the_required_customer_language
   OK test_sale_message_quotes_the_decided_licence
== tests/test_w3_store_ux_gate.py
   OK test_every_row_is_reported
   OK test_missing_assets_fail_closed_not_on_briefs
   OK test_icon_is_measured_at_etsy_sizes
   OK test_lane_a_icon_passes_when_present
   OK test_banner_checks_the_owner_canonical_file
   OK test_untrue_or_technical_copy_fails
   OK test_announcement_must_match_the_grid
   OK test_sections_read_as_a_buyer_browses
   OK test_current_state_is_reported_honestly
== tests/test_w3_store_ux_mobile.py
   OK test_no_technical_jargon_above_the_fold
   OK test_jargon_detector_catches_v1
   OK test_fold_leads_with_product_not_process
   OK test_tap_targets_are_at_least_44px
   OK test_no_fixed_width_wider_than_the_phone
   OK test_compare_page_shows_both_first_screens_and_metrics
   OK test_static_metrics_show_the_improvement
   OK test_measured_evidence_when_present
== tests/test_w3_store_ux_structure.py
   OK test_variants_registered_and_default_unchanged
   OK test_v2_is_labelled_safe_and_self_contained
   OK test_v2_has_every_required_surface
   OK test_every_laura_element_is_labelled_and_uses_only_her_verified_portrait
   OK test_laura_is_never_released_for_customers
   OK test_owner_concept_image_is_not_embedded
   OK test_listing_images_are_only_verified_disclosed_renders
   OK test_withheld_frame_is_not_shown_in_v2
   OK test_database_text_is_escaped
   OK test_peer_copy_is_escaped
   OK test_sources_tolerate_absent_or_broken_peers
   OK test_fallback_copy_passes_truth_and_voice_lint
   OK test_v2_shop_page_has_no_truth_findings
   OK test_banner_geometry_keeps_laura_and_lockup_in_the_phone_window
   OK test_text_contrast_meets_wcag_aa
   OK test_deterministic
== tests/test_w3_suite_job_identity.py
   OK   test_an_attached_observer_starts_nothing_and_takes_the_running_runs_result
   OK   test_an_interrupted_run_writes_the_130_sentinel_after_its_record
   OK   test_every_terminal_path_ends_the_log_with_the_exit_sentinel_matching_the_record
   OK   test_registry_opt_out_and_an_unreachable_registry_are_recorded_as_null
   OK   test_the_registry_separates_work_from_observers
   OK   test_the_run_enrols_itself_and_a_late_observer_in_a_fresh_process_reads_its_result
== tests/test_w3_supply_chain.py
   OK   test_a_lock_that_is_not_exact_pinned_and_hashed_is_refused
   OK   test_an_install_path_that_bypasses_the_hash_checked_lock_is_refused
   OK   test_release_evidence_is_computed_at_the_sha_and_a_bad_lock_refuses_the_record
   OK   test_sbom_and_change_record_are_derived_from_the_lock
   OK   test_the_cli_verify_exits_zero_on_the_repo_and_strict_fails_on_open_pins
   OK   test_the_committed_lock_and_dockerfile_verify_and_the_open_pins_are_named
== tests/test_w3_tmp_hygiene.py
   OK   test_a_child_terminated_by_sigterm_or_interrupted_leaves_nothing
   OK   test_a_child_that_fails_an_assertion_and_sys_exits_nonzero_leaves_nothing
   OK   test_a_child_that_raises_half_way_leaves_nothing
   OK   test_a_child_that_uses_every_temp_api_and_exits_cleanly_leaves_nothing
   OK   test_a_forked_child_does_not_remove_its_parents_sandbox
   OK   test_a_run_killed_with_sigkill_is_swept_by_the_next_run
   OK   test_code_outside_tests_that_creates_temp_files_has_a_cleanup_path
   OK   test_every_test_file_that_creates_temp_files_installs_the_sandbox_first
   OK   test_formerly_leaking_test_files_leave_their_tmpdir_empty_when_they_pass
   OK   test_install_is_idempotent_and_points_tempfile_and_the_environment_at_the_sandbox
   OK   test_scoped_removes_its_directory_when_the_block_raises
   OK   test_the_guard_itself_catches_a_bare_mkdtemp_and_a_delete_false_tempfile
   OK   test_the_harness_removes_its_run_tmpdir_when_it_is_terminated
   OK   test_the_harness_reports_each_suites_leak_and_removes_its_run_tmpdir_on_failure
   OK   test_the_production_temp_census_and_the_test_sandbox_agree
   OK   test_tmp_leak_strict_makes_a_passing_but_leaking_suite_fail
== tests/test_w3_visual_commercial_objective.py
   OK   test_no_score_can_buy_back_a_hard_gate 0.0s
   OK   test_gates_cannot_be_weighted 0.0s
   OK   test_unknown_components_are_left_out_not_zero_and_measured_commerce_dominates 0.0s
   OK   test_judges_are_labelled_proxy_and_slots_stay_unknown 0.1s
   OK   test_hero_selection_never_promotes_a_gate_failure 0.7s
   OK   test_paid_hero_challengers_are_queued_not_run_and_tunables_stay_guarded 0.5s
   6/6 passing
== tests/test_w3_visual_commercial_sequence.py
   OK   test_aspirational_hero_first_and_truth_evidence_kept 0.0s
   OK   test_a_diagram_is_never_the_hero_even_alone_or_top_scored 0.0s
   OK   test_gate_failed_assets_appear_nowhere_and_concepts_need_export_eligibility 0.0s
   OK   test_every_class_has_a_policy_and_laura_is_not_forced 0.0s
   OK   test_real_disclosed_gallery_sequences_with_the_finished_render_as_hero 6.7s
   5/5 passing
== tests/test_w3_visual_commercial_slowloop.py
   OK   test_free_hero_challengers_run_through_gates_and_promote_on_proxy 10.9s
   OK   test_marketplace_evidence_overturns_a_proxy_promotion 1.0s
   OK   test_funnel_unknown_is_never_zero 0.5s
   OK   test_summary_and_three_month_evolution_report 1.1s
   4/4 passing
== tests/test_w3_visual_rnd_guard.py
   OK   test_tunable_surface_is_declared_and_safe 0.0s
   OK   test_invariant_refuses_every_gate_weakening 0.9s
   OK   test_laura_identity_is_a_hard_independent_gate 0.6s
   OK   test_paid_challengers_are_planned_never_executed 0.7s
   OK   test_summary_never_reports_unknown_as_zero 0.5s
   OK   test_renderer_layout_default_is_byte_identical_and_bounded 0.0s
   6/6 passing
== tests/test_w3_visual_rnd_loop.py
   OK   test_classes_cover_the_directive 0.0s
   OK   test_deterministic_challenger_runs_end_to_end_through_the_gates 12.9s
   OK   test_promotion_changes_the_next_generations_parameters 0.4s
   OK   test_gate_failures_reject_and_are_remembered 14.4s
   OK   test_regression_triggers_rollback 0.5s
   OK   test_marketplace_slow_loop_overturns_an_internal_promotion 0.6s
   OK   test_market_readings_are_validated 0.4s
   OK   test_status_summary_after_real_runs 0.6s
   8/8 passing
== tests/test_w3_wire4.py
   /home/user/Project-Money/brambleloop/.venv/lib/python3.11/site-packages/fastapi/testclient.py:1: StarletteDeprecationWarning: Using `httpx` with `starlette.testclient` is deprecated; install `httpx2` instead.
     from starlette.testclient import TestClient as TestClient  # noqa
   OK   test_k11_create_all_registers_authority_tables
   OK   test_k11_authority_routes_are_default_deny_and_step_up_guarded
   OK   test_k11_approve_and_grant_reach_the_domain_and_are_audited
   OK   test_k11_authority_providers_are_wired
   OK   test_f5_voice_action_is_queued_with_unknown_cost_and_never_free
   OK   test_f5_finance_never_reads_an_unknown_ceiling_as_spend_authority
   OK   test_finance_a_stated_zero_ceiling_authorises_zero_not_uncapped
   OK   test_k7_dashboard_empty_queue_is_only_nothing_waiting_when_proven
   OK   test_k7_dashboard_tables_state_their_newest_row
   OK   test_d_work_keys_are_declared_in_runtime_pipeline
   OK   test_b2_invariants_protect_the_canonical_brand_assets
   OK   test_b2_banner_surface_approval_is_scoped_to_one_asset_and_one_surface
   OK   test_k1_k4_provider_modules_resolve_statically
   13/13 passed in 119s
== tests/test_w4_auto_pipe2_wiring.py
   OK test_the_six_candidates_build_their_engineered_cir
   OK test_the_filing_job_is_scheduled_allowed_banded_and_judged
   OK test_filing_job_files_boards_and_registers_then_is_idempotent
   3/3 passed
== tests/test_w4_auto_provenance_concurrency.py
   OK test_artefact_of_a_concurrent_same_product_job_is_not_this_jobs_defect
   OK test_unattributable_artefact_is_still_enforced
   OK test_attribution_moves_only_matching_slugs_and_keeps_the_rest
== tests/test_w4_auto_spend_wiring.py
   OK test_model_job_parks_while_the_provider_is_down
   OK test_unprobed_provider_is_unknown_not_down_and_parks_nothing
   OK test_non_model_job_is_never_parked
   OK test_failed_probe_and_spent_balance_are_outage_evidence
   OK test_long_parked_job_runs_and_reports_its_own_refusal
   OK test_progress_counts_new_evidence_rows_and_ignores_restatements
   OK test_bookkeeping_audits_are_not_evidence
   OK test_checkpoint_resumes_after_reclaim_without_repeating_steps
   OK test_stale_worker_cannot_overwrite_a_checkpoint
   9/9 passed
== tests/test_w4_auto_status.py
   OK test_agents_provider_is_unknown_on_an_empty_database
   OK test_agents_provider_reports_every_agent_after_real_work
   OK test_rule1_measure_covers_every_department
   OK test_wiring_mjs_findings_counts_only_changed_findings
   OK test_wiring_store_live_drift_is_a_daily_orchestrator_cadence
   OK test_wiring_visual_rnd_counts_refreshed_launch_imagery
   OK test_judge_counts_drafted_cirs_certificates_and_launch_plans
   OK test_cir_draft_handler_reports_drafted_on_the_engineered_path
   OK test_gate_blockers_name_who_they_wait_on_from_the_closure_classifier
   OK test_fm2_openapi_reverify_is_scheduled_authorised_banded_and_judged
   OK test_long_read_only_analysis_does_not_starve_the_release_chain_at_boot
   
   PASS: 0 failing
== tests/test_w4_b2_build2_ledger.py
   OK with no colour reading the fashion/home half is unmeasurable with a reason, not zero
   OK a colour sweep records every colour and home topic through the culture feed
   OK one reading per colour is a level, not a direction: still unmeasurable
   OK two dated readings give each colour a direction, rising and falling named
   OK the reading carries its basis: reference reading, not fashion sales or a forecast
   OK the home topic is context, never counted as a colour
   OK brambleloop performance stays parked on customers
   OK the colour sweep is reached from the culture.sweep handler
   OK dashboard figures partition the 320 rows
   OK dashboard executable remaining is OPEN work only, never parked rows
   OK registry 'executable_remaining' counts parked partial rows; the dashboard does not inherit that
   OK proven + not-applicable == complete (directives are not counted as built machinery)
   OK ledger has one row per requirement
   OK every ledger row is in the ledger vocabulary
   OK ledger states agree with the closure matrix row for row
   OK every gated row names its exact gate, its kind and what opens it
   OK every PROVEN row carries a test, an artefact and a runtime consumer
   OK a gate given as open returns its rows to OPEN-DEFECT rather than leaving them parked
   ALL OK 0
== tests/test_w4_b2_culture_consumers.py
   OK with no cultural lesson no occasion carries one (nothing invented)
   OK Seasonal Planning attaches both Halloween lessons to the Halloween plan only
   OK Seasonal Planning's decision is recorded through bus.acted_on
   OK Content attaches the timing lesson (not the territory one) to its plan
   OK every pre-launch piece carries it; post-launch pieces do not
   OK Content's decision is recorded through bus.acted_on
   OK a product the lesson does not name gets no cultural timing
   OK seasonal/daily.py:culture_lessons is reached from a live handler
   OK growth/content.py:apply_cultural_timing is reached from a live handler
   ALL OK 0
== tests/test_w4_b2close.py
   OK rendered_pages holds #35/#39; the five etsy.com/legal sources are the readings
   OK no reading: gate closed, all five not current
   OK 4/5 readings closed; 5/5 current readings open rendered_pages; browser half untouched
   OK a set closes the day it passes 30 days; a backdated reading never opens it
   OK un-audited, anonymous, non-page and future-dated readings all keep it closed
   OK a material change closes the gate until review_change records reviewer and tests
   OK a recorded browser.probe still opens the gate on its own (unchanged path)
   OK rendered_pages stays EXTERNAL; its texts name the human-reading path
   OK OWNER_ACTIONS asks for the CA$0 15-minute reading; the browser-worker card is gone
   OK one free motif asset: library motif -> CIR -> compile/twin/write/reverse -> granted
   OK re-certifying the same content gives the same content hash
   OK check_asset passes against the real catalogue and still refuses a replacement
   OK plan over 1 real certified asset: 1 with a job, feeds Cloudline, 0 published
   OK an asset whose certificate is refused is not an asset
   OK /api/free-to-paid and growth.distribution read free_assets; both modules reached
   OK growth.distribution records the free-to-paid reading (1 asset with a job, 0 published)
   OK storage_offsite: CA$1.00/month ceiling, expected CA$0.00 at ~0.94 GB (B2 list price)
   OK only ad_budget and OA-G2 stay UNKNOWN (never CA$0); storage_offsite shows its price
   18 passing, 0 failing
== tests/test_w4_cand_garland.py
   OK garland_version_bumped
   OK garland_assembles
   OK thumb_picked_up_into_opening_lengths_agree
   OK cord_threads_through_closed_loop_with_room
   OK loop_is_a_closed_band_even_rows
   OK no_assembly_step_is_note_only
   OK cord_that_does_not_fit_is_mismatched
   OK six_stitch_thumb_compiles
   OK thumb_short_of_opening_is_mismatched
   OK assembly_round_trips_through_text
   OK pick_up_reads_as_worked_into
   OK thread_reads_as_threaded_through
   OK garland_certified
   OK garland_no_assembly_warnings
   OK whipstitch_still_to
   OK garland_pockets_drawn
   OK cord_not_drawn_with_reason
   OK hero_shows_every_pocket
   OK pocket_laid_flat_half_its_round
   OK every_round_shows_half_its_stitches
   OK loop_lies_flat_half_its_rows
   OK cord_spacing_clears_a_flat_pocket
   OK garland_hero_measured_on_the_pocket_model_and_passes
   OK garland_scale_measured_on_the_pocket_model_and_passes
   OK garland_detail_measured_on_the_pocket_model_and_passes
   OK garland_listing_made
   OK garland_340px_legibility_passes_unrelaxed
   OK garland_layout_and_asset_truth
   OK garland_alt_text_says_cord_not_drawn
   ALL PASSED
== tests/test_w4_cc_company.py
   /home/user/Project-Money/brambleloop/.venv/lib/python3.11/site-packages/fastapi/testclient.py:1: StarletteDeprecationWarning: Using `httpx` with `starlette.testclient` is deprecated; install `httpx2` instead.
     from starlette.testclient import TestClient as TestClient  # noqa
   OK test_routes_default_deny_without_owner_session
   OK test_company_every_section_is_an_honest_envelope
   OK test_departments_unknown_when_autonomy_provider_absent
   OK test_department_state_mapping
   OK test_agent_with_running_job_is_active_with_current_job
   OK test_build2_closure_is_computed_off_the_request_path
   OK test_build2_headline_is_the_ledger_with_open_only_executable
   OK test_build2_failure_is_unknown_with_reason
   OK test_final_master_section_reads_packaged_snapshot
   OK test_committed_board_validates
   OK test_integrator_board_schema_normalised
   OK test_board_absent_malformed_and_stale
   OK test_completion_route_returns_board
   OK test_pwa_has_company_and_completion_views
   OK test_public_closure_reads_are_single_flight_and_reused
   OK test_mjs_findings_route_is_operator_only_and_unknown_until_a_reading
   OK test_live_observation_owner_session_csrf_audited_never_writes_etsy
   OK test_visual_stages_show_partial_measured_or_unknown
   OK test_owner_decision_batches_in_approvals
   OK test_learn_outcomes_presale_post_launch_and_ca5k_unmeasured
   OK test_money_period_reaches_accounting_window
   OK test_estimate_drift_on_verify_and_money_labelled_settlement_owner_gated
   OK test_not_yet_askable_listed_with_precondition_customers_never_a_card
   23/23 passed in 92s
== tests/test_w4_cc_snapshots.py
   OK   test_every_present_source_has_an_identical_shipped_snapshot
   OK   test_snapshots_carry_no_session_state
   OK   test_without_research_the_readers_fall_back_to_the_snapshot
== tests/test_w4_ccfin.py
   /home/user/Project-Money/brambleloop/.venv/lib/python3.11/site-packages/fastapi/testclient.py:1: StarletteDeprecationWarning: Using `httpx` with `starlette.testclient` is deprecated; install `httpx2` instead.
     from starlette.testclient import TestClient as TestClient  # noqa
   OK test_rule1_unmeasured_is_unknown_never_zero
   OK test_rule1_reading_is_bounded_read_only_and_dated
   OK test_rule1_row_cap_and_budget
   OK test_rule1_defect_detected_when_idle_with_eligible_work
   OK test_rule1_provider_failure_and_absence_are_unknown
   OK test_autonomy_and_account_tabs_carry_the_new_sections
   OK test_authority_dag_with_a_work_item_is_dated_and_counted
   OK test_estimate_drift_is_an_envelope_unknown_never_zero
   OK test_pwa_renders_rule1_agents_and_authority_read_only
   9/9 passed in 3s
== tests/test_w4_ccpacket.py
   /home/user/Project-Money/brambleloop/.venv/lib/python3.11/site-packages/fastapi/testclient.py:1: StarletteDeprecationWarning: Using `httpx` with `starlette.testclient` is deprecated; install `httpx2` instead.
     from starlette.testclient import TestClient as TestClient  # noqa
   OK test_default_deny_without_owner_session
      (packet build took 21.7s)
   OK test_real_packet_is_served_read_only_with_verdict_and_as_of
   OK test_packet_is_cached_for_ttl_and_build_failure_is_unknown
   OK test_slow_build_runs_off_the_request_path_single_flight
   OK test_pwa_renders_packet_on_completion_read_only
   5/5 passed in 23s
== tests/test_w4_creative_brief.py
   OK test_briefed_catalogue_survives_only_as_needs_taste
   OK test_candidates_fail_no_deterministic_check
   OK test_dashboard_reads_the_same_reading
   OK test_demand_is_cited_never_invented
   OK test_every_hold_is_live
   OK test_gate_brief_honesty
   OK test_gate_thresholds_unchanged
   OK test_known_bad_candidates_still_rejected
   OK test_needs_taste_clears_only_on_a_recorded_judgement
   OK test_new_candidates_are_original_and_survive
   OK test_raw_generator_reading_is_preserved
   OK test_retitled_products_are_briefed_truthfully
   OK test_title_imagery_conflicts_are_held_and_still_fail
   OK test_validator_refuses_dishonest_or_default_briefs
   OK test_without_the_design_brief_the_same_gate_refuses
== tests/test_w4_fm2_lock_boot_guard.py
   OK test_a_rebuilt_image_with_an_unrecorded_lock_is_forced_to_shadow
   OK test_the_image_installs_only_the_hashed_lock_and_main_runs_the_guard_first
   OK test_the_lock_is_part_of_the_digest_the_boot_guard_checks
   3/3 passing
== tests/test_w4_fm2_log_secret_guard.py
   OK   test_a_clean_line_is_untouched_and_never_dropped
   OK   test_a_secret_logged_by_the_service_never_reaches_the_handler
   OK   test_an_exception_carrying_a_secret_is_redacted_not_printed
   OK   test_an_unscannable_record_is_suppressed_rather_than_printed_raw
   OK   test_every_service_entrypoint_installs_the_guard
   OK   test_install_is_idempotent_and_covers_root_and_server_loggers
   OK   test_patterns_are_byte_identical_to_the_release_scan
   FINDING line 2: bearer_token 445beac13502
   SECRETS FOUND: 1 finding(s) in 2 line(s)
   CLEAN: 0 finding(s) in 2 line(s)
   UNREADABLE /tmp/brambleloop-run-lzZuDnG4/suite-tests_test_w4_fm2_log_secret_guard.py/bl-test-test_w4_fm2_log_secret_guard-1y7wwnqs/fm2_logs_ypyrferc/missing.log: FileNotFoundError -- an unscanned log is not clean
   OK   test_the_release_cli_fails_on_an_exported_log_window_with_a_secret
   8/8 passed
== tests/test_w4_fm2_storefront_trust.py
   OK test_ads_plan_requires_a_current_passing_search_certificate
   OK test_an_unevaluable_asset_gate_fails_closed
   OK test_launch_readiness_storefront_requirement_carries_the_asset_gate
   OK test_shop_complete_passes_only_when_brief_and_asset_checks_both_pass
   OK test_shop_complete_reads_the_asset_gate_not_the_brief
   OK test_the_real_gate_today_blocks_paid_traffic_on_the_owner_banner_review
== tests/test_w4_fm2_surface_reverify.py
   OK   test_a_failed_fetch_is_unreadable_and_is_retried_next_time
   OK   test_a_removed_operation_names_the_surface_that_cites_it
   OK   test_an_ads_api_appearing_names_the_unsupported_surfaces
   OK   test_an_unreadable_document_confirms_nothing
   OK   test_the_job_is_registered_for_the_worker
   OK   test_the_job_stores_the_reading_opens_and_resolves_drift_and_reuses_a_fresh_reading
   OK   test_the_pinned_document_reverifies_current
   OK   test_the_served_inventory_reports_the_classification_state
   8/8 passed
== tests/test_w4_fm_provider_table.py
   OK   test_a_pair_naming_no_defined_function_marks_nothing
   OK   test_a_pair_outside_a_dynamic_importer_marks_nothing
   OK   test_functions_named_in_the_live_provider_table_are_live
   OK   test_modules_behind_the_table_are_reached
== tests/test_w4_fml_checkpoint_adoption.py
   OK test_cycle_proof_resumes_from_the_checkpointed_report
   OK test_model_photography_resumes_without_rendering_again
   OK test_a_direct_call_without_a_queued_job_still_runs_the_step
   3/3 passed
== tests/test_w4_gatesb.py
   OK ad budget: none before a listing is ready and measurable; then the in-code caps
   OK #242-245 park on customers (order data); only #294/#295 wait on an ad budget
   OK benchmark list: 13 picks, CA$298.00, intake order matches
   OK customers: DATA-GATED in closure, listed under waiting_on_data, never an owner card
   OK owned_surfaces: etsy shop recognised; missing ['email', 'pinterest', 'site', 'video'] for 7 rows
   OK physical kit: market-basket-small@1.2.0 content 1ddde587f537, intake payload complete
   OK not_yet_askable: ['ad_authority']; tester_roster card carries the prepared outreach
   OK second market: refused on a contradicting getShop, joined when verified, gate opens only on observed listings; decision recorded
   OK store: 11 owner-action rows, idempotent, batched with the Etsy account screens
   OK tester: refused without express consent; agreement opens tester_roster; nothing sent
   10 passed, 0 failed
== tests/test_w4_gatesi.py
   OK   the image probe reached generate exactly once
   OK   the image probe passes a work_dir that exists during the render
   OK   the probe's scratch render directory is removed afterwards
   OK   with a render that succeeds the probe records ok (the gate can open)
   OK   the probe no longer records the work_dir refusal
   OK   region for https://s3.us-east-005.backblazeb2.com is us-east-005
   OK   region for https://s3.us-west-004.backblazeb2.com is us-west-004
   OK   region for https://s3.eu-central-003.backblazeb2.com is eu-central-003
   OK   region for https://0123456789abcdef.r2.cloudflarestorage.com is auto
   OK   region for https://s3.ca-central-1.amazonaws.com is ca-central-1
   OK   region for https://s3.amazonaws.com is us-east-1
   OK   region for https://s3.us-east-2.wasabisys.com is us-east-2
   OK   region for https://storage.example.org is us-west-004
   OK   an explicitly set region still wins
   OK   target() signs an R2 endpoint for region auto
   OK   listing_image_rules points at the image-requirements article, not 'download listing information'
   OK   the Help-Center-hosted sources are exactly listing_image_rules and search_guidance
   OK   every etsy.com/legal source stays external
   OK   the reader is off in a test process
   OK   the reader is on by itself in the hosted container
   OK   BRAMBLELOOP_POLICY_READER=0 turns it off even when hosted
   OK   both Help Center sources are read through the article API
   OK   a polite gap is kept between requests
   OK   the reading is a help_center_api snapshot, first on its basis, not a policy change
   OK   no unreviewed change is raised by the first real reading
   OK   the same text the same day is not recorded twice
   OK   a changed article body is a material change on the same basis
   OK   and it becomes an unreviewed change that blocks its workflows (#39)
   OK   a refusal is recorded as a failure in its own words and is never a reading
   OK   a refusal adds no snapshot
   OK   an answer for a different article is refused
   OK   a near-empty body is not a policy text
   OK   the policy watch skips the network read outside the hosted container
   OK   the watch's note names the Help Center reader and the etsy.com/legal block
   
     34 passing, 0 failing
== tests/test_w4_learn_presale.py
   OK   test_runtime_cell_counts_defect_dead_letters_only
   OK   test_mine_publishes_no_lesson_for_a_shadow_refusal
   OK   test_mine_turns_a_release_gate_block_into_one_routed_lesson
   OK   test_portfolio_attributes_revenue_to_the_order_product_not_the_receipt
   OK   test_finance_reads_the_forecasts_the_company_actually_records
   OK   test_presale_readings_are_unmeasured_not_zero_on_an_empty_database
   OK   test_presale_readings_are_measured_from_rows
   OK   test_presale_cost_reads_actual_cost_entries_only
   OK   test_presale_record_is_idempotent_and_movement_is_directional
   OK   test_provider_carries_cells_lessons_and_presale
   OK   test_without_a_lesson_the_calendar_is_evidence_ordered_and_nothing_is_acted_on
   OK   test_defect_lesson_moves_the_matching_gap_and_is_recorded_acted_on
   OK   test_market_radar_reads_the_catalogue_map_the_scan_refreshes
   OK   test_catalogue_creative_survival_is_its_own_labelled_cohort
   14 passing, 0 failing
== tests/test_w4_mjs_findings.py
   OK cadence_produces_findings_with_provenance_and_consumers
   OK radar_score_and_creative_brief_consume_the_findings
   OK second_window_on_changed_catalogue_supersedes_without_duplicating
   OK unknown_is_never_zero
== tests/test_w4_owner_actions.py
   OK 16 decisions in 9 batches carry every field
   OK an open etsy_shop gate clears the shop ask; payout becomes a confirmation
   OK fresh inbox: 12 cards -> 10 decisions in 7 batches, all seven fields present, culture_feed not asked
   OK owner packet: 26 decisions in 9 batches; 54 B2 rows placed once, 4 returned to company work
   OK production's 9 rows land in 14 decisions; 19/20 merged, phase+live_listings and benchmark rows merged
   OK an unlisted producer's action is batched under 'other' and its UNKNOWN cost stays UNKNOWN
   6 passed, 0 failed
== tests/test_w4_owner_incidents.py
   OK the provenance backlog closes with resolved_at when nothing is unproven
   OK duplicate signatures close into the oldest row; nothing deleted
   OK 6 production families have a remediation owner and path
   OK a failed cadence closes once it enqueues after the failure; one that has not stays
   OK ops.health truth sweep closes duplicates by rule
   OK production 18: 17 closed by rule with reasons, 1 still true; 5 current conditions re-raised year-keyed
   6 passed, 0 failed
== tests/test_w4_pipe2_candidates.py
   OK engineered_in_queue_order
   OK six_engineered_plus_pipe_stocking_and_pencil_roll
   OK pipe_designs_not_duplicated
   OK compiles_clean:reading-nook-cable-wrap
   OK certifies_or_waits_only_on_a_maker:reading-nook-cable-wrap
   OK name_true:reading-nook-cable-wrap
   OK prerelease:reading-nook-cable-wrap
   OK original_no_benchmark_consulted:reading-nook-cable-wrap
   OK size_from_twin:reading-nook-cable-wrap
   OK declared_class_is_effective:reading-nook-cable-wrap
   OK brief_departures_written:reading-nook-cable-wrap
   OK compiles_clean:mothers-day-heart-tea-cosy
   OK certifies_or_waits_only_on_a_maker:mothers-day-heart-tea-cosy
   OK name_true:mothers-day-heart-tea-cosy
   OK prerelease:mothers-day-heart-tea-cosy
   OK original_no_benchmark_consulted:mothers-day-heart-tea-cosy
   OK size_from_twin:mothers-day-heart-tea-cosy
   OK declared_class_is_effective:mothers-day-heart-tea-cosy
   OK brief_departures_written:mothers-day-heart-tea-cosy
   OK compiles_clean:snowfall-advent-garland
   OK certifies_or_waits_only_on_a_maker:snowfall-advent-garland
   OK name_true:snowfall-advent-garland
   OK prerelease:snowfall-advent-garland
   OK original_no_benchmark_consulted:snowfall-advent-garland
   OK size_from_twin:snowfall-advent-garland
   OK declared_class_is_effective:snowfall-advent-garland
   OK brief_departures_written:snowfall-advent-garland
   OK compiles_clean:heart-row-ring-pillow
   OK certifies_or_waits_only_on_a_maker:heart-row-ring-pillow
   OK name_true:heart-row-ring-pillow
   OK prerelease:heart-row-ring-pillow
   OK original_no_benchmark_consulted:heart-row-ring-pillow
   OK size_from_twin:heart-row-ring-pillow
   OK declared_class_is_effective:heart-row-ring-pillow
   OK brief_departures_written:heart-row-ring-pillow
   OK compiles_clean:housewarming-key-basket
   OK certifies_or_waits_only_on_a_maker:housewarming-key-basket
   OK name_true:housewarming-key-basket
   OK prerelease:housewarming-key-basket
   OK original_no_benchmark_consulted:housewarming-key-basket
   OK size_from_twin:housewarming-key-basket
   OK declared_class_is_effective:housewarming-key-basket
   OK brief_departures_written:housewarming-key-basket
   OK compiles_clean:spring-garden-kneeler
   OK certifies_or_waits_only_on_a_maker:spring-garden-kneeler
   OK name_true:spring-garden-kneeler
   OK prerelease:spring-garden-kneeler
   OK original_no_benchmark_consulted:spring-garden-kneeler
   OK size_from_twin:spring-garden-kneeler
   OK declared_class_is_effective:spring-garden-kneeler
   OK brief_departures_written:spring-garden-kneeler
   OK assembly_promise_backed:reading-nook-cable-wrap
   OK assembly_promise_backed:mothers-day-heart-tea-cosy
   OK assembly_promise_backed:snowfall-advent-garland
   OK assembly_promise_backed:heart-row-ring-pillow
   OK assembly_promise_backed:housewarming-key-basket
   OK assembly_promise_backed:spring-garden-kneeler
   OK cosy_worked_in_the_round_then_split
   OK wrap_has_real_cable_crossings
   OK garland_makes_24_mittens
   OK stuffing_is_in_the_materials:heart-row-ring-pillow
   OK stuffing_is_in_the_materials:spring-garden-kneeler
   OK tulip_trellis_in_library
   OK library_still_sound
   OK board_is_deterministic
   OK board_is_a_png
   OK same_motif_boards_differ
   OK no_board_reads_empty
   OK board_found_by_intake
   OK board_digest_bound
   OK registered_waiting
   OK regate_holds_it_at_needs_taste
   OK waits_only_on_vision_not_on_a_board
   OK nothing_judged_or_queued
   OK registered_on_board:reading-nook-cable-wrap
   OK registered_on_board:mothers-day-heart-tea-cosy
   OK registered_on_board:snowfall-advent-garland
   OK registered_on_board:heart-row-ring-pillow
   OK registered_on_board:housewarming-key-basket
   OK registered_on_board:spring-garden-kneeler
   OK design_and_product_pass:mothers-day-heart-tea-cosy
   OK design_and_product_pass:spring-garden-kneeler
   OK cosy_clears_product_truth
   OK pipe_stocking_kept
   OK class_c_waits_on_a_maker_not_a_rename
   OK test_w4_pipe2_candidates (0 failed)
== tests/test_w4_pipe_board.py
   OK proposal_certifies:diamond-lattice-dishcloth
   OK proposal_name_true:diamond-lattice-dishcloth
   OK proposal_prerelease_version:diamond-lattice-dishcloth
   OK proposal_certifies:basketweave-textured-washcloth
   OK proposal_name_true:basketweave-textured-washcloth
   OK proposal_prerelease_version:basketweave-textured-washcloth
   OK proposal_certifies:chevron-relief-scarf
   OK proposal_name_true:chevron-relief-scarf
   OK proposal_prerelease_version:chevron-relief-scarf
   OK proposal_certifies:heart-relief-table-runner
   OK proposal_name_true:heart-relief-table-runner
   OK proposal_prerelease_version:heart-relief-table-runner
   OK proposal_certifies:pumpkin-relief-table-runner
   OK proposal_name_true:pumpkin-relief-table-runner
   OK proposal_prerelease_version:pumpkin-relief-table-runner
   OK proposal_certifies:fir-star-relief-table-runner
   OK proposal_name_true:fir-star-relief-table-runner
   OK proposal_prerelease_version:fir-star-relief-table-runner
   OK proposal_certifies:basketweave-textured-hand-towel
   OK proposal_name_true:basketweave-textured-hand-towel
   OK proposal_prerelease_version:basketweave-textured-hand-towel
   OK false_fabric_name_refused
   OK publication_never_advanced
   OK no_stage_skipped
   OK several_stages_occupied
   OK proposals_reach_visual
   OK retired_concept_blocked_at_design
   OK uncalibrated_stitch_is_owner_gated
   OK every_creative_candidate_engineered
   OK pencil_roll_clears_product_truth
   OK pencil_roll_is_assembled
   OK flat_pencil_roll_fails_name_truth
   OK stocking_clears_product_truth
   OK stocking_assembles
   OK stocking_names_relief_not_colourwork
   OK legless_stocking_fails_name_truth
   OK intel_candidates_cite_finding
   OK answered_arena_not_repeated
   OK finding_proposal_reaches_visual
   OK cited_finding_missing_is_unknown
   OK no_intel_candidates_without_findings
   OK kitchen_bundle_ready
   OK pillow_front_only_fails_name_truth
   OK pillow_release_is_name_true
   OK pillow_only_owner_calibration_remains
   OK launch_scope_drafts_include_coasters
   OK handler_queues_only_cir_draft
   OK handler_queues_coasters
   OK handler_records_board
   OK handler_never_publishes
   OK unknown_reason_is_company
   OK taxonomy_is_external
   OK cloudline_product_truth
   OK garland_assembled:spooky-garland
   OK garland_assembled:valentine-heart-garland
   OK garland_without_cord_is_not_a_garland
   OK worked_on_join_backs_assembled_form
   OK loose_pieces_without_join_still_refused
   OK ornaments_now_true
   OK pet_mat_is_reserve
   OK reviewed_reserve_has_no_company_blocker
   OK reviewed_reserve_is_owner_gated
   OK unreviewed_reserve_stays_company
   OK reserve_without_render_authority_stays_company
   OK reviewed_reserve_needs_usable_imagery
   OK reserve_with_verified_imagery_needs_only_deploy
   OK reserve_without_usable_imagery_production_imagery_company
   OK reserve_unknown_area_is_company
   OK merge_chain_search_from_drafted_listing
   OK merge_chain_readiness_external_only
== tests/test_w4_pipe_launch_promotion.py
   OK cap_unchanged
   OK reserve_still_not_launched
   OK in_scope:nordic-star-ornaments
   OK title_is_the_cir_title:nordic-star-ornaments
   OK certifies:nordic-star-ornaments
   OK kind_is_a_cir_product_type:nordic-star-ornaments
   OK name_true:nordic-star-ornaments
   OK authoritative:nordic-star-ornaments
   OK frames_verify:nordic-star-ornaments
   OK render_set_usable:nordic-star-ornaments
   OK in_scope:winter-village-graphghan
   OK title_is_the_cir_title:winter-village-graphghan
   OK certifies:winter-village-graphghan
   OK kind_is_a_cir_product_type:winter-village-graphghan
   OK name_true:winter-village-graphghan
   OK authoritative:winter-village-graphghan
   OK frames_verify:winter-village-graphghan
   OK render_set_usable:winter-village-graphghan
== tests/test_w4_pipe_name_truth.py
   OK launch0_variant_name_true:cloudline-baby-blanket
   OK launch0_variant_name_true:hexagon-coaster-set
   OK launch0_variant_name_true:market-basket-large
   OK launch0_variant_name_true:market-basket-medium
   OK launch0_variant_name_true:market-basket-small
   OK launch0_variant_name_true:nordic-star-ornaments
   OK launch0_variant_name_true:winter-village-graphghan
   OK truthful_reserve_passes
   OK count_lie_refused
   OK fabric_lie_refused
   OK listing_copy_colourwork_refused
   OK listing_copy_truthful_passes
   OK verdict_truthful_has_no_name_reason
   OK verdict_lie_refused
   OK imagery_true_title_passes
   OK imagery_false_title_refused
   OK imagery_false_listing_refused
   OK listing_words_true:pressed-flower-motifs
   OK listing_words_true:winter-village-graphghan
   OK listing_words_true:nordic-star-ornaments
   OK listing_words_true:autumn-oak-mosaic-throw
   OK listing_words_true:cottage-wall-hanging
   OK untouched_listing_words_kept
== tests/test_w4_proddiag.py
   OK test_read_failed_carries_status_and_probe_records_it
   OK test_auth_refused_reads_legacy_reason_text_and_ignores_other_failures
   OK test_scan_does_not_knock_after_a_refused_probe
   OK test_scan_refused_mid_run_is_reported_not_raised
   OK test_transient_failures_still_raise_for_the_job_retry
   OK test_scan_resumes_once_a_probe_succeeds
   OK test_mjs_scan_handler_completes_with_the_refusal_named
   7/7 passed
== tests/test_w4_render_assembled.py
   OK stocking_front_pieces_drawn
   OK stocking_back_layer_hidden_as_mirror
   OK stocking_nothing_left_undrawn
   OK stocking_cuff_ring_shows_front_rows_only
   OK stocking_loop_ends_joined_by_structure
   OK stocking_loop_lies_flat_at_half_its_chain
   OK stocking_loop_on_cuff_top_at_back_seam
   OK stocking_no_join_note_folds_unstructured
   OK assembled_frame_is_disclosed_and_versioned
   OK stocking_hero_assembled_is_measured_and_passes
   OK stocking_scale_assembled_is_measured_and_passes
   OK stocking_body_detail_verifies
   OK stocking_hero_carries_disclosure
   OK stocking_mismatched_back_layer_refused
   OK cosy_skirts_hang_from_held_stitches
   OK cosy_opening_down_from_certified_title
   OK cosy_crown_detail_verifies
   OK vessel_orientation_not_guessed_without_title
   OK garland_without_threaded_cord_refused
   OK pencil_roll_pocket_fold_from_self_seams
   OK pencil_roll_height_is_rows_above_the_fold
   OK pencil_roll_holds_a_pencil_above_the_fold
   OK pencil_roll_band_placed_by_its_seam
   OK pencil_roll_band_lies_flat_at_half_its_length
   OK pencil_roll_band_above_the_pocket_as_its_note_says
   OK pencil_roll_flat_footprint_compact
   OK pencil_roll_palette_clears_contract_separation
   OK odd_row_band_not_drawn_flat
   OK join_off_the_plane_refused
   OK construction_applies_first-christmas-stocking
   OK construction_every_piece_first-christmas-stocking
   OK construction_verifies_first-christmas-stocking
   OK construction_layout_qa_first-christmas-stocking
   OK construction_tampered_facts_fail_first-christmas-stocking
   OK construction_applies_teacher-chevron-pencil-roll
   OK construction_every_piece_teacher-chevron-pencil-roll
   OK construction_verifies_teacher-chevron-pencil-roll
   OK construction_layout_qa_teacher-chevron-pencil-roll
   OK construction_tampered_facts_fail_teacher-chevron-pencil-roll
   OK construction_applies_mothers-day-heart-tea-cosy
   OK construction_every_piece_mothers-day-heart-tea-cosy
   OK construction_verifies_mothers-day-heart-tea-cosy
   OK construction_layout_qa_mothers-day-heart-tea-cosy
   OK construction_tampered_facts_fail_mothers-day-heart-tea-cosy
   OK construction_applies_snowfall-advent-garland
   OK construction_every_piece_snowfall-advent-garland
   OK construction_verifies_snowfall-advent-garland
   OK construction_layout_qa_snowfall-advent-garland
   OK construction_tampered_facts_fail_snowfall-advent-garland
   OK single_piece_construction_unchanged
   ALL PASSED
== tests/test_w4_render_corners.py
   OK known_good_round_magic_ring_basket_is_a_circle
   OK staggered_disc_reads_circle
   OK stacked_disc_still_reads_hexagon
   OK known_bad_mixed_shape_still_refused
   OK renderer_draws_the_round_basket
   OK renderer_refuses_mixed_shape
   OK round_basket_hero_verifies
   OK round_basket_scale_verifies
   OK round_basket_detail_verifies
   OK round_basket_angle_verifies
   OK recoloured_wall_round_fails
   ALL PASSED
== tests/test_w4_seo_packages.py
   OK certified_branch_with_fixture_taxonomy_and_staleness
   OK listing_seo_persists_a_package_the_consumer_reads
   OK mjs_findings_flow_into_the_package
   OK packages_make_the_seo_search_cell_measurable
   OK search_evidence_consumes_the_package
   OK stats_arrival_updates_the_package_through_the_seo_cycle
== tests/test_w4_spend_attribution.py
      cad/listing 4.5 shared 10.0
   OK   test_spend_to_progress_divides_product_spend_by_new_milestones_and_names_waste
   OK   test_no_progress_is_no_ratio_rather_than_zero
   OK   test_cost_per_usable_gallery_includes_judging_and_unknown_judging_is_a_floor
   OK   test_judging_cost_is_read_from_the_ledger_and_unknown_without_a_sequence
   OK   test_observation_cadence_is_its_own_forecast_term_and_not_counted_twice
   
   PASS: 0 failing
== tests/test_w4_spend_paid_discipline.py
      12 deterministic questions refused before any provider
   OK   test_every_deterministic_question_names_code_that_exists_and_never_reaches_a_provider
   OK   test_every_prompt_and_task_has_a_closed_schema_and_a_sized_output_budget
   OK   test_truncated_output_is_rejected_and_billed_not_passed_on
   OK   test_a_cheaper_route_needs_recorded_equivalence_and_a_regression_reverses_it
   OK   test_an_unsure_cheap_answer_is_asked_once_more_one_tier_up_and_a_sure_one_is_not
   OK   test_an_escalation_the_ceiling_refuses_returns_the_answer_marked_unsure
   OK   test_a_batch_isolates_each_item_and_stops_whole_at_the_ceiling
   OK   test_a_second_worker_does_not_pay_to_rediscover_an_outage_the_first_recorded
   OK   test_a_paid_call_naming_no_question_is_refused_and_recorded
      19 reserving call sites, each names its question
   OK   test_every_production_reserving_call_site_names_its_question
   OK   test_a_floor_that_never_passes_stops_every_paid_call_for_that_method_until_it_changes
   OK   test_gallery_vision_feeds_the_breaker_and_reports_pending_before
   OK   test_a_paid_backlog_that_does_not_fall_is_a_financial_integrity_incident
   
   PASS: 0 failing
== tests/test_w4_spenda_k5a.py
   OK   test_every_billed_row_carries_listing_images_observed_and_evidence_beside_it
   OK   test_an_observed_cost_must_name_its_source_and_the_governor_reads_the_sidecar
   OK   test_provider_cost_reports_parse_in_cents_and_per_day
   OK   test_without_an_admin_key_billing_is_owner_gated_and_nothing_is_fetched
   OK   test_settlement_against_the_provider_bill_writes_observed_and_opens_an_incident
   OK   test_a_bucket_of_several_calls_is_settled_without_inventing_per_call_actuals
   OK   test_the_governor_pass_records_the_settlement_state
   OK   test_each_purchased_benchmark_reports_what_it_taught_and_unknown_price_is_not_zero
   OK   test_the_selection_the_owner_reads_carries_the_post_purchase_value
   OK   test_spend_to_progress_names_cost_per_milestone_and_spend_that_advanced_nothing
   OK   test_cost_per_usable_gallery_includes_judging_and_unknown_judging_is_a_floor
   OK   test_judging_cost_is_read_from_the_ledger_and_unknown_without_a_sequence
   OK   test_observation_cadence_is_its_own_forecast_term_and_not_counted_twice
   OK   test_credits_are_kept_apart_from_cash_and_never_raise_a_ceiling
   OK   test_the_f304_dimensions_are_columns_on_the_ledger_row_too
   OK   test_a_database_made_before_the_columns_upgrades_additively
   OK   test_every_evidence_reuse_path_keys_through_one_helper_with_unchanged_keys
   
   PASS: 0 failing
== tests/test_w4_store_live_state.py
   OK   test_owner_configured_fields_are_the_ones_the_owner_set
   OK   test_nothing_read_is_unknown_never_a_match
   OK   test_live_owner_title_is_authoritative_and_the_draft_is_the_stale_side
   OK   test_a_live_owner_field_blank_and_a_long_title_are_reported_not_fixed
   OK   test_owner_observation_evidences_about_and_laura_and_flags_compliance
   OK   test_observations_that_are_not_evidence_are_refused
   OK   test_a_stale_reading_is_marked_stale
   OK   test_owner_fields_are_never_in_the_update_shop_payload_and_guard_refuses
   OK   test_the_etsy_client_has_no_update_shop_write
   OK   test_content_model_reports_entered_on_etsy_from_live_evidence
   OK   test_live_drift_job_stores_report_and_handles_blank_owner_field_incident
   OK   test_store_readiness_register_is_complete_and_honest
   
   12 passed, 0 failed
== tests/test_w4_verify_pockets.py
   OK   test_a_closed_band_drawn_unfolded_fails 3.8s
   OK   test_a_detail_with_extra_rounds_fails 1.8s
   OK   test_a_loop_drawn_at_full_length_fails_the_scale 2.5s
   OK   test_a_missing_pocket_fails_the_hero 4.9s
   OK   test_a_recoloured_stitch_fails_the_pocket_frame 3.0s
   OK   test_closed_bands_pass_flat_on_planar_frames 11.6s
   OK   test_garland_frames_pass_on_the_pocket_model 9.5s
   7/7 passing
== tests/test_w4_visual2.py
   OK   test_a_generated_frame_carries_a_stitch_scale_reading_and_a_wrong_scale_fails 0.9s
   OK   test_a_recoloured_stitch_on_the_diagonal_fails_and_square_pieces_stay_upright 5.9s
   OK   test_assembled_frames_are_measured_good_passes_and_bad_fails 27.7s
   OK   test_contents_frame_is_the_certified_pdf_and_verifies_only_on_it 8.0s
   OK   test_contents_is_certified_through_the_supplement_path_with_the_preview_label 3.8s
   OK   test_gallery_applicability_is_measured_not_assumed 0.9s
   OK   test_sizes_and_colours_come_from_the_certified_cir 0.0s
   OK   test_the_runner_is_drawn_on_the_diagonal_verified_and_legible_without_moving_the_gate 10.7s
   8/8 passing
== tests/test_w4_visual_angle.py
   OK   test_angle_view_verifies_for_every_basket_size 6.8s
   OK   test_angle_is_refused_for_flat_and_plan_products 1.5s
   OK   test_camera_angle_is_measured_not_trusted 4.7s
   OK   test_recoloured_round_fails_the_angle_view 3.4s
   OK   test_basket_listing_covers_angle_and_others_do_not_claim_it 51.7s
   5/5 passing
== tests/test_w4_visual_boards.py
   OK   test_every_catalogue_design_gets_its_own_board 26.8s
   OK   test_drawable_designs_use_their_verified_hero 2.5s
   OK   test_a_concept_without_a_cir_still_gets_its_prototype 0.4s
   3/3 passing
== tests/test_w4_visual_certified_gallery.py
   OK   test_a_basket_sibling_released_under_its_own_slug_gets_its_own_frames_without_sizing 11.3s
   OK   test_catalogue_products_get_a_render_authority_and_verified_gallery_frames 7.7s
   OK   test_every_launch0_primary_is_offered_its_verified_applicable_jobs 12.4s
   OK   test_relief_tone_clears_separation_without_moving_launch0_palettes 0.0s
   OK   test_supplement_readings_add_to_the_gates_and_never_replace_them 0.0s
   OK   test_tampered_bytes_another_version_or_a_non_primary_slug_never_verify 1.3s
   OK   test_the_certificate_takes_supplements_only_in_order_with_readings_and_distinct_jobs 0.0s
   7/7 passing
== tests/test_w4_visual_gallery_frames.py
   OK   test_every_drawable_job_verifies_on_launch0 4.1s
   OK   test_rendering_is_deterministic 0.5s
   OK   test_colour_shares_are_counted_two_ways_and_agree 0.1s
   OK   test_a_lettered_claim_the_cir_does_not_make_fails 0.6s
   OK   test_a_manifest_overstating_the_facts_fails 0.5s
   OK   test_a_frame_for_another_design_fails 0.6s
   OK   test_unstated_yardage_is_left_off_not_estimated 0.0s
   OK   test_lifestyle_and_fit_are_never_drawn 0.0s
   OK   test_launch_imagery_ledger_and_registration 12.6s
   OK   test_refresh_registers_once_and_skips_an_unchanged_listing 7.3s
   10/10 passing
== tests/test_waiter.py
   OK   test_a_completion_records_its_duration_once_per_run_from_the_jobs_own_stamps
   OK   test_a_duplicate_lease_left_by_a_dead_waiter_is_detected_and_taken_over
   OK   test_a_quick_acknowledgement_is_recorded_but_is_not_an_incident
   OK   test_a_second_wait_for_the_same_job_attaches_instead_of_starting_a_second_waiter
   OK   test_acknowledging_a_lane_accounts_its_idle_wall_clock_and_flags_a_reliability_incident
   OK   test_an_unenrolled_job_is_not_waited_on
   OK   test_at_the_observer_cap_no_new_waiter_is_started
   OK   test_the_waiter_never_spawns_a_process
   OK   test_the_wall_time_bound_stops_observing_and_returns_the_registry_diagnosis
   OK   test_the_watchdog_needs_history_then_fires_at_three_times_the_rolling_median
   OK   test_when_the_watchdog_fires_the_waiter_verifies_authoritative_state_before_waiting_on
== tests/test_war_room.py
   OK   test_an_empty_database_reports_every_absent_field_with_its_reason
   OK   test_the_forecast_minimum_boundary
   OK   test_top_actions_rank_by_expected_contribution_and_stop_at_five
   OK   test_winner_alerts_need_the_minimum_and_name_the_disproportionate_product
== tests/test_web_security.py
   /home/user/Project-Money/brambleloop/.venv/lib/python3.11/site-packages/fastapi/testclient.py:1: StarletteDeprecationWarning: Using `httpx` with `starlette.testclient` is deprecated; install `httpx2` instead.
     from starlette.testclient import TestClient as TestClient  # noqa
   /home/user/Project-Money/.claude/worktrees/visual-investigation/brambleloop/tests/test_web_security.py:120: SAWarning: Column 'job_checkpoints.job_id' is marked as a member of the primary key for table 'job_checkpoints', but has no Python-side or server-side default generator indicated, nor does it indicate 'autoincrement=True' or 'nullable=True', and no explicit value is passed.  Primary key columns typically may not store NULL. Note that as of SQLAlchemy 1.1, 'autoincrement=True' must be indicated explicitly for composite (e.g. multicolumn) primary keys if AUTO_INCREMENT/SERIAL/IDENTITY behavior is expected for one of the columns in the primary key. CREATE TABLE statements are impacted by this change as well on most backends.
     s.execute(insert(table).values(**row))
   OK   test_every_html_route_escapes_hostile_database_content
   OK   test_the_dashboard_escapes_an_exception_message_from_a_failing_block
   OK   test_the_oauth_callback_page_escapes_reflected_parameters
   OK   test_esc_and_markup
   OK   test_every_response_carries_the_security_headers
   OK   test_no_html_route_carries_an_inline_script_or_handler
   OK   test_the_teardown_page_never_persists_the_operator_token
   OK   test_garbage_as_of_is_refused_before_anything_is_queued
   OK   test_a_non_ascii_authorization_header_is_a_refusal_not_a_500
   health: database unreachable: RuntimeError: connection to server at "10.1.2.3", port 5432 failed: password=SUPERSECRETPW timeout expired
   OK   test_health_does_not_disclose_the_database_address
   OK   test_recording_the_same_buyer_message_twice_is_one_case
   11/11 passed in 170s
   tables that refused the hostile row: {'job_checkpoints': 'IntegrityError: (sqlite3.IntegrityError) NOT NULL constraint failed: job_checkpoints.job_id\n[SQL: INSERT INTO job_checkpoints ("key", st'}
== tests/test_weekly.py
   OK   test_a_cycle_missing_a_domain_is_not_complete
   OK   test_a_department_may_not_revise_its_own_success_measure
   OK   test_a_department_proposing_its_own_retirement_is_allowed
   OK   test_a_domain_audited_twice_is_refused
   OK   test_a_domain_with_nothing_read_is_not_audited
   OK   test_a_full_cycle_is_complete_even_with_no_findings
   OK   test_a_judging_role_may_not_propose_an_architecture_change
   OK   test_a_proposing_role_may_revise_another_departments_metric
   OK   test_a_revision_argued_from_the_number_being_unflattering_is_refused
   OK   test_a_revision_must_name_the_metric_it_replaces
   OK   test_a_revision_to_the_same_metric_is_refused
   OK   test_a_revision_with_no_new_metric_is_refused
   OK   test_a_valid_revision_preserves_the_old_metrics_history
   OK   test_a_week_that_only_added_is_asked_why
   OK   test_a_week_that_only_added_may_answer_and_is_not_blocked
   OK   test_a_week_that_subtracted_is_not_asked_anything
   OK   test_adding_a_specialist_for_something_a_department_already_owns_is_refused
   OK   test_an_architecture_change_needs_an_arguable_reason
   OK   test_an_invented_domain_is_refused
   OK   test_an_item_carried_four_weeks_is_a_decision_nobody_is_making
   OK   test_every_domain_the_requirement_names_is_present
   OK   test_findings_from_nothing_read_are_refused
   OK   test_merging_or_retiring_something_that_is_not_a_department_is_refused
   OK   test_state_names_what_it_builds_on_and_what_it_refuses
   OK   test_the_cycle_enforces_the_proposer_check_rather_than_trusting_the_caller
   OK   test_the_roadmap_carries_the_cycles_completeness_forward
   OK   test_three_of_the_four_moves_are_not_additions
== tests/test_yarn.py
   OK   test_every_vertex_traces_back_to_a_counted_stitch
   OK   test_loop_targeting_leaves_genuinely_free_strands
   OK   test_relaxation_preserves_the_strand_and_its_provenance
   OK   test_tension_drifts_across_the_panel_rather_than_per_stitch
   OK   test_the_curve_file_is_written_in_the_renderers_format
   OK   test_the_yarn_is_one_continuous_strand
   OK   test_the_yarn_radius_comes_from_the_gauge
   
   PASS: 0 failing

TOTAL PASSING: 7813 ; suites failing: 0
TMP LEAKED: 0 entries, 0 bytes across 0 suites (removed; TMPDIR was /tmp/brambleloop-run-lzZuDnG4)
RUN FINISHED: 2026-10-10T08:01:30Z
DURATION: 5645s
GIT SHA: 3967f405ef73c0d2b069a1f45a17cb71f31467aa (tree clean at start)
RUN RECORD: artifacts/suite_runs/20261010T062725Z-14513.json (passed)
EXIT 0
